用户,菜品,评分,年龄,性别,口味偏好_辣,口味偏好_甜,口味偏好_酸,口味偏好_清淡,饮食习惯,消费能力,菜品类型,口味_辣,口味_甜,口味_酸,口味_清淡,主要食材,价格,健康程度
1103,8,2.79,23-27,男,0.79,0.32,0.04,0.92,荤素搭配,中,小吃,0.05,0.11,0.52,0.76,猪肉,9,健康
1436,14,3.82,18-22,女,0.22,0.88,0.09,0.44,无特殊要求,高,小吃,0.62,0.29,0.92,0.78,蔬菜,11,健康
1349,7,5.0,18-22,女,0.4,0.28,0.48,0.47,荤素搭配,低,汤,0.05,0.71,0.58,0.2,面食,12,不健康
1271,7,3.16,23-27,男,0.29,0.08,0.01,0.43,素食,高,汤,0.05,0.71,0.58,0.2,面食,12,不健康
1107,1,3.17,28-35,女,0.46,0.72,0.88,0.32,素食,低,主食,0.71,0.15,0.46,0.04,面食,15,健康
1072,17,2.01,23-27,男,0.29,0.42,0.79,0.55,荤素搭配,低,汤,0.19,0.85,0.7,0.09,猪肉,13,一般
1189,9,5.0,23-27,男,0.91,0.4,0.85,0.31,素食,高,小吃,0.33,0.38,0.93,0.21,蔬菜,12,不健康
1021,13,5.0,18-22,女,0.34,0.44,0.71,0.59,无特殊要求,中,汤,0.7,0.31,0.87,0.34,蔬菜,13,一般
1103,19,3.18,23-27,男,0.79,0.32,0.04,0.92,荤素搭配,中,小吃,0.74,0.34,0.36,0.51,鸡肉,18,不健康
1122,19,5.0,23-27,女,0.42,0.77,0.93,0.26,荤素搭配,中,小吃,0.74,0.34,0.36,0.51,鸡肉,18,不健康
1467,17,3.78,28-35,女,0.46,0.18,0.54,0.95,素食,高,汤,0.19,0.85,0.7,0.09,猪肉,19,一般
1215,10,4.91,18-22,男,0.65,0.13,0.43,0.33,荤素搭配,高,炒菜,0.1,0.34,0.75,0.63,牛肉,19,不健康
1331,10,2.47,23-27,男,0.0,0.39,0.19,0.19,素食,低,炒菜,0.1,0.34,0.75,0.63,面食,13,不健康
1459,4,2.82,23-27,男,0.83,0.43,0.64,0.95,无特殊要求,高,主食,0.37,0.27,0.39,0.16,牛肉,19,健康
1088,8,3.64,23-27,男,0.56,0.29,0.82,0.12,无特殊要求,低,小吃,0.05,0.11,0.52,0.76,猪肉,9,健康
1373,20,5.0,23-27,女,0.29,0.15,0.84,0.94,无特殊要求,低,主食,0.36,0.78,0.97,0.58,面食,5,不健康
1100,20,5.0,18-22,男,0.81,0.38,0.79,0.35,无特殊要求,低,主食,0.36,0.78,0.97,0.58,面食,5,不健康
1360,18,1.56,28-35,女,0.48,0.35,0.41,0.17,素食,低,汤,0.12,0.72,0.07,0.92,面食,12,不健康
1152,14,5.0,23-27,女,0.35,0.19,0.16,0.24,荤素搭配,中,小吃,0.62,0.29,0.92,0.78,猪肉,11,健康
1131,18,2.84,28-35,女,0.29,0.13,0.1,0.71,素食,高,汤,0.12,0.72,0.07,0.92,蔬菜,12,不健康
1150,14,2.57,23-27,男,0.99,0.3,0.11,0.73,素食,低,小吃,0.62,0.29,0.92,0.78,面食,11,健康
1309,20,3.85,18-22,女,0.24,0.83,0.61,0.91,荤素搭配,中,主食,0.36,0.78,0.97,0.58,面食,5,不健康
1258,15,2.5,18-22,男,0.97,0.17,0.9,0.33,无特殊要求,高,炒菜,0.24,0.95,0.36,0.65,蔬菜,10,一般
1344,4,5.0,28-35,女,0.1,0.8,0.92,0.76,素食,高,主食,0.37,0.27,0.39,0.16,牛肉,19,健康
1492,13,2.23,28-35,男,0.43,0.39,0.84,0.22,素食,高,汤,0.7,0.31,0.87,0.34,蔬菜,13,一般
1414,8,2.94,23-27,女,0.22,0.33,0.96,0.52,荤素搭配,中,小吃,0.05,0.11,0.52,0.76,猪肉,9,健康
1294,18,4.83,28-35,男,0.9,0.31,0.57,0.5,素食,低,汤,0.12,0.72,0.07,0.92,面食,12,不健康
1386,12,2.81,18-22,男,0.75,0.18,0.37,0.03,无特殊要求,中,小吃,0.74,0.02,0.65,0.21,猪肉,11,一般
1192,14,4.01,18-22,男,0.32,0.39,0.62,0.16,无特殊要求,高,小吃,0.62,0.29,0.92,0.78,蔬菜,11,健康
1444,2,3.28,23-27,男,0.73,0.18,0.51,0.09,无特殊要求,高,主食,0.02,0.44,0.25,0.68,猪肉,18,健康
1277,18,3.98,23-27,男,0.68,0.35,0.31,0.68,荤素搭配,中,汤,0.12,0.72,0.07,0.92,猪肉,12,不健康
1161,2,3.59,28-35,女,0.21,0.31,0.97,0.29,素食,高,主食,0.02,0.44,0.25,0.68,猪肉,18,健康
1460,11,5.0,28-35,女,0.41,0.43,0.64,0.18,素食,低,汤,0.42,0.96,0.73,0.06,面食,6,健康
1314,9,5.0,23-27,女,0.29,0.17,0.76,0.99,无特殊要求,中,小吃,0.33,0.38,0.93,0.21,蔬菜,12,不健康
1022,12,4.73,18-22,女,0.32,0.55,0.73,0.04,无特殊要求,高,小吃,0.74,0.02,0.65,0.21,蔬菜,11,一般
1253,17,2.99,18-22,男,0.44,0.49,0.68,0.1,无特殊要求,中,汤,0.19,0.85,0.7,0.09,猪肉,19,一般
1236,15,1.5,18-22,男,0.01,0.13,0.25,0.43,荤素搭配,低,炒菜,0.24,0.95,0.36,0.65,面食,7,一般
1345,17,2.54,23-27,女,0.14,0.22,0.26,0.21,荤素搭配,高,汤,0.19,0.85,0.7,0.09,猪肉,19,一般
1049,18,3.02,28-35,男,0.55,0.15,0.45,0.88,素食,低,汤,0.12,0.72,0.07,0.92,蔬菜,12,不健康
1475,6,3.31,23-27,男,0.77,0.26,0.63,0.39,荤素搭配,中,炒菜,0.45,0.52,0.52,0.69,面食,7,不健康
1059,17,2.81,23-27,女,0.07,0.3,0.55,0.22,无特殊要求,低,汤,0.19,0.85,0.7,0.09,猪肉,13,一般
1170,18,4.75,28-35,女,0.0,0.72,0.11,0.24,素食,低,汤,0.12,0.72,0.07,0.92,猪肉,12,不健康
1476,8,1.41,18-22,女,0.08,0.97,0.17,0.22,无特殊要求,低,小吃,0.05,0.11,0.52,0.76,蔬菜,9,健康
1188,9,3.53,23-27,男,0.85,0.04,0.95,0.51,荤素搭配,低,小吃,0.33,0.38,0.93,0.21,蔬菜,12,不健康
1464,6,4.82,28-35,男,0.28,0.09,0.29,0.19,素食,低,炒菜,0.45,0.52,0.52,0.69,面食,7,不健康
1271,5,2.38,23-27,男,0.29,0.08,0.01,0.43,素食,高,汤,0.1,0.52,0.72,0.7,蔬菜,14,一般
1190,12,3.64,23-27,女,0.2,0.55,0.45,0.88,素食,低,小吃,0.74,0.02,0.65,0.21,蔬菜,11,一般
1446,11,2.52,28-35,女,0.01,0.46,0.02,0.91,素食,高,汤,0.42,0.96,0.73,0.06,牛肉,13,健康
1175,1,2.78,18-22,女,0.42,0.7,0.76,0.78,荤素搭配,中,主食,0.71,0.15,0.46,0.04,鸡肉,15,健康
1446,11,5.0,28-35,女,0.01,0.46,0.02,0.91,素食,高,汤,0.42,0.96,0.73,0.06,牛肉,10,健康
1051,19,3.81,28-35,女,0.46,0.51,0.4,0.12,素食,低,小吃,0.74,0.34,0.36,0.51,面食,12,不健康
1364,9,2.06,18-22,女,0.19,0.27,0.6,0.67,荤素搭配,中,小吃,0.33,0.38,0.93,0.21,蔬菜,12,不健康
1055,2,2.54,23-27,女,0.34,0.83,0.37,0.1,荤素搭配,低,主食,0.02,0.44,0.25,0.68,猪肉,5,健康
1244,12,1.78,23-27,男,0.11,0.28,0.89,0.55,荤素搭配,低,小吃,0.74,0.02,0.65,0.21,猪肉,11,一般
1320,4,3.37,18-22,男,0.06,0.11,0.21,0.39,荤素搭配,中,主食,0.37,0.27,0.39,0.16,蔬菜,19,健康
1131,4,2.47,28-35,女,0.25,0.13,0.1,0.71,素食,高,主食,0.37,0.27,0.39,0.16,面食,19,健康
1485,18,5.0,23-27,男,0.09,0.11,0.73,0.94,素食,高,汤,0.12,0.72,0.07,0.92,蔬菜,12,不健康
1307,15,5.0,18-22,女,0.05,0.89,0.56,0.25,无特殊要求,低,炒菜,0.24,0.95,0.36,0.65,蔬菜,7,一般
1135,19,5.0,23-27,男,0.98,0.07,0.16,0.01,无特殊要求,低,小吃,0.74,0.34,0.36,0.51,鸡肉,7,不健康
1021,13,5.0,18-22,女,0.34,0.44,0.71,0.59,无特殊要求,中,汤,0.7,0.31,0.87,0.34,蔬菜,13,一般
1329,19,5.0,18-22,男,0.6,0.05,0.84,0.65,荤素搭配,高,小吃,0.74,0.34,0.36,0.51,面食,18,不健康
1167,17,4.87,23-27,男,0.4,0.33,0.62,0.83,素食,低,汤,0.19,0.85,0.7,0.09,蔬菜,12,一般
1274,6,5.0,28-35,男,0.38,0.09,0.59,0.34,素食,中,炒菜,0.45,0.52,0.52,0.69,面食,7,不健康
1388,16,3.54,23-27,女,0.22,0.37,0.87,0.21,荤素搭配,中,小吃,0.74,0.02,0.96,0.34,牛肉,11,一般
1089,12,1.98,18-22,女,0.12,0.41,0.25,0.87,无特殊要求,高,小吃,0.74,0.02,0.65,0.21,猪肉,11,一般
1316,19,1.87,18-22,女,0.14,0.55,0.61,0.71,无特殊要求,中,小吃,0.74,0.34,0.36,0.51,面食,18,不健康
1014,5,4.81,23-27,男,0.27,0.27,0.3,0.61,荤素搭配,高,汤,0.1,0.52,0.72,0.7,牛肉,14,一般
1242,17,5.0,23-27,男,0.88,0.04,0.99,0.66,素食,低,汤,0.19,0.85,0.7,0.09,面食,6,一般
1265,1,3.36,23-27,女,0.1,0.78,0.37,0.04,无特殊要求,中,主食,0.71,0.15,0.46,0.04,鸡肉,15,健康
1346,10,5.0,28-35,男,0.77,0.3,0.72,0.88,素食,高,炒菜,0.1,0.34,0.75,0.63,面食,19,不健康
1053,15,5.0,28-35,男,0.31,0.4,0.38,0.76,素食,低,炒菜,0.24,0.95,0.36,0.65,鸡肉,7,一般
1386,11,5.0,18-22,男,0.75,0.18,0.37,0.03,无特殊要求,中,汤,0.42,0.96,0.73,0.06,牛肉,6,健康
1340,13,3.67,28-35,男,0.9,0.39,0.78,0.72,素食,高,汤,0.7,0.31,0.87,0.34,蔬菜,13,一般
1092,5,2.85,18-22,男,0.44,0.09,0.29,0.78,荤素搭配,高,汤,0.1,0.52,0.72,0.7,牛肉,14,一般
1367,1,1.19,28-35,女,0.09,0.58,0.05,0.34,素食,低,主食,0.71,0.15,0.46,0.04,鸡肉,15,健康
1444,12,1.89,23-27,男,0.73,0.18,0.51,0.09,无特殊要求,高,小吃,0.74,0.02,0.65,0.21,猪肉,11,一般
1455,11,3.82,28-35,女,0.17,0.55,0.0,0.04,素食,高,汤,0.42,0.96,0.73,0.06,牛肉,18,健康
1428,17,3.86,18-22,男,0.5,0.39,0.61,0.06,荤素搭配,中,汤,0.19,0.85,0.7,0.09,猪肉,19,一般
1264,4,3.85,28-35,男,0.82,0.06,0.41,0.76,素食,低,主食,0.37,0.27,0.39,0.16,牛肉,7,健康
1431,15,4.3,28-35,男,0.52,0.32,0.8,0.45,素食,低,炒菜,0.24,0.95,0.36,0.65,鸡肉,7,一般
1035,9,5.0,23-27,女,0.22,0.36,0.95,0.95,素食,中,小吃,0.33,0.38,0.93,0.21,蔬菜,12,不健康
1206,20,5.0,18-22,男,0.57,0.45,0.31,0.5,荤素搭配,中,主食,0.36,0.78,0.97,0.58,面食,5,不健康
1081,19,2.56,28-35,男,0.84,0.31,0.69,0.97,素食,中,小吃,0.74,0.34,0.36,0.51,鸡肉,18,不健康
1420,19,2.6,28-35,男,0.49,0.11,0.08,0.34,素食,低,小吃,0.74,0.34,0.36,0.51,鸡肉,12,不健康
1050,12,2.75,18-22,男,0.42,0.49,0.59,0.19,荤素搭配,低,小吃,0.74,0.02,0.65,0.21,面食,11,一般
1360,5,4.7,28-35,女,0.13,0.35,0.41,0.17,素食,低,汤,0.1,0.52,0.72,0.7,面食,14,一般
1388,10,5.0,23-27,女,0.29,0.37,0.87,0.21,荤素搭配,中,炒菜,0.1,0.34,0.75,0.63,牛肉,19,不健康
1002,17,3.8,18-22,女,0.05,0.66,0.04,0.84,无特殊要求,高,汤,0.19,0.85,0.7,0.09,猪肉,19,一般
1390,5,4.29,18-22,男,0.61,0.09,0.55,0.63,无特殊要求,中,汤,0.1,0.52,0.72,0.7,牛肉,14,一般
1054,16,4.98,28-35,女,0.02,0.7,0.26,0.94,素食,低,小吃,0.74,0.02,0.96,0.34,牛肉,11,一般
1106,7,2.7,23-27,男,0.49,0.34,0.42,0.93,荤素搭配,高,汤,0.05,0.71,0.58,0.2,面食,12,不健康
1260,9,3.45,18-22,男,0.93,0.09,0.11,0.03,荤素搭配,高,小吃,0.33,0.38,0.93,0.21,蔬菜,12,不健康
1310,3,2.31,18-22,男,0.23,0.12,0.01,0.51,无特殊要求,高,小吃,0.72,0.9,0.76,0.05,蔬菜,19,不健康
1477,15,4.75,28-35,女,0.2,0.09,0.44,0.58,素食,低,炒菜,0.24,0.95,0.36,0.65,面食,7,一般
1191,16,2.83,23-27,男,0.1,0.26,0.75,0.09,素食,中,小吃,0.74,0.02,0.96,0.34,面食,11,一般
1402,18,2.29,23-27,女,0.35,0.3,0.06,0.0,荤素搭配,中,汤,0.12,0.72,0.07,0.92,猪肉,12,不健康
1218,14,3.12,23-27,女,0.36,0.19,0.55,0.02,无特殊要求,低,小吃,0.62,0.29,0.92,0.78,猪肉,11,健康
1044,3,4.14,28-35,女,0.2,0.43,0.76,0.61,素食,中,小吃,0.72,0.9,0.76,0.05,蔬菜,19,不健康
1162,12,2.29,18-22,女,0.35,0.88,0.76,0.56,无特殊要求,高,小吃,0.74,0.02,0.65,0.21,面食,11,一般
1202,9,5.0,18-22,女,0.33,0.89,0.85,0.21,荤素搭配,中,小吃,0.33,0.38,0.93,0.21,蔬菜,12,不健康
1446,7,2.52,28-35,女,0.01,0.46,0.02,0.91,素食,高,汤,0.05,0.71,0.58,0.2,面食,12,不健康
1484,9,2.72,28-35,女,0.07,0.95,0.28,0.38,素食,低,小吃,0.33,0.38,0.93,0.21,蔬菜,12,不健康
1270,13,3.31,18-22,女,0.42,0.29,0.77,0.76,无特殊要求,高,汤,0.7,0.31,0.87,0.34,蔬菜,13,一般
1351,18,2.05,18-22,男,0.9,0.45,0.89,0.27,荤素搭配,低,汤,0.12,0.72,0.07,0.92,猪肉,12,不健康
1304,5,4.96,23-27,女,0.37,0.98,0.43,0.15,荤素搭配,高,汤,0.1,0.52,0.72,0.7,牛肉,14,一般
1271,13,3.38,23-27,男,0.29,0.08,0.01,0.43,素食,高,汤,0.7,0.31,0.87,0.34,蔬菜,13,一般
1456,4,1.27,28-35,女,0.2,0.19,0.25,0.3,素食,中,主食,0.37,0.27,0.39,0.16,牛肉,19,健康
1462,2,2.62,18-22,女,0.41,1.0,0.58,0.04,无特殊要求,高,主食,0.02,0.44,0.25,0.68,猪肉,18,健康
1215,16,2.02,18-22,男,0.65,0.35,0.43,0.33,荤素搭配,高,小吃,0.74,0.02,0.96,0.34,牛肉,11,一般
1252,9,2.59,28-35,女,0.37,0.99,0.98,0.64,素食,低,小吃,0.33,0.38,0.93,0.21,蔬菜,12,不健康
1190,9,1.88,23-27,女,0.2,0.55,0.45,0.88,素食,低,小吃,0.33,0.38,0.93,0.21,蔬菜,12,不健康
1296,6,5.0,18-22,男,0.45,0.15,0.26,0.68,无特殊要求,中,炒菜,0.45,0.52,0.52,0.69,面食,7,不健康
1213,11,5.0,18-22,女,0.15,0.81,0.44,0.12,荤素搭配,低,汤,0.42,0.96,0.73,0.06,牛肉,6,健康
1208,1,3.83,18-22,男,0.54,0.24,0.85,0.56,荤素搭配,低,主食,0.71,0.15,0.46,0.04,面食,15,健康
1237,4,4.58,28-35,女,0.49,0.14,0.67,0.6,素食,低,主食,0.37,0.27,0.39,0.16,蔬菜,6,健康
1338,13,5.0,23-27,男,0.53,0.12,0.64,0.88,荤素搭配,中,汤,0.7,0.31,0.87,0.34,蔬菜,13,一般
1367,13,5.0,28-35,女,0.09,0.58,0.05,0.34,素食,低,汤,0.7,0.31,0.87,0.34,蔬菜,13,一般
1053,13,5.0,28-35,男,0.31,0.41,0.38,0.76,素食,低,汤,0.7,0.31,0.87,0.34,蔬菜,13,一般
1280,2,1.83,23-27,女,0.06,0.2,0.79,0.78,无特殊要求,中,主食,0.02,0.44,0.25,0.68,猪肉,18,健康
1410,9,1.68,23-27,女,0.15,0.45,0.28,0.94,无特殊要求,低,小吃,0.33,0.38,0.93,0.21,蔬菜,12,不健康
1217,8,2.84,23-27,女,0.42,0.15,0.96,0.4,无特殊要求,中,小吃,0.05,0.11,0.52,0.76,猪肉,9,健康
1252,7,5.0,28-35,女,0.41,0.99,0.98,0.64,素食,低,汤,0.05,0.71,0.58,0.2,面食,12,不健康
1188,4,2.95,23-27,男,0.85,0.3,0.95,0.51,荤素搭配,低,主食,0.37,0.27,0.39,0.16,牛肉,8,健康
1380,18,4.42,23-27,男,0.91,0.05,0.93,0.81,无特殊要求,高,汤,0.12,0.72,0.07,0.92,猪肉,12,不健康
1493,3,2.54,23-27,女,0.47,0.76,0.42,0.3,素食,中,小吃,0.72,0.9,0.76,0.05,蔬菜,19,不健康
1041,6,4.74,23-27,女,0.02,0.35,0.92,0.93,无特殊要求,高,炒菜,0.45,0.52,0.52,0.69,面食,15,不健康
1157,12,5.0,28-35,女,0.04,0.77,0.92,0.53,素食,中,小吃,0.74,0.02,0.65,0.21,蔬菜,11,一般
1015,12,2.06,23-27,女,0.44,0.73,0.89,0.67,无特殊要求,低,小吃,0.74,0.02,0.65,0.21,猪肉,11,一般
1301,8,4.12,28-35,男,0.22,0.09,0.98,0.65,素食,高,小吃,0.05,0.11,0.52,0.76,蔬菜,12,健康
1065,1,5.0,23-27,男,0.34,0.32,0.03,0.13,无特殊要求,中,主食,0.71,0.15,0.46,0.04,鸡肉,15,健康
1345,4,3.5,23-27,女,0.18,0.22,0.26,0.21,荤素搭配,高,主食,0.37,0.27,0.39,0.16,牛肉,19,健康
1327,11,5.0,23-27,女,0.34,0.16,0.52,0.79,无特殊要求,低,汤,0.42,0.96,0.73,0.06,牛肉,6,健康
1009,3,5.0,23-27,男,0.28,0.23,0.87,0.17,素食,中,小吃,0.72,0.9,0.76,0.05,蔬菜,19,不健康
1344,13,2.38,28-35,女,0.1,0.8,0.92,0.76,素食,高,汤,0.7,0.31,0.87,0.34,蔬菜,13,一般
1129,17,2.81,18-22,男,0.31,0.12,0.86,0.49,荤素搭配,低,汤,0.19,0.85,0.7,0.09,猪肉,12,一般
1492,10,5.0,28-35,男,0.43,0.39,0.84,0.22,素食,高,炒菜,0.1,0.34,0.75,0.63,蔬菜,19,不健康
1136,12,5.0,23-27,男,0.04,0.24,0.11,0.53,荤素搭配,低,小吃,0.74,0.02,0.65,0.21,猪肉,11,一般
1472,15,1.88,18-22,女,0.36,0.17,0.11,0.91,无特殊要求,高,炒菜,0.24,0.95,0.36,0.65,鸡肉,18,一般
1063,10,2.96,18-22,男,0.1,0.42,0.31,0.91,荤素搭配,中,炒菜,0.1,0.34,0.75,0.63,蔬菜,19,不健康
1139,14,5.0,23-27,男,0.51,0.25,0.11,0.57,素食,中,小吃,0.62,0.29,0.92,0.78,面食,11,健康
1499,13,4.77,28-35,男,0.19,0.0,0.51,0.56,素食,低,汤,0.7,0.31,0.87,0.34,蔬菜,13,一般
1081,5,3.55,28-35,男,0.84,0.26,0.69,0.97,素食,中,汤,0.1,0.52,0.72,0.7,牛肉,14,一般
1392,6,3.89,23-27,男,0.61,0.18,0.38,0.47,荤素搭配,低,炒菜,0.45,0.52,0.52,0.69,面食,7,不健康
1163,2,1.86,18-22,女,0.12,0.53,0.36,0.79,无特殊要求,高,主食,0.02,0.44,0.25,0.68,猪肉,18,健康
1419,17,3.3,28-35,男,0.21,0.14,0.8,0.55,素食,中,汤,0.19,0.85,0.7,0.09,猪肉,19,一般
1289,4,4.61,23-27,女,0.46,0.77,0.34,0.63,无特殊要求,中,主食,0.37,0.27,0.39,0.16,牛肉,19,健康
1379,14,5.0,28-35,女,0.06,0.56,0.08,0.9,素食,低,小吃,0.62,0.29,0.92,0.78,猪肉,11,健康
1261,10,5.0,23-27,女,0.1,0.21,0.97,0.67,荤素搭配,低,炒菜,0.1,0.34,0.75,0.63,牛肉,5,不健康
1490,3,5.0,28-35,男,0.1,0.32,0.05,0.4,素食,低,小吃,0.72,0.9,0.76,0.05,蔬菜,12,不健康
1231,3,2.7,18-22,男,0.99,0.38,0.46,0.61,荤素搭配,中,小吃,0.72,0.9,0.76,0.05,蔬菜,19,不健康
1041,15,5.0,23-27,女,0.06,0.35,0.92,0.93,无特殊要求,高,炒菜,0.24,0.95,0.36,0.65,鸡肉,15,一般
1028,6,3.15,28-35,男,0.78,0.16,0.45,0.36,素食,高,炒菜,0.45,0.52,0.52,0.69,面食,15,不健康
1135,17,5.0,23-27,男,0.98,0.34,0.16,0.01,无特殊要求,低,汤,0.19,0.85,0.7,0.09,猪肉,8,一般
1201,12,4.49,18-22,男,0.87,0.45,0.98,0.96,无特殊要求,低,小吃,0.74,0.02,0.65,0.21,猪肉,11,一般
1328,20,3.73,23-27,男,0.43,0.47,0.99,0.43,荤素搭配,低,主食,0.36,0.78,0.97,0.58,面食,5,不健康
1268,11,2.35,23-27,男,0.39,0.44,0.6,0.67,素食,中,汤,0.42,0.96,0.73,0.06,面食,6,健康
1418,4,2.68,18-22,女,0.44,0.62,0.67,0.55,无特殊要求,高,主食,0.37,0.27,0.39,0.16,面食,19,健康
1033,6,4.1,18-22,女,0.23,0.31,0.18,0.86,无特殊要求,高,炒菜,0.45,0.52,0.52,0.69,面食,15,不健康
1048,1,1.62,23-27,女,0.25,0.76,0.69,0.32,无特殊要求,低,主食,0.71,0.15,0.46,0.04,鸡肉,15,健康
1407,20,4.93,23-27,女,0.17,0.37,0.42,0.3,荤素搭配,中,主食,0.36,0.78,0.97,0.58,面食,5,不健康
1062,16,4.18,23-27,女,0.32,0.02,0.4,0.99,素食,中,小吃,0.74,0.02,0.96,0.34,蔬菜,11,一般
1216,15,2.47,23-27,男,0.98,0.14,0.32,0.46,素食,低,炒菜,0.24,0.95,0.36,0.65,面食,7,一般
1293,17,5.0,28-35,男,0.75,0.06,0.71,0.53,素食,低,汤,0.19,0.85,0.7,0.09,猪肉,13,一般
1099,8,3.23,23-27,男,0.66,0.39,0.84,0.95,荤素搭配,高,小吃,0.05,0.11,0.52,0.76,猪肉,17,健康
1172,12,1.44,28-35,男,0.06,0.12,0.5,0.34,素食,中,小吃,0.74,0.02,0.65,0.21,猪肉,11,一般
1360,10,2.63,28-35,女,0.32,0.35,0.41,0.17,素食,低,炒菜,0.1,0.34,0.75,0.63,蔬菜,12,不健康
1214,15,5.0,18-22,男,0.56,0.05,0.79,0.58,荤素搭配,中,炒菜,0.24,0.95,0.36,0.65,鸡肉,7,一般
1475,9,2.19,23-27,男,0.77,0.38,0.63,0.39,荤素搭配,中,小吃,0.33,0.38,0.93,0.21,蔬菜,12,不健康
1035,2,5.0,23-27,女,0.16,0.36,0.95,0.95,素食,中,主食,0.02,0.44,0.25,0.68,蔬菜,18,健康
1449,5,4.19,23-27,男,0.04,0.42,0.02,0.95,素食,低,汤,0.1,0.52,0.72,0.7,面食,14,一般
1227,6,2.58,23-27,女,0.33,0.27,0.82,1.0,荤素搭配,中,炒菜,0.45,0.52,0.52,0.69,面食,7,不健康
1101,7,5.0,18-22,男,0.17,0.03,0.39,0.9,无特殊要求,高,汤,0.05,0.71,0.58,0.2,面食,12,不健康
1431,1,1.85,28-35,男,0.52,0.35,0.8,0.45,素食,低,主食,0.71,0.15,0.46,0.04,鸡肉,15,健康
1462,7,3.07,18-22,女,0.41,1.0,0.58,0.04,无特殊要求,高,汤,0.05,0.71,0.58,0.2,面食,12,不健康
1131,20,1.88,28-35,女,0.34,0.13,0.1,0.71,素食,高,主食,0.36,0.78,0.97,0.58,面食,14,不健康
1257,12,4.96,18-22,女,0.36,0.11,0.21,0.47,无特殊要求,中,小吃,0.74,0.02,0.65,0.21,猪肉,11,一般
1005,16,2.33,28-35,女,0.03,0.41,0.42,0.7,素食,中,小吃,0.74,0.02,0.96,0.34,蔬菜,11,一般
1218,16,4.19,23-27,女,0.24,0.19,0.55,0.02,无特殊要求,低,小吃,0.74,0.02,0.96,0.34,牛肉,11,一般
1255,11,2.33,18-22,男,0.49,0.16,0.49,0.34,荤素搭配,中,汤,0.42,0.96,0.73,0.06,牛肉,6,健康
1398,4,2.87,28-35,男,0.95,0.44,0.48,0.67,素食,中,主食,0.37,0.27,0.39,0.16,面食,19,健康
1359,13,2.5,28-35,女,0.18,0.4,0.68,0.76,素食,低,汤,0.7,0.31,0.87,0.34,蔬菜,13,一般
1283,7,4.59,18-22,女,0.11,0.19,0.5,0.79,荤素搭配,高,汤,0.05,0.71,0.58,0.2,面食,12,不健康
1393,4,5.0,18-22,女,0.42,0.18,0.92,0.76,荤素搭配,高,主食,0.37,0.27,0.39,0.16,牛肉,19,健康
1207,15,2.57,18-22,男,0.34,0.41,0.54,0.88,无特殊要求,低,炒菜,0.24,0.95,0.36,0.65,鸡肉,7,一般
1015,19,2.24,23-27,女,0.44,0.73,0.89,0.67,无特殊要求,低,小吃,0.74,0.34,0.36,0.51,鸡肉,11,不健康
1346,9,4.47,28-35,男,0.77,0.39,0.72,0.88,素食,高,小吃,0.33,0.38,0.93,0.21,蔬菜,12,不健康
1042,11,5.0,28-35,女,0.24,0.8,0.43,0.92,素食,中,汤,0.42,0.96,0.73,0.06,牛肉,6,健康
1380,8,5.0,23-27,男,0.91,0.49,0.93,0.81,无特殊要求,高,小吃,0.05,0.11,0.52,0.76,猪肉,19,健康
1461,1,2.82,28-35,女,0.44,0.98,0.52,0.93,素食,低,主食,0.71,0.15,0.46,0.04,蔬菜,15,健康
1179,8,1.33,18-22,女,0.29,0.82,0.23,0.1,无特殊要求,中,小吃,0.05,0.11,0.52,0.76,猪肉,9,健康
1063,13,5.0,18-22,男,0.1,0.42,0.31,0.91,无特殊要求,中,汤,0.7,0.31,0.87,0.34,蔬菜,13,一般
1352,4,2.34,28-35,女,0.03,0.26,0.28,0.91,素食,低,主食,0.37,0.27,0.39,0.16,牛肉,11,健康
1231,8,4.83,18-22,男,0.99,0.13,0.46,0.61,荤素搭配,中,小吃,0.05,0.11,0.52,0.76,猪肉,9,健康
1241,3,5.0,18-22,男,0.75,0.05,0.36,0.37,无特殊要求,低,小吃,0.72,0.9,0.76,0.05,蔬菜,12,不健康
1052,9,5.0,18-22,女,0.42,0.07,0.1,0.42,无特殊要求,低,小吃,0.33,0.38,0.93,0.21,蔬菜,12,不健康
1096,2,2.83,18-22,男,0.04,0.18,0.68,0.47,无特殊要求,低,主食,0.02,0.44,0.25,0.68,面食,11,健康
1388,2,4.54,23-27,女,0.22,0.37,0.87,0.21,荤素搭配,中,主食,0.02,0.44,0.25,0.68,猪肉,18,健康
1222,13,5.0,18-22,男,0.24,0.14,0.85,0.62,无特殊要求,中,汤,0.7,0.31,0.87,0.34,蔬菜,13,一般
1485,15,5.0,23-27,男,0.09,0.11,0.73,0.94,素食,高,炒菜,0.24,0.95,0.36,0.65,蔬菜,16,一般
1407,12,4.47,23-27,女,0.17,0.37,0.42,0.3,荤素搭配,中,小吃,0.74,0.02,0.65,0.21,猪肉,11,一般
1231,4,4.82,18-22,男,0.99,0.46,0.46,0.61,荤素搭配,中,主食,0.37,0.27,0.39,0.16,牛肉,19,健康
1237,8,3.84,28-35,女,0.49,0.14,0.67,0.6,素食,低,小吃,0.05,0.11,0.52,0.76,面食,9,健康
1143,9,2.84,18-22,女,0.31,0.13,0.55,0.86,无特殊要求,高,小吃,0.33,0.38,0.93,0.21,蔬菜,12,不健康
1171,5,5.0,18-22,男,0.3,0.06,0.4,0.67,荤素搭配,高,汤,0.1,0.52,0.72,0.7,面食,14,一般
1029,20,5.0,18-22,女,0.41,0.6,0.58,0.23,无特殊要求,高,主食,0.36,0.78,0.97,0.58,面食,12,不健康
1036,18,2.57,23-27,女,0.14,0.18,0.86,0.39,荤素搭配,高,汤,0.12,0.72,0.07,0.92,猪肉,12,不健康
1013,11,2.75,23-27,男,0.95,0.02,0.38,0.9,荤素搭配,低,汤,0.42,0.96,0.73,0.06,牛肉,6,健康
1160,15,3.7,18-22,女,0.04,0.98,0.06,0.9,无特殊要求,高,炒菜,0.24,0.95,0.36,0.65,鸡肉,10,一般
1327,9,3.04,23-27,女,0.31,0.16,0.52,0.79,无特殊要求,低,小吃,0.33,0.38,0.93,0.21,蔬菜,12,不健康
1187,17,1.62,18-22,女,0.13,0.05,0.69,0.83,无特殊要求,低,汤,0.19,0.85,0.7,0.09,猪肉,5,一般
1243,12,5.0,23-27,女,0.36,0.04,0.61,0.48,荤素搭配,中,小吃,0.74,0.02,0.65,0.21,猪肉,11,一般
1086,7,2.02,28-35,男,0.95,0.28,0.95,0.18,素食,低,汤,0.05,0.71,0.58,0.2,面食,12,不健康
1284,10,4.69,28-35,男,0.15,0.23,0.32,0.34,素食,中,炒菜,0.1,0.34,0.75,0.63,牛肉,19,不健康
1066,10,4.82,23-27,女,0.44,0.21,0.86,0.06,无特殊要求,高,炒菜,0.1,0.34,0.75,0.63,牛肉,19,不健康
1170,13,5.0,28-35,女,0.0,0.72,0.11,0.24,素食,低,汤,0.7,0.31,0.87,0.34,蔬菜,13,一般
1045,19,4.8,23-27,女,0.38,0.28,0.48,0.04,素食,低,小吃,0.74,0.34,0.36,0.51,蔬菜,14,不健康
1062,11,2.63,23-27,女,0.18,0.02,0.4,0.99,素食,中,汤,0.42,0.96,0.73,0.06,面食,6,健康
1441,13,2.08,23-27,女,0.13,0.62,0.24,0.5,无特殊要求,中,汤,0.7,0.31,0.87,0.34,蔬菜,13,一般
1134,8,2.51,18-22,男,0.29,0.32,0.44,0.31,无特殊要求,高,小吃,0.05,0.11,0.52,0.76,猪肉,12,健康
1284,8,4.5,28-35,男,0.15,0.46,0.32,0.34,素食,中,小吃,0.05,0.11,0.52,0.76,猪肉,9,健康
1028,4,1.68,28-35,男,0.78,0.01,0.45,0.36,素食,高,主食,0.37,0.27,0.39,0.16,牛肉,19,健康
1108,15,3.21,23-27,女,0.38,0.61,0.62,0.48,荤素搭配,高,炒菜,0.24,0.95,0.36,0.65,鸡肉,16,一般
1044,11,5.0,28-35,女,0.2,0.43,0.76,0.61,素食,中,汤,0.42,0.96,0.73,0.06,面食,6,健康
1340,11,3.36,28-35,男,0.9,0.39,0.78,0.72,素食,高,汤,0.42,0.96,0.73,0.06,牛肉,15,健康
1286,1,4.68,18-22,女,0.44,0.06,0.19,0.66,荤素搭配,中,主食,0.71,0.15,0.46,0.04,面食,15,健康
1446,17,1.49,28-35,女,0.01,0.46,0.02,0.91,素食,高,汤,0.19,0.85,0.7,0.09,猪肉,19,一般
1331,15,5.0,23-27,男,0.0,0.06,0.19,0.19,素食,低,炒菜,0.24,0.95,0.36,0.65,面食,7,一般
1128,20,2.03,28-35,男,0.4,0.08,0.7,0.25,素食,中,主食,0.36,0.78,0.97,0.58,面食,5,不健康
1348,6,5.0,18-22,女,0.03,0.7,0.44,0.55,无特殊要求,中,炒菜,0.45,0.52,0.52,0.69,面食,7,不健康
1473,15,1.62,23-27,男,1.0,0.16,0.05,0.33,荤素搭配,低,炒菜,0.24,0.95,0.36,0.65,鸡肉,7,一般
1231,9,5.0,18-22,男,0.99,0.08,0.46,0.61,荤素搭配,中,小吃,0.33,0.38,0.93,0.21,蔬菜,12,不健康
1190,14,5.0,23-27,女,0.2,0.55,0.45,0.88,素食,低,小吃,0.62,0.29,0.92,0.78,蔬菜,11,健康
1225,18,4.07,28-35,男,0.8,0.3,0.85,0.76,素食,中,汤,0.12,0.72,0.07,0.92,蔬菜,12,不健康
1385,17,1.98,28-35,男,0.19,0.35,0.25,0.09,素食,高,汤,0.19,0.85,0.7,0.09,猪肉,19,一般
1377,18,1.64,28-35,女,0.17,0.66,0.55,0.12,素食,高,汤,0.12,0.72,0.07,0.92,猪肉,12,不健康
1283,5,3.02,18-22,女,0.11,0.19,0.5,0.79,无特殊要求,高,汤,0.1,0.52,0.72,0.7,蔬菜,14,一般
1446,20,5.0,28-35,女,0.01,0.46,0.02,0.91,素食,高,主食,0.36,0.78,0.97,0.58,面食,16,不健康
1121,20,4.31,23-27,女,0.26,0.33,0.65,0.28,素食,低,主食,0.36,0.78,0.97,0.58,面食,5,不健康
1116,9,4.63,23-27,男,0.83,0.26,0.02,0.34,素食,高,小吃,0.33,0.38,0.93,0.21,蔬菜,12,不健康
1461,11,3.61,28-35,女,0.27,0.98,0.52,0.93,素食,低,汤,0.42,0.96,0.73,0.06,蔬菜,6,健康
1233,1,3.65,23-27,女,0.35,0.76,0.61,0.1,素食,高,主食,0.71,0.15,0.46,0.04,面食,15,健康
1259,18,5.0,23-27,女,0.0,0.1,0.05,0.86,素食,高,汤,0.12,0.72,0.07,0.92,面食,12,不健康
1359,6,4.42,28-35,女,0.05,0.4,0.68,0.76,素食,低,炒菜,0.45,0.52,0.52,0.69,面食,7,不健康
1198,2,2.1,18-22,女,0.0,0.87,0.31,0.94,荤素搭配,高,主食,0.02,0.44,0.25,0.68,猪肉,18,健康
1456,15,1.51,28-35,女,0.2,0.19,0.25,0.3,素食,中,炒菜,0.24,0.95,0.36,0.65,鸡肉,7,一般
1411,14,3.23,18-22,女,0.35,0.08,0.52,0.23,荤素搭配,中,小吃,0.62,0.29,0.92,0.78,猪肉,11,健康
1137,5,5.0,23-27,女,0.1,0.74,0.22,0.4,素食,高,汤,0.1,0.52,0.72,0.7,面食,14,一般
1318,6,5.0,28-35,女,0.35,0.21,0.37,0.27,素食,低,炒菜,0.45,0.52,0.52,0.69,面食,7,不健康
1165,6,3.96,28-35,男,0.94,0.46,0.13,0.08,素食,中,炒菜,0.45,0.52,0.52,0.69,面食,7,不健康
1225,18,3.07,28-35,男,0.8,0.3,0.85,0.76,素食,中,汤,0.12,0.72,0.07,0.92,蔬菜,12,不健康
1307,14,5.0,18-22,女,0.05,0.89,0.56,0.25,无特殊要求,低,小吃,0.62,0.29,0.92,0.78,面食,11,健康
1234,10,2.43,28-35,女,0.42,0.6,0.96,0.67,素食,低,炒菜,0.1,0.34,0.75,0.63,牛肉,10,不健康
1172,14,3.8,28-35,男,0.06,0.12,0.5,0.34,素食,中,小吃,0.62,0.29,0.92,0.78,猪肉,11,健康
1152,13,4.94,23-27,女,0.09,0.19,0.16,0.24,荤素搭配,中,汤,0.7,0.31,0.87,0.34,蔬菜,13,一般
1463,3,1.73,28-35,女,0.4,0.27,0.03,0.82,素食,低,小吃,0.72,0.9,0.76,0.05,蔬菜,10,不健康
1315,6,2.78,28-35,男,0.78,0.3,0.24,0.22,素食,低,炒菜,0.45,0.52,0.52,0.69,面食,7,不健康
1374,8,5.0,23-27,女,0.14,0.49,0.26,0.75,素食,高,小吃,0.05,0.11,0.52,0.76,面食,12,健康
1160,12,1.74,18-22,女,0.05,0.98,0.06,0.9,无特殊要求,高,小吃,0.74,0.02,0.65,0.21,猪肉,11,一般
1096,13,5.0,18-22,男,0.04,0.02,0.68,0.47,无特殊要求,低,汤,0.7,0.31,0.87,0.34,蔬菜,13,一般
1472,11,4.45,18-22,女,0.36,0.17,0.11,0.91,无特殊要求,高,汤,0.42,0.96,0.73,0.06,牛肉,12,健康
1233,12,2.69,23-27,女,0.35,0.76,0.61,0.1,素食,高,小吃,0.74,0.02,0.65,0.21,面食,11,一般
1180,1,2.14,23-27,男,0.98,0.3,0.87,0.0,素食,中,主食,0.71,0.15,0.46,0.04,面食,15,健康
1113,17,4.66,23-27,男,0.61,0.21,1.0,0.37,荤素搭配,高,汤,0.19,0.85,0.7,0.09,猪肉,19,一般
1318,16,1.71,28-35,女,0.35,0.21,0.37,0.27,素食,低,小吃,0.74,0.02,0.96,0.34,蔬菜,11,一般
1497,11,4.67,28-35,男,0.36,0.07,0.57,0.56,素食,中,汤,0.42,0.96,0.73,0.06,面食,6,健康
1442,13,3.52,23-27,女,0.27,0.82,0.32,0.98,无特殊要求,低,汤,0.7,0.31,0.87,0.34,蔬菜,13,一般
1052,18,2.49,18-22,女,0.42,0.07,0.1,0.42,无特殊要求,低,汤,0.12,0.72,0.07,0.92,猪肉,12,不健康
1268,11,4.35,23-27,男,0.39,0.48,0.6,0.67,素食,中,汤,0.42,0.96,0.73,0.06,蔬菜,6,健康
1295,12,2.67,28-35,女,0.49,0.46,0.21,0.76,素食,低,小吃,0.74,0.02,0.65,0.21,猪肉,11,一般
1386,6,2.64,18-22,男,0.75,0.18,0.37,0.03,无特殊要求,中,炒菜,0.45,0.52,0.52,0.69,面食,7,不健康
1387,9,2.3,28-35,男,0.14,0.17,0.05,0.66,素食,中,小吃,0.33,0.38,0.93,0.21,蔬菜,12,不健康
1113,16,3.56,23-27,男,0.61,0.14,1.0,0.37,荤素搭配,高,小吃,0.74,0.02,0.96,0.34,牛肉,11,一般
1101,4,2.37,18-22,男,0.17,0.03,0.39,0.9,无特殊要求,高,主食,0.37,0.27,0.39,0.16,牛肉,19,健康
1113,3,5.0,23-27,男,0.61,0.4,1.0,0.37,荤素搭配,高,小吃,0.72,0.9,0.76,0.05,蔬菜,19,不健康
1440,16,1.53,28-35,男,0.2,0.06,0.24,0.43,素食,高,小吃,0.74,0.02,0.96,0.34,面食,11,一般
1081,12,5.0,28-35,男,0.84,0.42,0.69,0.97,素食,中,小吃,0.74,0.02,0.65,0.21,猪肉,11,一般
1187,11,2.66,18-22,女,0.13,0.05,0.69,0.83,无特殊要求,低,汤,0.42,0.96,0.73,0.06,牛肉,6,健康
1113,5,5.0,23-27,男,0.61,0.05,1.0,0.37,荤素搭配,高,汤,0.1,0.52,0.72,0.7,牛肉,14,一般
1002,18,5.0,18-22,女,0.06,0.66,0.04,0.84,无特殊要求,高,汤,0.12,0.72,0.07,0.92,猪肉,12,不健康
1130,19,4.86,23-27,女,0.45,0.57,0.41,0.19,荤素搭配,中,小吃,0.74,0.34,0.36,0.51,鸡肉,18,不健康
1220,6,2.72,18-22,男,0.21,0.07,0.29,0.63,无特殊要求,高,炒菜,0.45,0.52,0.52,0.69,面食,13,不健康
1054,18,5.0,28-35,女,0.36,0.7,0.26,0.94,素食,低,汤,0.12,0.72,0.07,0.92,猪肉,12,不健康
1343,6,2.72,23-27,女,0.34,0.03,0.54,0.39,素食,低,炒菜,0.45,0.52,0.52,0.69,面食,7,不健康
1485,4,3.5,23-27,男,0.09,0.11,0.73,0.94,素食,高,主食,0.37,0.27,0.39,0.16,蔬菜,19,健康
1224,12,3.87,28-35,女,0.08,0.41,0.26,0.98,素食,中,小吃,0.74,0.02,0.65,0.21,猪肉,11,一般
1225,19,4.39,28-35,男,0.8,0.3,0.85,0.76,素食,中,小吃,0.74,0.34,0.36,0.51,蔬菜,18,不健康
1385,2,5.0,28-35,男,0.19,0.18,0.25,0.09,素食,高,主食,0.02,0.44,0.25,0.68,猪肉,18,健康
1403,17,4.4,23-27,男,0.1,0.23,0.96,0.43,素食,高,汤,0.19,0.85,0.7,0.09,面食,19,一般
1126,11,5.0,23-27,男,1.0,0.38,0.6,0.86,无特殊要求,低,汤,0.42,0.96,0.73,0.06,牛肉,6,健康
1130,11,5.0,23-27,女,0.19,0.57,0.41,0.19,荤素搭配,中,汤,0.42,0.96,0.73,0.06,牛肉,6,健康
1053,16,5.0,28-35,男,0.31,0.39,0.38,0.76,素食,低,小吃,0.74,0.02,0.96,0.34,牛肉,11,一般
1172,2,2.41,28-35,男,0.06,0.12,0.5,0.34,素食,中,主食,0.02,0.44,0.25,0.68,猪肉,18,健康
1218,2,1.25,23-27,女,0.41,0.19,0.55,0.02,无特殊要求,低,主食,0.02,0.44,0.25,0.68,猪肉,5,健康
1160,8,2.86,18-22,女,0.1,0.98,0.06,0.9,无特殊要求,高,小吃,0.05,0.11,0.52,0.76,猪肉,16,健康
1198,13,2.86,18-22,女,0.0,0.87,0.31,0.94,荤素搭配,高,汤,0.7,0.31,0.87,0.34,蔬菜,13,一般
1416,10,3.16,28-35,女,0.18,0.58,0.67,0.71,素食,中,炒菜,0.1,0.34,0.75,0.63,牛肉,19,不健康
1247,8,2.66,28-35,女,0.23,0.94,0.59,0.31,素食,低,小吃,0.05,0.11,0.52,0.76,猪肉,9,健康
1324,4,1.57,18-22,男,0.84,0.25,0.02,0.19,荤素搭配,高,主食,0.37,0.27,0.39,0.16,牛肉,19,健康
1439,15,3.78,23-27,男,1.0,0.0,0.03,0.82,荤素搭配,高,炒菜,0.24,0.95,0.36,0.65,鸡肉,17,一般
1203,1,2.84,18-22,男,0.62,0.07,0.84,0.17,荤素搭配,中,主食,0.71,0.15,0.46,0.04,鸡肉,15,健康
1184,11,4.4,28-35,女,0.48,0.09,0.13,0.24,素食,高,汤,0.42,0.96,0.73,0.06,牛肉,19,健康
1123,7,5.0,18-22,女,0.33,0.46,0.93,0.9,荤素搭配,中,汤,0.05,0.71,0.58,0.2,面食,12,不健康
1401,17,5.0,18-22,男,0.32,0.48,0.6,0.29,无特殊要求,低,汤,0.19,0.85,0.7,0.09,猪肉,13,一般
1255,20,5.0,18-22,男,0.49,0.12,0.49,0.34,荤素搭配,中,主食,0.36,0.78,0.97,0.58,面食,5,不健康
1294,18,2.83,28-35,男,0.9,0.31,0.57,0.5,素食,低,汤,0.12,0.72,0.07,0.92,面食,12,不健康
1280,12,2.12,23-27,女,0.01,0.2,0.79,0.78,无特殊要求,中,小吃,0.74,0.02,0.65,0.21,猪肉,11,一般
1325,9,4.41,28-35,男,0.65,0.38,0.98,0.67,素食,低,小吃,0.33,0.38,0.93,0.21,蔬菜,12,不健康
1372,5,5.0,18-22,女,0.07,0.51,0.81,0.72,无特殊要求,高,汤,0.1,0.52,0.72,0.7,牛肉,14,一般
1098,10,3.49,23-27,女,0.29,0.51,0.13,0.22,无特殊要求,低,炒菜,0.1,0.34,0.75,0.63,牛肉,6,不健康
1198,4,1.51,18-22,女,0.0,0.87,0.31,0.94,荤素搭配,高,主食,0.37,0.27,0.39,0.16,牛肉,19,健康
1470,5,5.0,23-27,男,0.7,0.23,0.0,0.34,荤素搭配,高,汤,0.1,0.52,0.72,0.7,牛肉,14,一般
1395,10,3.83,23-27,女,0.25,0.54,0.8,0.04,荤素搭配,中,炒菜,0.1,0.34,0.75,0.63,牛肉,19,不健康
1240,11,1.92,28-35,男,0.23,0.34,0.61,0.86,素食,高,汤,0.42,0.96,0.73,0.06,面食,10,健康
1144,10,4.04,28-35,男,0.68,0.3,0.56,0.71,素食,低,炒菜,0.1,0.34,0.75,0.63,蔬菜,13,不健康
1097,8,2.89,23-27,男,0.9,0.34,0.29,0.87,无特殊要求,高,小吃,0.05,0.11,0.52,0.76,猪肉,12,健康
1201,2,2.11,18-22,男,0.87,0.45,0.98,0.96,无特殊要求,低,主食,0.02,0.44,0.25,0.68,猪肉,11,健康
1124,8,3.36,28-35,男,0.09,0.13,0.5,0.11,素食,中,小吃,0.05,0.11,0.52,0.76,猪肉,9,健康
1187,16,3.04,18-22,女,0.13,0.05,0.69,0.83,无特殊要求,低,小吃,0.74,0.02,0.96,0.34,牛肉,11,一般
1326,5,3.04,28-35,女,0.01,0.2,0.86,0.32,素食,中,汤,0.1,0.52,0.72,0.7,牛肉,14,一般
1464,3,2.15,28-35,男,0.28,0.11,0.29,0.19,素食,低,小吃,0.72,0.9,0.76,0.05,蔬菜,14,不健康
1349,12,4.83,18-22,女,0.09,0.28,0.48,0.47,荤素搭配,低,小吃,0.74,0.02,0.65,0.21,猪肉,11,一般
1259,13,5.0,23-27,女,0.04,0.1,0.05,0.86,素食,高,汤,0.7,0.31,0.87,0.34,蔬菜,13,一般
1148,13,2.14,23-27,男,0.87,0.23,0.48,0.13,荤素搭配,中,汤,0.7,0.31,0.87,0.34,蔬菜,13,一般
1252,10,3.53,28-35,女,0.11,0.99,0.98,0.64,素食,低,炒菜,0.1,0.34,0.75,0.63,蔬菜,7,不健康
1443,4,2.32,28-35,男,0.71,0.06,0.04,0.17,素食,低,主食,0.37,0.27,0.39,0.16,牛肉,5,健康
1420,9,1.35,28-35,男,0.49,0.11,0.08,0.34,素食,低,小吃,0.33,0.38,0.93,0.21,蔬菜,12,不健康
1403,2,4.88,23-27,男,0.1,0.39,0.96,0.43,素食,高,主食,0.02,0.44,0.25,0.68,蔬菜,18,健康
1346,19,5.0,28-35,男,0.77,0.21,0.72,0.88,素食,高,小吃,0.74,0.34,0.36,0.51,蔬菜,18,不健康
1451,1,3.82,28-35,男,0.97,0.16,0.18,0.57,素食,中,主食,0.71,0.15,0.46,0.04,鸡肉,15,健康
1147,7,1.9,23-27,男,0.01,0.22,0.18,0.47,荤素搭配,低,汤,0.05,0.71,0.58,0.2,面食,12,不健康
1148,17,5.0,23-27,男,0.87,0.23,0.48,0.13,荤素搭配,中,汤,0.19,0.85,0.7,0.09,猪肉,19,一般
1352,3,5.0,28-35,女,0.03,0.26,0.28,0.91,素食,低,小吃,0.72,0.9,0.76,0.05,蔬菜,6,不健康
1199,20,2.84,23-27,女,0.32,0.65,0.08,0.24,素食,中,主食,0.36,0.78,0.97,0.58,面食,5,不健康
1308,20,4.14,28-35,男,0.95,0.48,0.33,0.18,素食,中,主食,0.36,0.78,0.97,0.58,面食,5,不健康
1489,3,2.06,28-35,男,0.14,0.24,0.59,0.54,素食,中,小吃,0.72,0.9,0.76,0.05,蔬菜,19,不健康
1417,3,3.08,28-35,女,0.33,0.37,0.08,0.96,素食,低,小吃,0.72,0.9,0.76,0.05,蔬菜,12,不健康
1424,17,2.95,23-27,男,0.01,0.4,0.27,0.04,荤素搭配,高,汤,0.19,0.85,0.7,0.09,猪肉,19,一般
1128,7,4.53,28-35,男,0.4,0.08,0.7,0.25,素食,中,汤,0.05,0.71,0.58,0.2,面食,12,不健康
1039,14,5.0,28-35,女,0.32,0.77,0.43,0.76,素食,低,小吃,0.62,0.29,0.92,0.78,猪肉,11,健康
1338,17,2.21,23-27,男,0.53,0.44,0.64,0.88,荤素搭配,中,汤,0.19,0.85,0.7,0.09,猪肉,19,一般
1360,18,1.56,28-35,女,0.34,0.35,0.41,0.17,素食,低,汤,0.12,0.72,0.07,0.92,蔬菜,12,不健康
1129,13,2.17,18-22,男,0.31,0.12,0.86,0.49,荤素搭配,低,汤,0.7,0.31,0.87,0.34,蔬菜,13,一般
1267,20,3.63,18-22,男,0.08,0.28,0.71,0.33,无特殊要求,中,主食,0.36,0.78,0.97,0.58,面食,5,不健康
1476,20,5.0,18-22,女,0.22,0.97,0.17,0.22,无特殊要求,低,主食,0.36,0.78,0.97,0.58,面食,5,不健康
1441,18,4.01,23-27,女,0.39,0.62,0.24,0.5,无特殊要求,中,汤,0.12,0.72,0.07,0.92,猪肉,12,不健康
1473,4,2.49,23-27,男,1.0,0.16,0.05,0.33,荤素搭配,低,主食,0.37,0.27,0.39,0.16,牛肉,8,健康
1434,1,3.56,18-22,女,0.29,0.28,0.67,0.02,无特殊要求,高,主食,0.71,0.15,0.46,0.04,鸡肉,15,健康
1151,18,4.93,18-22,男,0.05,0.03,0.11,0.97,无特殊要求,中,汤,0.12,0.72,0.07,0.92,猪肉,12,不健康
1415,1,5.0,23-27,女,0.4,0.52,0.78,0.34,荤素搭配,中,主食,0.71,0.15,0.46,0.04,鸡肉,15,健康
1478,13,2.26,28-35,男,0.52,0.33,0.54,0.96,素食,低,汤,0.7,0.31,0.87,0.34,蔬菜,13,一般
1298,20,4.07,23-27,男,0.36,0.47,0.16,0.54,无特殊要求,低,主食,0.36,0.78,0.97,0.58,面食,5,不健康
1099,20,3.91,23-27,男,0.66,0.39,0.84,0.95,荤素搭配,高,主食,0.36,0.78,0.97,0.58,面食,13,不健康
1263,10,3.92,23-27,女,0.44,0.31,0.56,0.53,荤素搭配,低,炒菜,0.1,0.34,0.75,0.63,牛肉,12,不健康
1252,11,5.0,28-35,女,0.19,0.99,0.98,0.64,素食,低,汤,0.42,0.96,0.73,0.06,面食,6,健康
1144,9,2.01,28-35,男,0.68,0.3,0.56,0.71,素食,低,小吃,0.33,0.38,0.93,0.21,蔬菜,12,不健康
1346,9,4.47,28-35,男,0.77,0.48,0.72,0.88,素食,高,小吃,0.33,0.38,0.93,0.21,蔬菜,12,不健康
1112,5,5.0,28-35,男,0.58,0.07,0.17,0.89,素食,高,汤,0.1,0.52,0.72,0.7,蔬菜,14,一般
1500,1,3.11,18-22,女,0.42,0.5,0.92,0.63,荤素搭配,低,主食,0.71,0.15,0.46,0.04,鸡肉,15,健康
1060,17,5.0,23-27,男,0.44,0.48,0.83,0.9,无特殊要求,中,汤,0.19,0.85,0.7,0.09,猪肉,19,一般
1369,2,2.79,23-27,男,0.25,0.43,0.75,0.4,荤素搭配,高,主食,0.02,0.44,0.25,0.68,猪肉,18,健康
1002,13,2.02,18-22,女,0.06,0.66,0.04,0.84,无特殊要求,高,汤,0.7,0.31,0.87,0.34,蔬菜,13,一般
1385,9,2.65,28-35,男,0.19,0.42,0.25,0.09,素食,高,小吃,0.33,0.38,0.93,0.21,蔬菜,12,不健康
1304,4,2.59,23-27,女,0.37,0.98,0.43,0.15,荤素搭配,高,主食,0.37,0.27,0.39,0.16,牛肉,19,健康
1254,5,2.26,18-22,男,0.33,0.08,0.07,0.2,荤素搭配,低,汤,0.1,0.52,0.72,0.7,牛肉,14,一般
1140,11,2.99,23-27,男,0.25,0.43,0.63,0.26,素食,低,汤,0.42,0.96,0.73,0.06,面食,6,健康
1453,19,2.17,18-22,女,0.3,0.85,0.54,0.41,无特殊要求,低,小吃,0.74,0.34,0.36,0.51,鸡肉,14,不健康
1037,3,5.0,23-27,女,0.0,0.27,0.6,0.8,荤素搭配,中,小吃,0.72,0.9,0.76,0.05,蔬菜,19,不健康
1160,12,3.74,18-22,女,0.07,0.98,0.06,0.9,无特殊要求,高,小吃,0.74,0.02,0.65,0.21,猪肉,11,一般
1009,19,4.69,23-27,男,0.28,0.23,0.87,0.17,素食,中,小吃,0.74,0.34,0.36,0.51,蔬菜,18,不健康
1233,19,3.79,23-27,女,0.35,0.76,0.61,0.1,素食,高,小吃,0.74,0.34,0.36,0.51,蔬菜,18,不健康
1099,13,4.64,23-27,男,0.66,0.39,0.84,0.95,荤素搭配,高,汤,0.7,0.31,0.87,0.34,蔬菜,13,一般
1147,7,4.9,23-27,男,0.01,0.12,0.18,0.47,荤素搭配,低,汤,0.05,0.71,0.58,0.2,面食,12,不健康
1304,15,2.27,23-27,女,0.37,0.98,0.43,0.15,荤素搭配,高,炒菜,0.24,0.95,0.36,0.65,鸡肉,12,一般
1208,7,4.8,18-22,男,0.54,0.24,0.85,0.56,无特殊要求,低,汤,0.05,0.71,0.58,0.2,面食,12,不健康
1131,8,1.64,28-35,女,0.39,0.13,0.1,0.71,素食,高,小吃,0.05,0.11,0.52,0.76,面食,13,健康
1404,5,3.62,18-22,女,0.25,0.15,0.55,0.14,无特殊要求,高,汤,0.1,0.52,0.72,0.7,蔬菜,14,一般
1152,14,1.97,23-27,女,0.1,0.19,0.16,0.24,荤素搭配,中,小吃,0.62,0.29,0.92,0.78,猪肉,11,健康
1054,4,5.0,28-35,女,0.49,0.7,0.26,0.94,素食,低,主食,0.37,0.27,0.39,0.16,牛肉,7,健康
1120,10,4.73,28-35,男,0.27,0.35,0.46,0.06,素食,高,炒菜,0.1,0.34,0.75,0.63,牛肉,19,不健康
1161,20,5.0,28-35,女,0.34,0.31,0.97,0.29,素食,高,主食,0.36,0.78,0.97,0.58,面食,19,不健康
1408,15,4.3,23-27,男,0.66,0.08,0.4,0.19,荤素搭配,低,炒菜,0.24,0.95,0.36,0.65,鸡肉,7,一般
1116,18,4.91,23-27,男,0.83,0.21,0.02,0.34,素食,高,汤,0.12,0.72,0.07,0.92,蔬菜,12,不健康
1075,20,4.87,28-35,男,0.34,0.18,0.84,0.88,素食,中,主食,0.36,0.78,0.97,0.58,面食,5,不健康
1113,13,5.0,23-27,男,0.61,0.06,1.0,0.37,荤素搭配,高,汤,0.7,0.31,0.87,0.34,蔬菜,13,一般
1456,8,3.39,28-35,女,0.2,0.19,0.25,0.3,素食,中,小吃,0.05,0.11,0.52,0.76,猪肉,9,健康
1420,9,4.35,28-35,男,0.49,0.11,0.08,0.34,素食,低,小吃,0.33,0.38,0.93,0.21,蔬菜,12,不健康
1422,16,5.0,23-27,男,0.52,0.17,0.98,0.38,荤素搭配,高,小吃,0.74,0.02,0.96,0.34,牛肉,11,一般
1104,19,3.42,23-27,女,0.14,0.55,0.27,0.07,荤素搭配,中,小吃,0.74,0.34,0.36,0.51,鸡肉,18,不健康
1340,16,5.0,28-35,男,0.9,0.39,0.78,0.72,素食,高,小吃,0.74,0.02,0.96,0.34,牛肉,11,一般
1254,7,4.15,18-22,男,0.33,0.08,0.07,0.2,荤素搭配,低,汤,0.05,0.71,0.58,0.2,面食,12,不健康
1227,14,5.0,23-27,女,0.23,0.27,0.82,1.0,荤素搭配,中,小吃,0.62,0.29,0.92,0.78,猪肉,11,健康
1112,14,5.0,28-35,男,0.58,0.07,0.17,0.89,素食,高,小吃,0.62,0.29,0.92,0.78,面食,11,健康
1473,4,4.49,23-27,男,1.0,0.16,0.05,0.33,荤素搭配,低,主食,0.37,0.27,0.39,0.16,牛肉,7,健康
1099,15,5.0,23-27,男,0.66,0.39,0.84,0.95,荤素搭配,高,炒菜,0.24,0.95,0.36,0.65,鸡肉,17,一般
1153,3,5.0,23-27,女,0.4,0.57,0.22,0.76,素食,中,小吃,0.72,0.9,0.76,0.05,蔬菜,19,不健康
1349,5,4.88,18-22,女,0.13,0.28,0.48,0.47,荤素搭配,低,汤,0.1,0.52,0.72,0.7,牛肉,14,一般
1402,1,3.49,23-27,女,0.29,0.3,0.06,0.0,荤素搭配,中,主食,0.71,0.15,0.46,0.04,鸡肉,15,健康
1384,3,5.0,28-35,男,0.75,0.22,0.58,0.49,素食,低,小吃,0.72,0.9,0.76,0.05,蔬菜,14,不健康
1366,15,5.0,23-27,男,0.76,0.32,0.1,0.07,荤素搭配,中,炒菜,0.24,0.95,0.36,0.65,鸡肉,7,一般
1338,8,2.1,23-27,男,0.53,0.02,0.64,0.88,荤素搭配,中,小吃,0.05,0.11,0.52,0.76,猪肉,9,健康
1194,4,4.23,18-22,女,0.28,0.14,0.0,0.53,荤素搭配,中,主食,0.37,0.27,0.39,0.16,蔬菜,19,健康
1310,2,4.41,18-22,男,0.23,0.12,0.01,0.51,无特殊要求,高,主食,0.02,0.44,0.25,0.68,面食,18,健康
1163,10,1.96,18-22,女,0.12,0.53,0.36,0.79,无特殊要求,高,炒菜,0.1,0.34,0.75,0.63,牛肉,19,不健康
1208,4,5.0,18-22,男,0.54,0.24,0.85,0.56,无特殊要求,低,主食,0.37,0.27,0.39,0.16,面食,13,健康
1445,3,3.71,23-27,男,0.92,0.34,0.91,0.94,素食,低,小吃,0.72,0.9,0.76,0.05,蔬菜,7,不健康
1169,2,2.4,18-22,女,0.38,0.49,0.22,0.17,无特殊要求,低,主食,0.02,0.44,0.25,0.68,蔬菜,9,健康
1484,17,5.0,28-35,女,0.07,0.95,0.28,0.38,素食,低,汤,0.19,0.85,0.7,0.09,蔬菜,9,一般
1161,20,5.0,28-35,女,0.35,0.31,0.97,0.29,素食,高,主食,0.36,0.78,0.97,0.58,面食,17,不健康
1068,13,3.06,28-35,男,0.18,0.09,0.73,0.31,素食,高,汤,0.7,0.31,0.87,0.34,蔬菜,13,一般
1289,5,4.13,23-27,女,0.46,0.77,0.34,0.63,无特殊要求,中,汤,0.1,0.52,0.72,0.7,牛肉,14,一般
1398,9,4.21,28-35,男,0.95,0.41,0.48,0.67,素食,中,小吃,0.33,0.38,0.93,0.21,蔬菜,12,不健康
1277,6,2.12,23-27,男,0.68,0.35,0.31,0.68,荤素搭配,中,炒菜,0.45,0.52,0.52,0.69,面食,7,不健康
1304,5,5.0,23-27,女,0.37,0.98,0.43,0.15,荤素搭配,高,汤,0.1,0.52,0.72,0.7,牛肉,14,一般
1404,10,5.0,18-22,女,0.41,0.15,0.55,0.14,无特殊要求,高,炒菜,0.1,0.34,0.75,0.63,面食,19,不健康
1384,8,2.79,28-35,男,0.75,0.34,0.58,0.49,素食,低,小吃,0.05,0.11,0.52,0.76,面食,9,健康
1392,7,4.47,23-27,男,0.61,0.18,0.38,0.47,荤素搭配,低,汤,0.05,0.71,0.58,0.2,面食,12,不健康
1135,7,5.0,23-27,男,0.98,0.02,0.16,0.01,无特殊要求,低,汤,0.05,0.71,0.58,0.2,面食,12,不健康
1195,6,2.75,23-27,男,0.11,0.39,0.59,0.28,素食,中,炒菜,0.45,0.52,0.52,0.69,面食,7,不健康
1401,20,3.24,18-22,男,0.32,0.48,0.6,0.29,无特殊要求,低,主食,0.36,0.78,0.97,0.58,面食,5,不健康
1128,3,5.0,28-35,男,0.4,0.08,0.7,0.25,素食,中,小吃,0.72,0.9,0.76,0.05,蔬菜,19,不健康
1033,19,3.03,18-22,女,0.47,0.31,0.18,0.86,无特殊要求,高,小吃,0.74,0.34,0.36,0.51,鸡肉,18,不健康
1176,15,2.13,18-22,男,0.48,0.43,0.01,0.93,无特殊要求,中,炒菜,0.24,0.95,0.36,0.65,鸡肉,7,一般
1460,4,1.71,28-35,女,0.29,0.43,0.64,0.18,素食,低,主食,0.37,0.27,0.39,0.16,蔬菜,14,健康
1443,12,5.0,28-35,男,0.71,0.06,0.04,0.17,素食,低,小吃,0.74,0.02,0.65,0.21,猪肉,11,一般
1371,6,5.0,23-27,男,0.17,0.41,0.43,0.59,无特殊要求,高,炒菜,0.45,0.52,0.52,0.69,面食,18,不健康
1470,19,1.77,23-27,男,0.7,0.23,0.0,0.34,荤素搭配,高,小吃,0.74,0.34,0.36,0.51,鸡肉,18,不健康
1375,4,1.68,23-27,男,0.72,0.14,0.88,0.18,无特殊要求,高,主食,0.37,0.27,0.39,0.16,牛肉,19,健康
1022,15,5.0,18-22,女,0.32,0.55,0.73,0.04,荤素搭配,高,炒菜,0.24,0.95,0.36,0.65,蔬菜,10,一般
1238,9,3.26,18-22,女,0.29,0.01,0.08,0.39,荤素搭配,低,小吃,0.33,0.38,0.93,0.21,蔬菜,12,不健康
1158,5,2.94,18-22,女,0.1,0.59,0.78,0.09,荤素搭配,高,汤,0.1,0.52,0.72,0.7,牛肉,14,一般
1038,13,2.18,18-22,女,0.13,0.11,0.92,0.75,荤素搭配,低,汤,0.7,0.31,0.87,0.34,蔬菜,13,一般
1230,18,3.67,18-22,女,0.14,0.33,0.92,0.27,无特殊要求,中,汤,0.12,0.72,0.07,0.92,猪肉,12,不健康
1365,5,5.0,18-22,女,0.37,0.45,0.35,0.84,荤素搭配,中,汤,0.1,0.52,0.72,0.7,牛肉,14,一般
1051,16,3.86,28-35,女,0.39,0.51,0.4,0.12,素食,低,小吃,0.74,0.02,0.96,0.34,面食,11,一般
1438,19,5.0,23-27,男,0.71,0.29,0.89,0.34,荤素搭配,中,小吃,0.74,0.34,0.36,0.51,鸡肉,18,不健康
1264,14,5.0,28-35,男,0.82,0.01,0.41,0.76,素食,低,小吃,0.62,0.29,0.92,0.78,猪肉,11,健康
1283,16,4.83,18-22,女,0.11,0.19,0.5,0.79,无特殊要求,高,小吃,0.74,0.02,0.96,0.34,蔬菜,11,一般
1027,15,4.51,28-35,男,0.51,0.46,0.95,0.94,素食,低,炒菜,0.24,0.95,0.36,0.65,蔬菜,7,一般
1226,4,5.0,23-27,男,0.3,0.43,0.19,0.11,无特殊要求,中,主食,0.37,0.27,0.39,0.16,牛肉,19,健康
1277,7,1.6,23-27,男,0.68,0.35,0.31,0.68,荤素搭配,中,汤,0.05,0.71,0.58,0.2,面食,12,不健康
1286,16,3.99,18-22,女,0.3,0.06,0.19,0.66,无特殊要求,中,小吃,0.74,0.02,0.96,0.34,面食,11,一般
1097,8,1.89,23-27,男,0.9,0.34,0.29,0.87,无特殊要求,高,小吃,0.05,0.11,0.52,0.76,猪肉,16,健康
1284,17,3.84,28-35,男,0.15,0.03,0.32,0.34,素食,中,汤,0.19,0.85,0.7,0.09,猪肉,19,一般
1367,16,1.24,28-35,女,0.09,0.58,0.05,0.34,素食,低,小吃,0.74,0.02,0.96,0.34,牛肉,11,一般
1448,10,4.21,23-27,男,0.94,0.02,0.87,0.37,荤素搭配,低,炒菜,0.1,0.34,0.75,0.63,牛肉,5,不健康
1481,10,4.87,18-22,男,0.56,0.45,0.2,0.67,无特殊要求,高,炒菜,0.1,0.34,0.75,0.63,牛肉,19,不健康
1453,2,2.8,18-22,女,0.3,0.85,0.54,0.41,无特殊要求,低,主食,0.02,0.44,0.25,0.68,猪肉,14,健康
1317,9,4.78,28-35,男,0.68,0.29,0.33,0.68,素食,高,小吃,0.33,0.38,0.93,0.21,蔬菜,12,不健康
1304,17,2.22,23-27,女,0.37,0.98,0.43,0.15,荤素搭配,高,汤,0.19,0.85,0.7,0.09,猪肉,19,一般
1147,11,5.0,23-27,男,0.01,0.13,0.18,0.47,荤素搭配,低,汤,0.42,0.96,0.73,0.06,牛肉,6,健康
1004,10,4.85,23-27,女,0.44,0.07,0.4,0.76,荤素搭配,中,炒菜,0.1,0.34,0.75,0.63,牛肉,19,不健康
1035,17,3.22,23-27,女,0.22,0.36,0.95,0.95,素食,中,汤,0.19,0.85,0.7,0.09,面食,19,一般
1192,4,1.49,18-22,男,0.32,0.39,0.62,0.16,荤素搭配,高,主食,0.37,0.27,0.39,0.16,面食,19,健康
1049,16,5.0,28-35,男,0.55,0.15,0.45,0.88,素食,低,小吃,0.74,0.02,0.96,0.34,面食,11,一般
1017,20,3.66,28-35,女,0.09,0.56,0.11,0.14,素食,低,主食,0.36,0.78,0.97,0.58,面食,5,不健康
1172,15,5.0,28-35,男,0.06,0.12,0.5,0.34,素食,中,炒菜,0.24,0.95,0.36,0.65,鸡肉,7,一般
1220,5,1.71,18-22,男,0.21,0.07,0.29,0.63,无特殊要求,高,汤,0.1,0.52,0.72,0.7,蔬菜,14,一般
1158,6,4.82,18-22,女,0.1,0.59,0.78,0.09,荤素搭配,高,炒菜,0.45,0.52,0.52,0.69,面食,18,不健康
1477,17,1.54,28-35,女,0.31,0.09,0.44,0.58,素食,低,汤,0.19,0.85,0.7,0.09,蔬菜,9,一般
1046,1,3.92,28-35,女,0.31,0.99,0.41,0.01,素食,中,主食,0.71,0.15,0.46,0.04,蔬菜,15,健康
1373,19,3.29,23-27,女,0.31,0.15,0.84,0.94,无特殊要求,低,小吃,0.74,0.34,0.36,0.51,鸡肉,10,不健康
1006,4,4.72,23-27,女,0.32,0.27,0.44,0.8,荤素搭配,低,主食,0.37,0.27,0.39,0.16,牛肉,11,健康
1099,17,2.13,23-27,男,0.66,0.39,0.84,0.95,荤素搭配,高,汤,0.19,0.85,0.7,0.09,猪肉,19,一般
1380,9,2.6,23-27,男,0.91,0.48,0.93,0.81,无特殊要求,高,小吃,0.33,0.38,0.93,0.21,蔬菜,12,不健康
1233,2,1.56,23-27,女,0.35,0.76,0.61,0.1,素食,高,主食,0.02,0.44,0.25,0.68,面食,18,健康
1037,8,2.95,23-27,女,0.0,0.27,0.6,0.8,荤素搭配,中,小吃,0.05,0.11,0.52,0.76,猪肉,9,健康
1280,15,2.12,23-27,女,0.34,0.2,0.79,0.78,无特殊要求,中,炒菜,0.24,0.95,0.36,0.65,鸡肉,7,一般
1349,7,5.0,18-22,女,0.05,0.28,0.48,0.47,荤素搭配,低,汤,0.05,0.71,0.58,0.2,面食,12,不健康
1497,6,5.0,28-35,男,0.36,0.07,0.57,0.56,素食,中,炒菜,0.45,0.52,0.52,0.69,面食,7,不健康
1302,1,2.11,23-27,女,0.19,0.21,0.97,0.14,素食,低,主食,0.71,0.15,0.46,0.04,蔬菜,15,健康
1181,15,5.0,18-22,男,0.02,0.47,0.24,0.69,无特殊要求,低,炒菜,0.24,0.95,0.36,0.65,鸡肉,7,一般
1095,7,4.96,18-22,男,0.72,0.35,0.66,0.41,荤素搭配,低,汤,0.05,0.71,0.58,0.2,面食,12,不健康
1099,17,5.0,23-27,男,0.66,0.39,0.84,0.95,荤素搭配,高,汤,0.19,0.85,0.7,0.09,猪肉,19,一般
1188,2,1.9,23-27,男,0.85,0.02,0.95,0.51,荤素搭配,低,主食,0.02,0.44,0.25,0.68,猪肉,12,健康
1481,9,3.78,18-22,男,0.56,0.04,0.2,0.67,无特殊要求,高,小吃,0.33,0.38,0.93,0.21,蔬菜,12,不健康
1116,9,4.63,23-27,男,0.83,0.5,0.02,0.34,素食,高,小吃,0.33,0.38,0.93,0.21,蔬菜,12,不健康
1191,13,2.83,23-27,男,0.1,0.26,0.75,0.09,素食,中,汤,0.7,0.31,0.87,0.34,蔬菜,13,一般
1253,6,1.88,18-22,男,0.44,0.49,0.68,0.1,无特殊要求,中,炒菜,0.45,0.52,0.52,0.69,面食,7,不健康
1469,6,2.98,18-22,女,0.23,0.27,0.17,0.48,无特殊要求,低,炒菜,0.45,0.52,0.52,0.69,面食,7,不健康
1416,20,4.58,28-35,女,0.18,0.58,0.67,0.71,素食,中,主食,0.36,0.78,0.97,0.58,面食,5,不健康
1471,20,3.39,23-27,女,0.17,0.69,0.4,0.19,无特殊要求,高,主食,0.36,0.78,0.97,0.58,面食,18,不健康
1161,3,2.61,28-35,女,0.18,0.31,0.97,0.29,素食,高,小吃,0.72,0.9,0.76,0.05,蔬菜,19,不健康
1256,17,1.73,28-35,女,0.08,0.55,0.27,0.61,素食,低,汤,0.19,0.85,0.7,0.09,面食,6,一般
1323,17,4.2,23-27,女,0.2,0.66,0.54,0.77,素食,中,汤,0.19,0.85,0.7,0.09,面食,19,一般
1128,12,1.81,28-35,男,0.4,0.08,0.7,0.25,素食,中,小吃,0.74,0.02,0.65,0.21,猪肉,11,一般
1018,16,4.08,18-22,女,0.3,0.28,0.6,0.82,荤素搭配,中,小吃,0.74,0.02,0.96,0.34,牛肉,11,一般
1281,15,4.36,28-35,女,0.11,0.91,0.19,0.61,素食,高,炒菜,0.24,0.95,0.36,0.65,蔬菜,13,一般
1490,13,1.35,28-35,男,0.1,0.32,0.05,0.4,素食,低,汤,0.7,0.31,0.87,0.34,蔬菜,13,一般
1223,1,5.0,18-22,女,0.19,0.18,0.87,0.74,荤素搭配,低,主食,0.71,0.15,0.46,0.04,面食,15,健康
1054,17,3.96,28-35,女,0.23,0.7,0.26,0.94,素食,低,汤,0.19,0.85,0.7,0.09,猪肉,10,一般
1058,3,2.57,23-27,女,0.2,0.5,0.93,0.89,素食,高,小吃,0.72,0.9,0.76,0.05,蔬菜,19,不健康
1323,15,5.0,23-27,女,0.45,0.66,0.54,0.77,素食,中,炒菜,0.24,0.95,0.36,0.65,面食,7,一般
1360,4,3.65,28-35,女,0.27,0.35,0.41,0.17,素食,低,主食,0.37,0.27,0.39,0.16,面食,5,健康
1174,4,5.0,18-22,男,0.12,0.07,0.97,0.68,荤素搭配,中,主食,0.37,0.27,0.39,0.16,牛肉,19,健康
1280,18,4.99,23-27,女,0.08,0.2,0.79,0.78,无特殊要求,中,汤,0.12,0.72,0.07,0.92,猪肉,12,不健康
1114,17,5.0,18-22,男,0.3,0.09,1.0,0.63,无特殊要求,高,汤,0.19,0.85,0.7,0.09,蔬菜,19,一般
1288,19,5.0,28-35,女,0.21,0.81,0.77,0.15,素食,高,小吃,0.74,0.34,0.36,0.51,鸡肉,18,不健康
1431,11,4.43,28-35,男,0.52,0.27,0.8,0.45,素食,低,汤,0.42,0.96,0.73,0.06,牛肉,6,健康
1342,20,1.84,23-27,女,0.21,0.11,0.12,0.59,素食,高,主食,0.36,0.78,0.97,0.58,面食,14,不健康
1151,3,2.2,18-22,男,0.05,0.03,0.11,0.97,无特殊要求,中,小吃,0.72,0.9,0.76,0.05,蔬菜,19,不健康
1450,8,2.12,23-27,女,0.37,0.01,0.69,0.98,荤素搭配,高,小吃,0.05,0.11,0.52,0.76,猪肉,18,健康
1127,14,2.82,23-27,女,0.12,0.69,0.41,0.21,无特殊要求,中,小吃,0.62,0.29,0.92,0.78,猪肉,11,健康
1155,1,2.83,23-27,女,0.32,0.82,0.29,0.34,素食,中,主食,0.71,0.15,0.46,0.04,面食,15,健康
1490,14,3.51,28-35,男,0.1,0.32,0.05,0.4,素食,低,小吃,0.62,0.29,0.92,0.78,猪肉,11,健康
1386,2,5.0,18-22,男,0.75,0.18,0.37,0.03,无特殊要求,中,主食,0.02,0.44,0.25,0.68,猪肉,18,健康
1474,4,1.37,18-22,女,0.46,0.2,0.3,0.2,荤素搭配,中,主食,0.37,0.27,0.39,0.16,牛肉,19,健康
1273,19,5.0,23-27,女,0.5,0.49,0.6,0.1,荤素搭配,高,小吃,0.74,0.34,0.36,0.51,鸡肉,18,不健康
1104,6,4.54,23-27,女,0.14,0.55,0.27,0.07,荤素搭配,中,炒菜,0.45,0.52,0.52,0.69,面食,7,不健康
1417,1,3.76,28-35,女,0.18,0.37,0.08,0.96,素食,低,主食,0.71,0.15,0.46,0.04,鸡肉,15,健康
1393,17,3.95,18-22,女,0.42,0.18,0.92,0.76,荤素搭配,高,汤,0.19,0.85,0.7,0.09,猪肉,19,一般
1299,8,4.68,23-27,男,0.23,0.03,0.53,0.41,荤素搭配,中,小吃,0.05,0.11,0.52,0.76,猪肉,9,健康
1246,19,2.08,18-22,男,0.61,0.02,0.43,0.59,无特殊要求,中,小吃,0.74,0.34,0.36,0.51,蔬菜,18,不健康
1176,1,4.45,18-22,男,0.48,0.43,0.01,0.93,无特殊要求,中,主食,0.71,0.15,0.46,0.04,鸡肉,15,健康
1039,5,2.3,28-35,女,0.17,0.77,0.43,0.76,素食,低,汤,0.1,0.52,0.72,0.7,牛肉,14,一般
1477,16,3.01,28-35,女,0.16,0.09,0.44,0.58,素食,低,小吃,0.74,0.02,0.96,0.34,蔬菜,11,一般
1170,6,3.6,28-35,女,0.0,0.72,0.11,0.24,素食,低,炒菜,0.45,0.52,0.52,0.69,面食,7,不健康
1247,8,1.66,28-35,女,0.23,0.94,0.59,0.31,素食,低,小吃,0.05,0.11,0.52,0.76,猪肉,9,健康
1026,13,5.0,18-22,女,0.14,0.71,0.07,0.11,荤素搭配,低,汤,0.7,0.31,0.87,0.34,蔬菜,13,一般
1355,16,5.0,28-35,女,0.2,0.31,0.24,0.36,素食,高,小吃,0.74,0.02,0.96,0.34,牛肉,11,一般
1306,3,4.21,18-22,女,0.02,0.27,0.65,0.99,荤素搭配,低,小吃,0.72,0.9,0.76,0.05,蔬菜,13,不健康
1409,19,4.93,28-35,男,0.27,0.34,0.57,0.46,素食,中,小吃,0.74,0.34,0.36,0.51,鸡肉,18,不健康
1408,12,4.81,23-27,男,0.66,0.02,0.4,0.19,荤素搭配,低,小吃,0.74,0.02,0.65,0.21,猪肉,11,一般
1013,16,2.37,23-27,男,0.95,0.02,0.38,0.9,荤素搭配,低,小吃,0.74,0.02,0.96,0.34,牛肉,11,一般
1316,11,5.0,18-22,女,0.14,0.55,0.61,0.71,无特殊要求,中,汤,0.42,0.96,0.73,0.06,面食,6,健康
1391,10,3.92,28-35,女,0.2,0.3,0.36,0.72,素食,中,炒菜,0.1,0.34,0.75,0.63,面食,19,不健康
1313,20,1.93,28-35,男,0.15,0.23,0.47,0.42,素食,中,主食,0.36,0.78,0.97,0.58,面食,5,不健康
1036,4,2.5,23-27,女,0.14,0.18,0.86,0.39,荤素搭配,高,主食,0.37,0.27,0.39,0.16,牛肉,19,健康
1173,12,4.95,28-35,女,0.3,0.07,0.9,0.69,素食,高,小吃,0.74,0.02,0.65,0.21,面食,11,一般
1020,2,5.0,23-27,女,0.01,0.88,0.2,0.95,无特殊要求,高,主食,0.02,0.44,0.25,0.68,猪肉,18,健康
1321,19,1.82,23-27,女,0.06,0.23,0.79,0.8,无特殊要求,低,小吃,0.74,0.34,0.36,0.51,鸡肉,9,不健康
1264,5,5.0,28-35,男,0.82,0.13,0.41,0.76,素食,低,汤,0.1,0.52,0.72,0.7,牛肉,14,一般
1494,8,4.14,18-22,女,0.47,0.09,0.05,0.11,荤素搭配,低,小吃,0.05,0.11,0.52,0.76,猪肉,9,健康
1400,7,4.11,23-27,男,0.05,0.11,0.82,0.24,素食,中,汤,0.05,0.71,0.58,0.2,面食,12,不健康
1142,14,5.0,23-27,男,0.11,0.24,0.22,0.99,荤素搭配,高,小吃,0.62,0.29,0.92,0.78,猪肉,11,健康
1460,3,3.49,28-35,女,0.04,0.43,0.64,0.18,素食,低,小吃,0.72,0.9,0.76,0.05,蔬菜,6,不健康
1371,18,5.0,23-27,男,0.17,0.19,0.43,0.59,无特殊要求,高,汤,0.12,0.72,0.07,0.92,猪肉,12,不健康
1471,16,5.0,23-27,女,0.02,0.69,0.4,0.19,无特殊要求,高,小吃,0.74,0.02,0.96,0.34,牛肉,11,一般
1143,19,4.91,18-22,女,0.31,0.13,0.55,0.86,荤素搭配,高,小吃,0.74,0.34,0.36,0.51,蔬菜,18,不健康
1092,19,1.86,18-22,男,0.44,0.09,0.29,0.78,荤素搭配,高,小吃,0.74,0.34,0.36,0.51,鸡肉,18,不健康
1354,18,5.0,18-22,女,0.46,0.74,0.86,0.94,荤素搭配,高,汤,0.12,0.72,0.07,0.92,蔬菜,12,不健康
1322,20,5.0,23-27,女,0.21,0.34,0.13,0.07,素食,中,主食,0.36,0.78,0.97,0.58,面食,5,不健康
1288,16,1.96,28-35,女,0.21,0.81,0.77,0.15,素食,高,小吃,0.74,0.02,0.96,0.34,牛肉,11,一般
1215,8,3.61,18-22,男,0.65,0.05,0.43,0.33,荤素搭配,高,小吃,0.05,0.11,0.52,0.76,猪肉,14,健康
1447,1,1.45,23-27,男,0.52,0.07,0.11,0.38,荤素搭配,低,主食,0.71,0.15,0.46,0.04,鸡肉,15,健康
1342,17,2.38,23-27,女,0.16,0.11,0.12,0.59,素食,高,汤,0.19,0.85,0.7,0.09,面食,19,一般
1051,12,1.72,28-35,女,0.37,0.51,0.4,0.12,素食,低,小吃,0.74,0.02,0.65,0.21,面食,11,一般
1153,11,3.97,23-27,女,0.04,0.57,0.22,0.76,素食,中,汤,0.42,0.96,0.73,0.06,蔬菜,6,健康
1186,5,5.0,18-22,男,0.27,0.2,0.72,0.99,无特殊要求,中,汤,0.1,0.52,0.72,0.7,牛肉,14,一般
1063,12,1.48,18-22,男,0.1,0.42,0.31,0.91,无特殊要求,中,小吃,0.74,0.02,0.65,0.21,蔬菜,11,一般
1190,17,1.9,23-27,女,0.2,0.55,0.45,0.88,素食,低,汤,0.19,0.85,0.7,0.09,面食,11,一般
1125,6,2.22,28-35,男,0.35,0.15,0.64,0.95,素食,低,炒菜,0.45,0.52,0.52,0.69,面食,7,不健康
1150,1,1.93,23-27,男,0.99,0.17,0.11,0.73,素食,低,主食,0.71,0.15,0.46,0.04,蔬菜,15,健康
1314,5,4.36,23-27,女,0.29,0.17,0.76,0.99,无特殊要求,中,汤,0.1,0.52,0.72,0.7,牛肉,14,一般
1058,14,5.0,23-27,女,0.03,0.5,0.93,0.89,素食,高,小吃,0.62,0.29,0.92,0.78,蔬菜,11,健康
1342,5,5.0,23-27,女,0.34,0.11,0.12,0.59,素食,高,汤,0.1,0.52,0.72,0.7,蔬菜,14,一般
1305,1,1.84,23-27,男,0.47,0.48,0.83,0.46,素食,高,主食,0.71,0.15,0.46,0.04,面食,15,健康
1180,18,3.39,23-27,男,0.98,0.3,0.87,0.0,素食,中,汤,0.12,0.72,0.07,0.92,蔬菜,12,不健康
1170,16,3.2,28-35,女,0.0,0.72,0.11,0.24,素食,低,小吃,0.74,0.02,0.96,0.34,牛肉,11,一般
1326,9,2.26,28-35,女,0.16,0.2,0.86,0.32,素食,中,小吃,0.33,0.38,0.93,0.21,蔬菜,12,不健康
1271,19,2.46,23-27,男,0.29,0.08,0.01,0.43,素食,高,小吃,0.74,0.34,0.36,0.51,蔬菜,18,不健康
1054,5,2.26,28-35,女,0.09,0.7,0.26,0.94,素食,低,汤,0.1,0.52,0.72,0.7,牛肉,14,一般
1491,2,2.78,28-35,女,0.19,0.56,0.69,0.53,素食,低,主食,0.02,0.44,0.25,0.68,猪肉,6,健康
1444,15,1.59,23-27,男,0.73,0.18,0.51,0.09,无特殊要求,高,炒菜,0.24,0.95,0.36,0.65,鸡肉,13,一般
1101,7,2.44,18-22,男,0.17,0.03,0.39,0.9,无特殊要求,高,汤,0.05,0.71,0.58,0.2,面食,12,不健康
1481,4,2.58,18-22,男,0.56,0.2,0.2,0.67,无特殊要求,高,主食,0.37,0.27,0.39,0.16,牛肉,19,健康
1264,1,1.95,28-35,男,0.82,0.09,0.41,0.76,素食,低,主食,0.71,0.15,0.46,0.04,鸡肉,15,健康
1053,13,3.09,28-35,男,0.31,0.25,0.38,0.76,素食,低,汤,0.7,0.31,0.87,0.34,蔬菜,13,一般
1060,20,5.0,23-27,男,0.44,0.48,0.83,0.9,无特殊要求,中,主食,0.36,0.78,0.97,0.58,面食,5,不健康
1492,7,5.0,28-35,男,0.43,0.39,0.84,0.22,素食,高,汤,0.05,0.71,0.58,0.2,面食,12,不健康
1108,15,4.21,23-27,女,0.38,0.61,0.62,0.48,荤素搭配,高,炒菜,0.24,0.95,0.36,0.65,鸡肉,12,一般
1005,14,3.62,28-35,女,0.45,0.41,0.42,0.7,素食,中,小吃,0.62,0.29,0.92,0.78,面食,11,健康
1103,19,3.18,23-27,男,0.79,0.32,0.04,0.92,荤素搭配,中,小吃,0.74,0.34,0.36,0.51,鸡肉,18,不健康
1196,20,4.64,23-27,女,0.18,0.77,0.95,0.1,素食,中,主食,0.36,0.78,0.97,0.58,面食,5,不健康
1262,18,3.43,23-27,男,0.78,0.01,0.54,0.8,荤素搭配,中,汤,0.12,0.72,0.07,0.92,猪肉,12,不健康
1365,10,4.01,18-22,女,0.36,0.45,0.35,0.84,荤素搭配,中,炒菜,0.1,0.34,0.75,0.63,牛肉,19,不健康
1480,9,1.27,28-35,男,0.55,0.1,0.02,0.17,素食,低,小吃,0.33,0.38,0.93,0.21,蔬菜,12,不健康
1372,8,5.0,18-22,女,0.15,0.51,0.81,0.72,无特殊要求,高,小吃,0.05,0.11,0.52,0.76,猪肉,15,健康
1350,10,5.0,23-27,男,0.39,0.23,0.45,0.6,荤素搭配,高,炒菜,0.1,0.34,0.75,0.63,牛肉,19,不健康
1047,17,5.0,28-35,女,0.17,0.65,0.61,0.79,素食,低,汤,0.19,0.85,0.7,0.09,猪肉,10,一般
1355,2,2.45,28-35,女,0.2,0.31,0.24,0.36,素食,高,主食,0.02,0.44,0.25,0.68,猪肉,18,健康
1311,6,5.0,23-27,女,0.26,0.69,0.31,0.88,荤素搭配,低,炒菜,0.45,0.52,0.52,0.69,面食,7,不健康
1424,5,1.69,23-27,男,0.01,0.29,0.27,0.04,荤素搭配,高,汤,0.1,0.52,0.72,0.7,牛肉,14,一般
1308,9,4.84,28-35,男,0.95,0.48,0.33,0.18,素食,中,小吃,0.33,0.38,0.93,0.21,蔬菜,12,不健康
1144,5,2.12,28-35,男,0.68,0.3,0.56,0.71,素食,低,汤,0.1,0.52,0.72,0.7,面食,14,一般
1269,18,1.66,23-27,男,0.39,0.49,0.99,0.21,荤素搭配,高,汤,0.12,0.72,0.07,0.92,猪肉,12,不健康
1370,20,3.74,28-35,女,0.21,0.52,0.92,0.64,素食,低,主食,0.36,0.78,0.97,0.58,面食,5,不健康
1124,9,1.57,28-35,男,0.09,0.13,0.5,0.11,素食,中,小吃,0.33,0.38,0.93,0.21,蔬菜,12,不健康
1106,17,4.76,23-27,男,0.49,0.34,0.42,0.93,荤素搭配,高,汤,0.19,0.85,0.7,0.09,猪肉,19,一般
1158,17,5.0,18-22,女,0.1,0.59,0.78,0.09,荤素搭配,高,汤,0.19,0.85,0.7,0.09,猪肉,19,一般
1147,12,4.24,23-27,男,0.01,0.35,0.18,0.47,荤素搭配,低,小吃,0.74,0.02,0.65,0.21,猪肉,11,一般
1145,7,3.19,28-35,男,0.73,0.36,0.87,0.87,素食,高,汤,0.05,0.71,0.58,0.2,面食,12,不健康
1120,3,5.0,28-35,男,0.27,0.22,0.46,0.06,素食,高,小吃,0.72,0.9,0.76,0.05,蔬菜,19,不健康
1319,10,4.07,18-22,女,0.09,0.83,0.85,0.22,无特殊要求,中,炒菜,0.1,0.34,0.75,0.63,牛肉,19,不健康
1275,2,5.0,28-35,男,0.63,0.07,0.27,0.51,素食,低,主食,0.02,0.44,0.25,0.68,猪肉,5,健康
1092,3,3.66,18-22,男,0.44,0.09,0.29,0.78,荤素搭配,高,小吃,0.72,0.9,0.76,0.05,蔬菜,19,不健康
1058,16,4.58,23-27,女,0.32,0.5,0.93,0.89,素食,高,小吃,0.74,0.02,0.96,0.34,蔬菜,11,一般
1439,2,2.59,23-27,男,1.0,0.0,0.03,0.82,荤素搭配,高,主食,0.02,0.44,0.25,0.68,猪肉,18,健康
1346,10,2.49,28-35,男,0.77,0.11,0.72,0.88,素食,高,炒菜,0.1,0.34,0.75,0.63,面食,19,不健康
1229,6,4.17,28-35,女,0.17,0.35,0.45,0.59,素食,低,炒菜,0.45,0.52,0.52,0.69,面食,7,不健康
1474,11,4.62,18-22,女,0.46,0.2,0.3,0.2,荤素搭配,中,汤,0.42,0.96,0.73,0.06,牛肉,6,健康
1117,7,1.71,28-35,男,0.14,0.23,0.91,0.04,素食,中,汤,0.05,0.71,0.58,0.2,面食,12,不健康
1318,15,4.59,28-35,女,0.35,0.21,0.37,0.27,素食,低,炒菜,0.24,0.95,0.36,0.65,蔬菜,7,一般
1279,6,5.0,28-35,女,0.33,0.43,0.97,0.14,素食,中,炒菜,0.45,0.52,0.52,0.69,面食,7,不健康
1127,20,2.1,23-27,女,0.12,0.69,0.41,0.21,无特殊要求,中,主食,0.36,0.78,0.97,0.58,面食,5,不健康
1393,9,2.22,18-22,女,0.42,0.18,0.92,0.76,荤素搭配,高,小吃,0.33,0.38,0.93,0.21,蔬菜,12,不健康
1396,20,5.0,28-35,女,0.14,0.45,0.36,0.29,素食,低,主食,0.36,0.78,0.97,0.58,面食,5,不健康
1129,12,2.89,18-22,男,0.31,0.12,0.86,0.49,荤素搭配,低,小吃,0.74,0.02,0.65,0.21,猪肉,11,一般
1058,19,5.0,23-27,女,0.24,0.5,0.93,0.89,素食,高,小吃,0.74,0.34,0.36,0.51,蔬菜,18,不健康
1122,20,5.0,23-27,女,0.17,0.77,0.93,0.26,荤素搭配,中,主食,0.36,0.78,0.97,0.58,面食,5,不健康
1001,3,2.48,23-27,女,0.23,0.02,0.38,0.14,荤素搭配,中,小吃,0.72,0.9,0.76,0.05,蔬菜,19,不健康
1239,15,1.98,28-35,女,0.15,0.38,0.63,0.55,素食,高,炒菜,0.24,0.95,0.36,0.65,鸡肉,12,一般
1290,2,4.87,18-22,女,0.05,0.61,0.15,0.83,无特殊要求,中,主食,0.02,0.44,0.25,0.68,猪肉,18,健康
1096,2,5.0,18-22,男,0.04,0.34,0.68,0.47,荤素搭配,低,主食,0.02,0.44,0.25,0.68,蔬菜,12,健康
1126,3,5.0,23-27,男,1.0,0.38,0.6,0.86,无特殊要求,低,小吃,0.72,0.9,0.76,0.05,蔬菜,12,不健康
1118,6,2.95,18-22,女,0.22,0.31,0.62,0.53,荤素搭配,低,炒菜,0.45,0.52,0.52,0.69,面食,7,不健康
1048,15,5.0,23-27,女,0.25,0.76,0.69,0.32,无特殊要求,低,炒菜,0.24,0.95,0.36,0.65,鸡肉,7,一般
1089,10,2.96,18-22,女,0.15,0.41,0.25,0.87,无特殊要求,高,炒菜,0.1,0.34,0.75,0.63,牛肉,19,不健康
1488,9,1.39,23-27,女,0.06,0.18,0.12,0.91,荤素搭配,中,小吃,0.33,0.38,0.93,0.21,蔬菜,12,不健康
1237,1,2.7,28-35,女,0.49,0.14,0.67,0.6,素食,低,主食,0.71,0.15,0.46,0.04,蔬菜,15,健康
1373,16,3.59,23-27,女,0.38,0.15,0.84,0.94,无特殊要求,低,小吃,0.74,0.02,0.96,0.34,牛肉,11,一般
1385,6,5.0,28-35,男,0.19,0.43,0.25,0.09,素食,高,炒菜,0.45,0.52,0.52,0.69,面食,19,不健康
1272,9,5.0,28-35,女,0.41,0.99,0.47,0.26,素食,中,小吃,0.33,0.38,0.93,0.21,蔬菜,12,不健康
1189,4,5.0,23-27,男,0.91,0.29,0.85,0.31,素食,高,主食,0.37,0.27,0.39,0.16,面食,19,健康
1487,2,3.25,28-35,女,0.05,0.0,0.35,0.24,素食,高,主食,0.02,0.44,0.25,0.68,猪肉,18,健康
1192,4,2.49,18-22,男,0.32,0.39,0.62,0.16,无特殊要求,高,主食,0.37,0.27,0.39,0.16,面食,19,健康
1447,1,3.45,23-27,男,0.52,0.07,0.11,0.38,荤素搭配,低,主食,0.71,0.15,0.46,0.04,鸡肉,15,健康
1069,19,5.0,18-22,男,0.83,0.33,0.39,0.56,无特殊要求,高,小吃,0.74,0.34,0.36,0.51,鸡肉,18,不健康
1278,10,4.31,28-35,女,0.22,0.42,0.19,0.01,素食,中,炒菜,0.1,0.34,0.75,0.63,蔬菜,19,不健康
1349,15,5.0,18-22,女,0.36,0.28,0.48,0.47,荤素搭配,低,炒菜,0.24,0.95,0.36,0.65,鸡肉,7,一般
1247,19,4.86,28-35,女,0.23,0.94,0.59,0.31,素食,低,小吃,0.74,0.34,0.36,0.51,鸡肉,14,不健康
1451,16,5.0,28-35,男,0.97,0.16,0.18,0.57,素食,中,小吃,0.74,0.02,0.96,0.34,牛肉,11,一般
1076,4,1.29,28-35,男,0.16,0.34,0.34,0.04,素食,中,主食,0.37,0.27,0.39,0.16,牛肉,19,健康
1154,2,2.88,28-35,女,0.31,0.92,0.66,0.44,素食,低,主食,0.02,0.44,0.25,0.68,蔬菜,14,健康
1144,13,5.0,28-35,男,0.68,0.3,0.56,0.71,素食,低,汤,0.7,0.31,0.87,0.34,蔬菜,13,一般
1435,1,4.74,23-27,女,0.41,0.27,0.31,0.53,素食,低,主食,0.71,0.15,0.46,0.04,面食,15,健康
1485,17,5.0,23-27,男,0.09,0.11,0.73,0.94,素食,高,汤,0.19,0.85,0.7,0.09,面食,19,一般
1086,13,5.0,28-35,男,0.95,0.49,0.95,0.18,素食,低,汤,0.7,0.31,0.87,0.34,蔬菜,13,一般
1185,4,4.94,18-22,女,0.13,0.92,0.83,0.33,荤素搭配,高,主食,0.37,0.27,0.39,0.16,蔬菜,19,健康
1285,7,3.87,23-27,男,0.66,0.47,0.81,0.16,无特殊要求,低,汤,0.05,0.71,0.58,0.2,面食,12,不健康
1462,17,3.34,18-22,女,0.41,1.0,0.58,0.04,无特殊要求,高,汤,0.19,0.85,0.7,0.09,猪肉,19,一般
1220,9,2.5,18-22,男,0.21,0.07,0.29,0.63,荤素搭配,高,小吃,0.33,0.38,0.93,0.21,蔬菜,12,不健康
1069,4,1.71,18-22,男,0.83,0.09,0.39,0.56,无特殊要求,高,主食,0.37,0.27,0.39,0.16,牛肉,19,健康
1047,19,1.97,28-35,女,0.17,0.65,0.61,0.79,素食,低,小吃,0.74,0.34,0.36,0.51,鸡肉,8,不健康
1497,1,1.55,28-35,男,0.36,0.07,0.57,0.56,素食,中,主食,0.71,0.15,0.46,0.04,蔬菜,15,健康
1094,10,2.87,23-27,男,0.81,0.11,0.25,0.89,荤素搭配,高,炒菜,0.1,0.34,0.75,0.63,牛肉,19,不健康
1238,4,3.2,18-22,女,0.29,0.01,0.08,0.39,荤素搭配,低,主食,0.37,0.27,0.39,0.16,牛肉,10,健康
1446,9,2.39,28-35,女,0.01,0.46,0.02,0.91,素食,高,小吃,0.33,0.38,0.93,0.21,蔬菜,12,不健康
1500,13,3.74,18-22,女,0.07,0.5,0.92,0.63,荤素搭配,低,汤,0.7,0.31,0.87,0.34,蔬菜,13,一般
1453,14,3.46,18-22,女,0.08,0.85,0.54,0.41,无特殊要求,低,小吃,0.62,0.29,0.92,0.78,猪肉,11,健康
1204,10,3.11,23-27,女,0.07,0.4,0.58,0.85,素食,低,炒菜,0.1,0.34,0.75,0.63,蔬菜,6,不健康
1400,6,4.04,23-27,男,0.05,0.09,0.82,0.24,素食,中,炒菜,0.45,0.52,0.52,0.69,面食,7,不健康
1218,16,2.19,23-27,女,0.1,0.19,0.55,0.02,无特殊要求,低,小吃,0.74,0.02,0.96,0.34,牛肉,11,一般
1474,6,5.0,18-22,女,0.46,0.2,0.3,0.2,荤素搭配,中,炒菜,0.45,0.52,0.52,0.69,面食,7,不健康
1432,17,1.9,28-35,女,0.06,0.53,0.34,0.66,素食,中,汤,0.19,0.85,0.7,0.09,蔬菜,19,一般
1341,10,1.91,23-27,男,0.06,0.5,0.13,0.97,素食,中,炒菜,0.1,0.34,0.75,0.63,面食,19,不健康
1039,18,5.0,28-35,女,0.02,0.77,0.43,0.76,素食,低,汤,0.12,0.72,0.07,0.92,猪肉,12,不健康
1100,18,2.75,18-22,男,0.81,0.38,0.79,0.35,无特殊要求,低,汤,0.12,0.72,0.07,0.92,猪肉,12,不健康
1289,3,4.31,23-27,女,0.46,0.77,0.34,0.63,无特殊要求,中,小吃,0.72,0.9,0.76,0.05,蔬菜,19,不健康
1254,20,3.37,18-22,男,0.33,0.08,0.07,0.2,荤素搭配,低,主食,0.36,0.78,0.97,0.58,面食,5,不健康
1222,15,1.9,18-22,男,0.24,0.14,0.85,0.62,无特殊要求,中,炒菜,0.24,0.95,0.36,0.65,鸡肉,7,一般
1357,15,5.0,18-22,女,0.03,0.06,0.54,0.72,荤素搭配,高,炒菜,0.24,0.95,0.36,0.65,鸡肉,19,一般
1023,4,4.28,23-27,男,0.01,0.46,0.13,0.66,荤素搭配,低,主食,0.37,0.27,0.39,0.16,牛肉,13,健康
1250,9,2.48,23-27,男,0.76,0.07,0.01,0.9,无特殊要求,中,小吃,0.33,0.38,0.93,0.21,蔬菜,12,不健康
1010,19,1.9,18-22,男,0.43,0.19,0.77,0.47,荤素搭配,中,小吃,0.74,0.34,0.36,0.51,面食,18,不健康
1246,17,3.9,18-22,男,0.61,0.37,0.43,0.59,荤素搭配,中,汤,0.19,0.85,0.7,0.09,蔬菜,19,一般
1325,11,5.0,28-35,男,0.65,0.38,0.98,0.67,素食,低,汤,0.42,0.96,0.73,0.06,牛肉,6,健康
1100,9,5.0,18-22,男,0.81,0.38,0.79,0.35,无特殊要求,低,小吃,0.33,0.38,0.93,0.21,蔬菜,12,不健康
1290,10,1.85,18-22,女,0.05,0.61,0.15,0.83,无特殊要求,中,炒菜,0.1,0.34,0.75,0.63,牛肉,19,不健康
1180,18,4.39,23-27,男,0.98,0.3,0.87,0.0,素食,中,汤,0.12,0.72,0.07,0.92,面食,12,不健康
1223,20,4.48,18-22,女,0.19,0.18,0.87,0.74,无特殊要求,低,主食,0.36,0.78,0.97,0.58,面食,5,不健康
1394,13,2.38,28-35,男,0.48,0.34,0.9,0.14,素食,高,汤,0.7,0.31,0.87,0.34,蔬菜,13,一般
1250,8,4.73,23-27,男,0.76,0.07,0.01,0.9,无特殊要求,中,小吃,0.05,0.11,0.52,0.76,猪肉,9,健康
1147,7,5.0,23-27,男,0.01,0.33,0.18,0.47,荤素搭配,低,汤,0.05,0.71,0.58,0.2,面食,12,不健康
1442,17,3.19,23-27,女,0.11,0.82,0.32,0.98,无特殊要求,低,汤,0.19,0.85,0.7,0.09,猪肉,9,一般
1096,15,4.3,18-22,男,0.04,0.2,0.68,0.47,荤素搭配,低,炒菜,0.24,0.95,0.36,0.65,面食,7,一般
1257,20,3.91,18-22,女,0.08,0.11,0.21,0.47,无特殊要求,中,主食,0.36,0.78,0.97,0.58,面食,5,不健康
1325,15,5.0,28-35,男,0.65,0.38,0.98,0.67,素食,低,炒菜,0.24,0.95,0.36,0.65,鸡肉,7,一般
1493,1,1.84,23-27,女,0.13,0.76,0.42,0.3,素食,中,主食,0.71,0.15,0.46,0.04,面食,15,健康
1004,14,5.0,23-27,女,0.44,0.07,0.4,0.76,荤素搭配,中,小吃,0.62,0.29,0.92,0.78,猪肉,11,健康
1016,5,4.8,28-35,女,0.2,0.93,0.26,0.15,素食,中,汤,0.1,0.52,0.72,0.7,蔬菜,14,一般
1280,11,3.06,23-27,女,0.38,0.2,0.79,0.78,无特殊要求,中,汤,0.42,0.96,0.73,0.06,牛肉,6,健康
1336,16,3.51,18-22,男,0.68,0.26,0.86,0.49,无特殊要求,高,小吃,0.74,0.02,0.96,0.34,蔬菜,11,一般
1247,2,2.78,28-35,女,0.23,0.94,0.59,0.31,素食,低,主食,0.02,0.44,0.25,0.68,猪肉,11,健康
1258,8,4.85,18-22,男,0.97,0.35,0.9,0.33,荤素搭配,高,小吃,0.05,0.11,0.52,0.76,面食,11,健康
1497,11,5.0,28-35,男,0.36,0.07,0.57,0.56,素食,中,汤,0.42,0.96,0.73,0.06,面食,6,健康
1476,18,4.02,18-22,女,0.27,0.97,0.17,0.22,无特殊要求,低,汤,0.12,0.72,0.07,0.92,蔬菜,12,不健康
1384,3,2.61,28-35,男,0.75,0.13,0.58,0.49,素食,低,小吃,0.72,0.9,0.76,0.05,蔬菜,12,不健康
1160,1,3.69,18-22,女,0.45,0.98,0.06,0.9,无特殊要求,高,主食,0.71,0.15,0.46,0.04,鸡肉,15,健康
1475,11,5.0,23-27,男,0.77,0.16,0.63,0.39,荤素搭配,中,汤,0.42,0.96,0.73,0.06,牛肉,6,健康
1340,16,4.67,28-35,男,0.9,0.39,0.78,0.72,素食,高,小吃,0.74,0.02,0.96,0.34,牛肉,11,一般
1152,18,4.48,23-27,女,0.29,0.19,0.16,0.24,荤素搭配,中,汤,0.12,0.72,0.07,0.92,猪肉,12,不健康
1396,16,3.18,28-35,女,0.34,0.45,0.36,0.29,素食,低,小吃,0.74,0.02,0.96,0.34,牛肉,11,一般
1178,10,5.0,28-35,男,0.99,0.07,1.0,0.24,素食,低,炒菜,0.1,0.34,0.75,0.63,牛肉,7,不健康
1163,18,5.0,18-22,女,0.12,0.53,0.36,0.79,无特殊要求,高,汤,0.12,0.72,0.07,0.92,猪肉,12,不健康
1380,6,4.82,23-27,男,0.91,0.23,0.93,0.81,无特殊要求,高,炒菜,0.45,0.52,0.52,0.69,面食,10,不健康
1033,19,5.0,18-22,女,0.03,0.31,0.18,0.86,无特殊要求,高,小吃,0.74,0.34,0.36,0.51,鸡肉,18,不健康
1417,4,3.61,28-35,女,0.42,0.37,0.08,0.96,素食,低,主食,0.37,0.27,0.39,0.16,牛肉,12,健康
1445,13,4.86,23-27,男,0.92,0.34,0.91,0.94,素食,低,汤,0.7,0.31,0.87,0.34,蔬菜,13,一般
1179,14,5.0,18-22,女,0.33,0.82,0.23,0.1,无特殊要求,中,小吃,0.62,0.29,0.92,0.78,猪肉,11,健康
1427,3,4.73,28-35,男,0.97,0.16,0.12,0.85,素食,低,小吃,0.72,0.9,0.76,0.05,蔬菜,10,不健康
1101,10,2.89,18-22,男,0.17,0.03,0.39,0.9,无特殊要求,高,炒菜,0.1,0.34,0.75,0.63,牛肉,19,不健康
1268,6,4.33,23-27,男,0.39,0.39,0.6,0.67,素食,中,炒菜,0.45,0.52,0.52,0.69,面食,7,不健康
1323,1,3.08,23-27,女,0.1,0.66,0.54,0.77,素食,中,主食,0.71,0.15,0.46,0.04,蔬菜,15,健康
1065,14,5.0,23-27,男,0.34,0.3,0.03,0.13,无特殊要求,中,小吃,0.62,0.29,0.92,0.78,猪肉,11,健康
1417,8,4.86,28-35,女,0.09,0.37,0.08,0.96,素食,低,小吃,0.05,0.11,0.52,0.76,猪肉,9,健康
1168,19,3.44,18-22,女,0.14,0.8,0.43,0.63,荤素搭配,低,小吃,0.74,0.34,0.36,0.51,鸡肉,6,不健康
1330,14,4.8,28-35,女,0.4,0.02,0.59,0.01,素食,高,小吃,0.62,0.29,0.92,0.78,猪肉,11,健康
1043,10,4.79,18-22,女,0.45,0.74,0.47,0.23,荤素搭配,低,炒菜,0.1,0.34,0.75,0.63,牛肉,5,不健康
1044,17,2.99,28-35,女,0.2,0.43,0.76,0.61,素食,中,汤,0.19,0.85,0.7,0.09,面食,19,一般
1285,9,5.0,23-27,男,0.66,0.47,0.81,0.16,无特殊要求,低,小吃,0.33,0.38,0.93,0.21,蔬菜,12,不健康
1397,6,2.27,28-35,男,0.17,0.38,0.96,0.41,素食,低,炒菜,0.45,0.52,0.52,0.69,面食,7,不健康
1012,11,5.0,23-27,女,0.38,0.9,0.9,0.33,荤素搭配,高,汤,0.42,0.96,0.73,0.06,牛肉,15,健康
1095,7,4.96,18-22,男,0.72,0.39,0.66,0.41,荤素搭配,低,汤,0.05,0.71,0.58,0.2,面食,12,不健康
1302,17,5.0,23-27,女,0.17,0.21,0.97,0.14,素食,低,汤,0.19,0.85,0.7,0.09,蔬菜,14,一般
1386,1,5.0,18-22,男,0.75,0.18,0.37,0.03,无特殊要求,中,主食,0.71,0.15,0.46,0.04,鸡肉,15,健康
1253,5,3.86,18-22,男,0.44,0.49,0.68,0.1,无特殊要求,中,汤,0.1,0.52,0.72,0.7,牛肉,14,一般
1499,9,5.0,28-35,男,0.19,0.0,0.51,0.56,素食,低,小吃,0.33,0.38,0.93,0.21,蔬菜,12,不健康
1242,18,4.81,23-27,男,0.88,0.04,0.99,0.66,素食,低,汤,0.12,0.72,0.07,0.92,蔬菜,12,不健康
1035,2,3.06,23-27,女,0.21,0.36,0.95,0.95,素食,中,主食,0.02,0.44,0.25,0.68,蔬菜,18,健康
1215,11,2.5,18-22,男,0.65,0.48,0.43,0.33,荤素搭配,高,汤,0.42,0.96,0.73,0.06,牛肉,18,健康
1337,6,3.97,23-27,女,0.13,0.29,0.66,0.61,荤素搭配,中,炒菜,0.45,0.52,0.52,0.69,面食,7,不健康
1090,8,2.25,18-22,男,0.43,0.17,0.26,0.0,无特殊要求,中,小吃,0.05,0.11,0.52,0.76,面食,9,健康
1264,4,1.85,28-35,男,0.82,0.36,0.41,0.76,素食,低,主食,0.37,0.27,0.39,0.16,牛肉,8,健康
1093,18,2.18,28-35,男,0.15,0.26,0.92,0.68,素食,中,汤,0.12,0.72,0.07,0.92,猪肉,12,不健康
1410,11,1.76,23-27,女,0.15,0.45,0.28,0.94,无特殊要求,低,汤,0.42,0.96,0.73,0.06,牛肉,6,健康
1458,5,3.11,18-22,男,0.67,0.24,0.44,0.63,无特殊要求,低,汤,0.1,0.52,0.72,0.7,牛肉,14,一般
1090,15,3.97,18-22,男,0.43,0.42,0.26,0.0,无特殊要求,中,炒菜,0.24,0.95,0.36,0.65,蔬菜,7,一般
1418,18,4.05,18-22,女,0.44,0.62,0.67,0.55,无特殊要求,高,汤,0.12,0.72,0.07,0.92,面食,12,不健康
1115,2,1.84,23-27,女,0.25,0.78,0.36,0.57,荤素搭配,高,主食,0.02,0.44,0.25,0.68,猪肉,18,健康
1105,11,2.23,23-27,男,0.05,0.12,0.07,0.76,素食,低,汤,0.42,0.96,0.73,0.06,面食,6,健康
1391,13,2.31,28-35,女,0.09,0.3,0.36,0.72,素食,中,汤,0.7,0.31,0.87,0.34,蔬菜,13,一般
1196,4,5.0,23-27,女,0.18,0.77,0.95,0.1,素食,中,主食,0.37,0.27,0.39,0.16,蔬菜,19,健康
1314,7,3.77,23-27,女,0.29,0.17,0.76,0.99,无特殊要求,中,汤,0.05,0.71,0.58,0.2,面食,12,不健康
1114,11,5.0,18-22,男,0.3,0.32,1.0,0.63,无特殊要求,高,汤,0.42,0.96,0.73,0.06,蔬菜,11,健康
1493,4,1.69,23-27,女,0.44,0.76,0.42,0.3,素食,中,主食,0.37,0.27,0.39,0.16,面食,19,健康
1075,15,5.0,28-35,男,0.34,0.31,0.84,0.88,素食,中,炒菜,0.24,0.95,0.36,0.65,鸡肉,7,一般
1413,1,3.57,18-22,女,0.21,0.8,0.62,0.47,无特殊要求,低,主食,0.71,0.15,0.46,0.04,鸡肉,15,健康
1376,3,3.25,23-27,男,0.8,0.46,0.33,0.16,荤素搭配,低,小吃,0.72,0.9,0.76,0.05,蔬菜,14,不健康
1420,14,3.67,28-35,男,0.49,0.11,0.08,0.34,素食,低,小吃,0.62,0.29,0.92,0.78,猪肉,11,健康
1217,6,3.04,23-27,女,0.42,0.15,0.96,0.4,无特殊要求,中,炒菜,0.45,0.52,0.52,0.69,面食,7,不健康
1277,18,2.98,23-27,男,0.68,0.35,0.31,0.68,荤素搭配,中,汤,0.12,0.72,0.07,0.92,猪肉,12,不健康
1249,1,1.9,23-27,男,0.68,0.32,0.79,0.13,荤素搭配,低,主食,0.71,0.15,0.46,0.04,鸡肉,15,健康
1164,6,2.38,23-27,女,0.44,0.91,0.01,0.81,素食,高,炒菜,0.45,0.52,0.52,0.69,面食,19,不健康
1394,6,4.13,28-35,男,0.48,0.28,0.9,0.14,素食,高,炒菜,0.45,0.52,0.52,0.69,面食,13,不健康
1357,16,5.0,18-22,女,0.03,0.06,0.54,0.72,荤素搭配,高,小吃,0.74,0.02,0.96,0.34,牛肉,11,一般
1457,5,3.35,23-27,女,0.36,0.42,0.1,0.04,荤素搭配,高,汤,0.1,0.52,0.72,0.7,牛肉,14,一般
1408,17,5.0,23-27,男,0.66,0.2,0.4,0.19,荤素搭配,低,汤,0.19,0.85,0.7,0.09,猪肉,11,一般
1192,10,2.73,18-22,男,0.32,0.39,0.62,0.16,荤素搭配,高,炒菜,0.1,0.34,0.75,0.63,面食,19,不健康
1227,18,3.26,23-27,女,0.01,0.27,0.82,1.0,荤素搭配,中,汤,0.12,0.72,0.07,0.92,猪肉,12,不健康
1177,7,1.89,23-27,男,0.6,0.2,0.92,0.91,荤素搭配,中,汤,0.05,0.71,0.58,0.2,面食,12,不健康
1099,3,5.0,23-27,男,0.66,0.39,0.84,0.95,荤素搭配,高,小吃,0.72,0.9,0.76,0.05,蔬菜,19,不健康
1496,13,3.07,28-35,男,0.94,0.36,0.96,0.84,素食,高,汤,0.7,0.31,0.87,0.34,蔬菜,13,一般
1036,15,4.77,23-27,女,0.14,0.18,0.86,0.39,荤素搭配,高,炒菜,0.24,0.95,0.36,0.65,鸡肉,17,一般
1466,20,4.79,18-22,女,0.28,0.91,0.67,0.4,无特殊要求,高,主食,0.36,0.78,0.97,0.58,面食,16,不健康
1497,19,3.78,28-35,男,0.36,0.07,0.57,0.56,素食,中,小吃,0.74,0.34,0.36,0.51,蔬菜,18,不健康
1487,3,5.0,28-35,女,0.05,0.0,0.35,0.24,素食,高,小吃,0.72,0.9,0.76,0.05,蔬菜,19,不健康
1096,4,1.57,18-22,男,0.04,0.38,0.68,0.47,无特殊要求,低,主食,0.37,0.27,0.39,0.16,蔬菜,6,健康
1152,5,1.48,23-27,女,0.48,0.19,0.16,0.24,荤素搭配,中,汤,0.1,0.52,0.72,0.7,牛肉,14,一般
1151,1,4.13,18-22,男,0.05,0.03,0.11,0.97,无特殊要求,中,主食,0.71,0.15,0.46,0.04,鸡肉,15,健康
1190,4,3.54,23-27,女,0.2,0.55,0.45,0.88,素食,低,主食,0.37,0.27,0.39,0.16,面食,11,健康
1224,12,1.87,28-35,女,0.42,0.41,0.26,0.98,素食,中,小吃,0.74,0.02,0.65,0.21,猪肉,11,一般
1037,10,5.0,23-27,女,0.0,0.27,0.6,0.8,荤素搭配,中,炒菜,0.1,0.34,0.75,0.63,牛肉,19,不健康
1268,20,4.69,23-27,男,0.39,0.4,0.6,0.67,素食,中,主食,0.36,0.78,0.97,0.58,面食,5,不健康
1369,13,5.0,23-27,男,0.25,0.31,0.75,0.4,荤素搭配,高,汤,0.7,0.31,0.87,0.34,蔬菜,13,一般
1183,14,5.0,23-27,男,0.19,0.13,0.42,0.09,荤素搭配,高,小吃,0.62,0.29,0.92,0.78,猪肉,11,健康
1013,5,3.01,23-27,男,0.95,0.02,0.38,0.9,荤素搭配,低,汤,0.1,0.52,0.72,0.7,牛肉,14,一般
1279,4,4.88,28-35,女,0.14,0.43,0.97,0.14,素食,中,主食,0.37,0.27,0.39,0.16,蔬菜,19,健康
1217,14,5.0,23-27,女,0.42,0.15,0.96,0.4,无特殊要求,中,小吃,0.62,0.29,0.92,0.78,猪肉,11,健康
1355,10,1.53,28-35,女,0.2,0.31,0.24,0.36,素食,高,炒菜,0.1,0.34,0.75,0.63,牛肉,19,不健康
1361,17,3.3,23-27,男,0.2,0.46,0.92,0.39,荤素搭配,中,汤,0.19,0.85,0.7,0.09,猪肉,19,一般
1286,10,4.66,18-22,女,0.5,0.06,0.19,0.66,无特殊要求,中,炒菜,0.1,0.34,0.75,0.63,面食,19,不健康
1273,7,1.76,23-27,女,0.27,0.49,0.6,0.1,荤素搭配,高,汤,0.05,0.71,0.58,0.2,面食,12,不健康
1369,16,3.06,23-27,男,0.25,0.29,0.75,0.4,荤素搭配,高,小吃,0.74,0.02,0.96,0.34,牛肉,11,一般
1062,1,3.67,23-27,女,0.46,0.02,0.4,0.99,素食,中,主食,0.71,0.15,0.46,0.04,蔬菜,15,健康
1084,17,2.0,28-35,男,0.71,0.27,0.12,0.81,素食,低,汤,0.19,0.85,0.7,0.09,猪肉,5,一般
1368,9,5.0,18-22,女,0.2,0.29,0.76,0.75,荤素搭配,高,小吃,0.33,0.38,0.93,0.21,蔬菜,12,不健康
1217,6,5.0,23-27,女,0.42,0.15,0.96,0.4,无特殊要求,中,炒菜,0.45,0.52,0.52,0.69,面食,7,不健康
1342,19,2.98,23-27,女,0.4,0.11,0.12,0.59,素食,高,小吃,0.74,0.34,0.36,0.51,面食,18,不健康
1397,13,2.34,28-35,男,0.17,0.32,0.96,0.41,素食,低,汤,0.7,0.31,0.87,0.34,蔬菜,13,一般
1187,3,3.7,18-22,女,0.13,0.05,0.69,0.83,无特殊要求,低,小吃,0.72,0.9,0.76,0.05,蔬菜,12,不健康
1019,7,4.56,18-22,女,0.15,0.26,0.25,0.97,荤素搭配,高,汤,0.05,0.71,0.58,0.2,面食,12,不健康
1177,9,5.0,23-27,男,0.6,0.2,0.92,0.91,荤素搭配,中,小吃,0.33,0.38,0.93,0.21,蔬菜,12,不健康
1100,5,2.09,18-22,男,0.81,0.38,0.79,0.35,无特殊要求,低,汤,0.1,0.52,0.72,0.7,牛肉,14,一般
1396,10,3.7,28-35,女,0.27,0.45,0.36,0.29,素食,低,炒菜,0.1,0.34,0.75,0.63,牛肉,5,不健康
1445,17,3.19,23-27,男,0.92,0.34,0.91,0.94,素食,低,汤,0.19,0.85,0.7,0.09,面食,6,一般
1233,12,1.69,23-27,女,0.35,0.76,0.61,0.1,素食,高,小吃,0.74,0.02,0.65,0.21,面食,11,一般
1403,16,3.16,23-27,男,0.1,0.2,0.96,0.43,素食,高,小吃,0.74,0.02,0.96,0.34,蔬菜,11,一般
1076,3,4.68,28-35,男,0.16,0.34,0.34,0.04,素食,中,小吃,0.72,0.9,0.76,0.05,蔬菜,19,不健康
1265,9,2.68,23-27,女,0.1,0.78,0.37,0.04,无特殊要求,中,小吃,0.33,0.38,0.93,0.21,蔬菜,12,不健康
1455,15,3.71,28-35,女,0.17,0.55,0.0,0.04,素食,高,炒菜,0.24,0.95,0.36,0.65,鸡肉,11,一般
1284,5,5.0,28-35,男,0.15,0.13,0.32,0.34,素食,中,汤,0.1,0.52,0.72,0.7,牛肉,14,一般
1206,13,3.98,18-22,男,0.57,0.45,0.31,0.5,荤素搭配,中,汤,0.7,0.31,0.87,0.34,蔬菜,13,一般
1223,14,3.55,18-22,女,0.19,0.18,0.87,0.74,荤素搭配,低,小吃,0.62,0.29,0.92,0.78,面食,11,健康
1384,20,2.64,28-35,男,0.75,0.35,0.58,0.49,素食,低,主食,0.36,0.78,0.97,0.58,面食,5,不健康
1052,15,4.48,18-22,女,0.42,0.07,0.1,0.42,无特殊要求,低,炒菜,0.24,0.95,0.36,0.65,鸡肉,7,一般
1339,16,5.0,28-35,女,0.08,0.78,0.25,0.68,素食,低,小吃,0.74,0.02,0.96,0.34,蔬菜,11,一般
1367,13,1.4,28-35,女,0.09,0.58,0.05,0.34,素食,低,汤,0.7,0.31,0.87,0.34,蔬菜,13,一般
1144,17,1.84,28-35,男,0.68,0.3,0.56,0.71,素食,低,汤,0.19,0.85,0.7,0.09,蔬菜,6,一般
1373,8,4.2,23-27,女,0.48,0.15,0.84,0.94,无特殊要求,低,小吃,0.05,0.11,0.52,0.76,猪肉,9,健康
1069,2,2.76,18-22,男,0.83,0.06,0.39,0.56,无特殊要求,高,主食,0.02,0.44,0.25,0.68,猪肉,18,健康
1099,5,4.54,23-27,男,0.66,0.39,0.84,0.95,荤素搭配,高,汤,0.1,0.52,0.72,0.7,牛肉,14,一般
1396,6,3.06,28-35,女,0.08,0.45,0.36,0.29,素食,低,炒菜,0.45,0.52,0.52,0.69,面食,7,不健康
1025,12,3.32,28-35,女,0.12,0.02,0.05,0.95,素食,高,小吃,0.74,0.02,0.65,0.21,猪肉,11,一般
1436,18,2.07,18-22,女,0.22,0.88,0.09,0.44,无特殊要求,高,汤,0.12,0.72,0.07,0.92,蔬菜,12,不健康
1379,1,4.2,28-35,女,0.06,0.56,0.08,0.9,素食,低,主食,0.71,0.15,0.46,0.04,鸡肉,15,健康
1469,17,2.57,18-22,女,0.01,0.27,0.17,0.48,荤素搭配,低,汤,0.19,0.85,0.7,0.09,面食,11,一般
1484,11,5.0,28-35,女,0.07,0.95,0.28,0.38,素食,低,汤,0.42,0.96,0.73,0.06,面食,6,健康
1053,10,5.0,28-35,男,0.31,0.05,0.38,0.76,素食,低,炒菜,0.1,0.34,0.75,0.63,牛肉,6,不健康
1151,19,1.58,18-22,男,0.05,0.03,0.11,0.97,无特殊要求,中,小吃,0.74,0.34,0.36,0.51,鸡肉,18,不健康
1144,14,4.58,28-35,男,0.68,0.3,0.56,0.71,素食,低,小吃,0.62,0.29,0.92,0.78,蔬菜,11,健康
1057,10,4.26,18-22,女,0.3,0.98,0.46,0.82,荤素搭配,中,炒菜,0.1,0.34,0.75,0.63,牛肉,19,不健康
1039,15,2.52,28-35,女,0.4,0.77,0.43,0.76,素食,低,炒菜,0.24,0.95,0.36,0.65,鸡肉,7,一般
1109,19,5.0,28-35,男,0.4,0.21,0.82,0.43,素食,低,小吃,0.74,0.34,0.36,0.51,鸡肉,12,不健康
1181,4,5.0,18-22,男,0.02,0.47,0.24,0.69,无特殊要求,低,主食,0.37,0.27,0.39,0.16,牛肉,9,健康
1042,2,4.09,28-35,女,0.24,0.8,0.43,0.92,素食,中,主食,0.02,0.44,0.25,0.68,猪肉,18,健康
1186,9,3.18,18-22,男,0.27,0.45,0.72,0.99,无特殊要求,中,小吃,0.33,0.38,0.93,0.21,蔬菜,12,不健康
1423,10,5.0,28-35,女,0.11,0.49,0.87,0.89,素食,高,炒菜,0.1,0.34,0.75,0.63,牛肉,19,不健康
1398,11,3.58,28-35,男,0.95,0.48,0.48,0.67,素食,中,汤,0.42,0.96,0.73,0.06,面食,6,健康
1223,14,5.0,18-22,女,0.19,0.18,0.87,0.74,无特殊要求,低,小吃,0.62,0.29,0.92,0.78,蔬菜,11,健康
1122,7,3.17,23-27,女,0.1,0.77,0.93,0.26,荤素搭配,中,汤,0.05,0.71,0.58,0.2,面食,12,不健康
1133,15,5.0,28-35,女,0.26,0.62,0.64,0.71,素食,中,炒菜,0.24,0.95,0.36,0.65,面食,7,一般
1163,19,2.8,18-22,女,0.12,0.53,0.36,0.79,无特殊要求,高,小吃,0.74,0.34,0.36,0.51,鸡肉,18,不健康
1215,15,3.41,18-22,男,0.65,0.22,0.43,0.33,荤素搭配,高,炒菜,0.24,0.95,0.36,0.65,鸡肉,15,一般
1221,8,2.59,23-27,男,0.57,0.07,0.55,0.27,无特殊要求,高,小吃,0.05,0.11,0.52,0.76,猪肉,19,健康
1235,11,3.0,23-27,女,0.18,0.47,0.65,0.03,荤素搭配,高,汤,0.42,0.96,0.73,0.06,牛肉,18,健康
1331,9,1.45,23-27,男,0.0,0.25,0.19,0.19,素食,低,小吃,0.33,0.38,0.93,0.21,蔬菜,12,不健康
1146,15,5.0,23-27,女,0.14,0.43,0.64,0.82,荤素搭配,高,炒菜,0.24,0.95,0.36,0.65,鸡肉,10,一般
1239,1,4.48,28-35,女,0.15,0.38,0.63,0.55,素食,高,主食,0.71,0.15,0.46,0.04,鸡肉,15,健康
1076,1,5.0,28-35,男,0.16,0.34,0.34,0.04,素食,中,主食,0.71,0.15,0.46,0.04,鸡肉,15,健康
1009,19,1.69,23-27,男,0.28,0.23,0.87,0.17,素食,中,小吃,0.74,0.34,0.36,0.51,蔬菜,18,不健康
1074,3,2.7,23-27,男,1.0,0.31,0.88,0.68,无特殊要求,低,小吃,0.72,0.9,0.76,0.05,蔬菜,10,不健康
1442,10,2.23,23-27,女,0.28,0.82,0.32,0.98,无特殊要求,低,炒菜,0.1,0.34,0.75,0.63,牛肉,10,不健康
1492,8,1.67,28-35,男,0.43,0.39,0.84,0.22,素食,高,小吃,0.05,0.11,0.52,0.76,蔬菜,16,健康
1401,15,2.94,18-22,男,0.32,0.48,0.6,0.29,无特殊要求,低,炒菜,0.24,0.95,0.36,0.65,鸡肉,7,一般
1253,10,5.0,18-22,男,0.44,0.49,0.68,0.1,无特殊要求,中,炒菜,0.1,0.34,0.75,0.63,牛肉,19,不健康
1230,1,4.17,18-22,女,0.25,0.33,0.92,0.27,无特殊要求,中,主食,0.71,0.15,0.46,0.04,鸡肉,15,健康
1007,18,4.37,28-35,女,0.28,0.11,0.63,0.19,素食,高,汤,0.12,0.72,0.07,0.92,猪肉,12,不健康
1174,2,1.74,18-22,男,0.12,0.07,0.97,0.68,荤素搭配,中,主食,0.02,0.44,0.25,0.68,猪肉,18,健康
1141,19,5.0,23-27,男,0.05,0.01,0.02,0.01,荤素搭配,中,小吃,0.74,0.34,0.36,0.51,鸡肉,18,不健康
1168,13,2.49,18-22,女,0.36,0.8,0.43,0.63,荤素搭配,低,汤,0.7,0.31,0.87,0.34,蔬菜,13,一般
1170,1,1.17,28-35,女,0.0,0.72,0.11,0.24,素食,低,主食,0.71,0.15,0.46,0.04,鸡肉,15,健康
1393,2,1.83,18-22,女,0.42,0.18,0.92,0.76,荤素搭配,高,主食,0.02,0.44,0.25,0.68,猪肉,18,健康
1434,16,1.87,18-22,女,0.29,0.28,0.67,0.02,无特殊要求,高,小吃,0.74,0.02,0.96,0.34,牛肉,11,一般
1283,15,1.9,18-22,女,0.11,0.19,0.5,0.79,无特殊要求,高,炒菜,0.24,0.95,0.36,0.65,面食,16,一般
1122,13,5.0,23-27,女,0.27,0.77,0.93,0.26,荤素搭配,中,汤,0.7,0.31,0.87,0.34,蔬菜,13,一般
1194,16,5.0,18-22,女,0.28,0.14,0.0,0.53,荤素搭配,中,小吃,0.74,0.02,0.96,0.34,面食,11,一般
1005,17,1.88,28-35,女,0.26,0.41,0.42,0.7,素食,中,汤,0.19,0.85,0.7,0.09,面食,19,一般
1029,7,1.86,18-22,女,0.41,0.6,0.58,0.23,无特殊要求,高,汤,0.05,0.71,0.58,0.2,面食,12,不健康
1165,17,1.95,28-35,男,0.94,0.33,0.13,0.08,素食,中,汤,0.19,0.85,0.7,0.09,蔬菜,19,一般
1422,7,1.79,23-27,男,0.52,0.17,0.98,0.38,荤素搭配,高,汤,0.05,0.71,0.58,0.2,面食,12,不健康
1339,13,3.1,28-35,女,0.47,0.78,0.25,0.68,素食,低,汤,0.7,0.31,0.87,0.34,蔬菜,13,一般
1136,5,2.58,23-27,男,0.04,0.24,0.11,0.53,荤素搭配,低,汤,0.1,0.52,0.72,0.7,牛肉,14,一般
1496,17,4.73,28-35,男,0.94,0.48,0.96,0.84,素食,高,汤,0.19,0.85,0.7,0.09,猪肉,19,一般
1365,3,2.19,18-22,女,0.48,0.45,0.35,0.84,荤素搭配,中,小吃,0.72,0.9,0.76,0.05,蔬菜,19,不健康
1321,7,3.78,23-27,女,0.06,0.23,0.79,0.8,无特殊要求,低,汤,0.05,0.71,0.58,0.2,面食,12,不健康
1342,17,4.38,23-27,女,0.31,0.11,0.12,0.59,素食,高,汤,0.19,0.85,0.7,0.09,蔬菜,19,一般
1500,7,4.06,18-22,女,0.07,0.5,0.92,0.63,荤素搭配,低,汤,0.05,0.71,0.58,0.2,面食,12,不健康
1145,1,5.0,28-35,男,0.73,0.19,0.87,0.87,素食,高,主食,0.71,0.15,0.46,0.04,鸡肉,15,健康
1327,17,2.76,23-27,女,0.47,0.16,0.52,0.79,无特殊要求,低,汤,0.19,0.85,0.7,0.09,猪肉,14,一般
1217,17,2.92,23-27,女,0.42,0.15,0.96,0.4,无特殊要求,中,汤,0.19,0.85,0.7,0.09,猪肉,19,一般
1301,11,2.78,28-35,男,0.22,0.26,0.98,0.65,素食,高,汤,0.42,0.96,0.73,0.06,蔬菜,18,健康
1132,3,1.82,28-35,男,0.21,0.31,0.48,0.45,素食,低,小吃,0.72,0.9,0.76,0.05,蔬菜,13,不健康
1292,15,5.0,28-35,男,0.4,0.37,0.28,0.91,素食,中,炒菜,0.24,0.95,0.36,0.65,蔬菜,7,一般
1070,11,4.72,28-35,女,0.31,0.17,0.4,0.34,素食,低,汤,0.42,0.96,0.73,0.06,牛肉,6,健康
1252,16,5.0,28-35,女,0.34,0.99,0.98,0.64,素食,低,小吃,0.74,0.02,0.96,0.34,蔬菜,11,一般
1415,9,2.13,23-27,女,0.4,0.52,0.78,0.34,荤素搭配,中,小吃,0.33,0.38,0.93,0.21,蔬菜,12,不健康
1275,1,1.73,28-35,男,0.63,0.42,0.27,0.51,素食,低,主食,0.71,0.15,0.46,0.04,鸡肉,15,健康
1445,16,5.0,23-27,男,0.92,0.34,0.91,0.94,素食,低,小吃,0.74,0.02,0.96,0.34,蔬菜,11,一般
1364,9,5.0,18-22,女,0.2,0.27,0.6,0.67,荤素搭配,中,小吃,0.33,0.38,0.93,0.21,蔬菜,12,不健康
1182,19,4.71,28-35,女,0.45,0.08,0.16,0.39,素食,高,小吃,0.74,0.34,0.36,0.51,鸡肉,18,不健康
1167,12,2.88,23-27,男,0.4,0.33,0.62,0.83,素食,低,小吃,0.74,0.02,0.65,0.21,蔬菜,11,一般
1091,19,3.82,28-35,女,0.5,0.1,0.75,0.28,素食,高,小吃,0.74,0.34,0.36,0.51,鸡肉,18,不健康
1202,9,4.28,18-22,女,0.33,0.89,0.85,0.21,荤素搭配,中,小吃,0.33,0.38,0.93,0.21,蔬菜,12,不健康
1346,7,2.31,28-35,男,0.77,0.4,0.72,0.88,素食,高,汤,0.05,0.71,0.58,0.2,面食,12,不健康
1019,14,3.53,18-22,女,0.47,0.26,0.25,0.97,荤素搭配,高,小吃,0.62,0.29,0.92,0.78,猪肉,11,健康
1039,19,5.0,28-35,女,0.07,0.77,0.43,0.76,素食,低,小吃,0.74,0.34,0.36,0.51,鸡肉,6,不健康
1126,19,2.52,23-27,男,1.0,0.38,0.6,0.86,无特殊要求,低,小吃,0.74,0.34,0.36,0.51,鸡肉,12,不健康
1451,2,2.52,28-35,男,0.97,0.16,0.18,0.57,素食,中,主食,0.02,0.44,0.25,0.68,猪肉,18,健康
1173,9,5.0,28-35,女,0.3,0.07,0.9,0.69,素食,高,小吃,0.33,0.38,0.93,0.21,蔬菜,12,不健康
1141,13,2.06,23-27,男,0.05,0.01,0.02,0.01,荤素搭配,中,汤,0.7,0.31,0.87,0.34,蔬菜,13,一般
1242,15,2.03,23-27,男,0.88,0.04,0.99,0.66,素食,低,炒菜,0.24,0.95,0.36,0.65,蔬菜,7,一般
1220,3,3.47,18-22,男,0.21,0.07,0.29,0.63,无特殊要求,高,小吃,0.72,0.9,0.76,0.05,蔬菜,19,不健康
1126,11,5.0,23-27,男,1.0,0.38,0.6,0.86,无特殊要求,低,汤,0.42,0.96,0.73,0.06,牛肉,6,健康
1058,14,5.0,23-27,女,0.31,0.5,0.93,0.89,素食,高,小吃,0.62,0.29,0.92,0.78,面食,11,健康
1148,8,2.42,23-27,男,0.87,0.23,0.48,0.13,荤素搭配,中,小吃,0.05,0.11,0.52,0.76,猪肉,9,健康
1476,18,2.02,18-22,女,0.49,0.97,0.17,0.22,无特殊要求,低,汤,0.12,0.72,0.07,0.92,面食,12,不健康
1456,19,1.46,28-35,女,0.2,0.19,0.25,0.3,素食,中,小吃,0.74,0.34,0.36,0.51,鸡肉,18,不健康
1317,16,5.0,28-35,男,0.68,0.29,0.33,0.68,素食,高,小吃,0.74,0.02,0.96,0.34,牛肉,11,一般
1383,2,1.88,18-22,女,0.47,0.23,0.59,0.92,无特殊要求,低,主食,0.02,0.44,0.25,0.68,猪肉,7,健康
1361,8,1.86,23-27,男,0.2,0.03,0.92,0.39,荤素搭配,中,小吃,0.05,0.11,0.52,0.76,猪肉,9,健康
1423,6,5.0,28-35,女,0.11,0.49,0.87,0.89,素食,高,炒菜,0.45,0.52,0.52,0.69,面食,17,不健康
1001,12,5.0,23-27,女,0.23,0.02,0.38,0.14,荤素搭配,中,小吃,0.74,0.02,0.65,0.21,猪肉,11,一般
1387,15,3.64,28-35,男,0.14,0.17,0.05,0.66,素食,中,炒菜,0.24,0.95,0.36,0.65,鸡肉,7,一般
1461,8,4.11,28-35,女,0.19,0.98,0.52,0.93,素食,低,小吃,0.05,0.11,0.52,0.76,面食,9,健康
1348,4,2.46,18-22,女,0.03,0.7,0.44,0.55,无特殊要求,中,主食,0.37,0.27,0.39,0.16,牛肉,19,健康
1190,15,5.0,23-27,女,0.2,0.55,0.45,0.88,素食,低,炒菜,0.24,0.95,0.36,0.65,面食,7,一般
1191,20,3.02,23-27,男,0.1,0.26,0.75,0.09,素食,中,主食,0.36,0.78,0.97,0.58,面食,5,不健康
1369,17,4.23,23-27,男,0.25,0.38,0.75,0.4,荤素搭配,高,汤,0.19,0.85,0.7,0.09,猪肉,19,一般
1409,13,5.0,28-35,男,0.27,0.11,0.57,0.46,素食,中,汤,0.7,0.31,0.87,0.34,蔬菜,13,一般
1312,18,1.44,18-22,男,0.78,0.02,0.82,0.3,无特殊要求,中,汤,0.12,0.72,0.07,0.92,面食,12,不健康
1417,2,3.85,28-35,女,0.0,0.37,0.08,0.96,素食,低,主食,0.02,0.44,0.25,0.68,猪肉,9,健康
1422,13,5.0,23-27,男,0.52,0.17,0.98,0.38,荤素搭配,高,汤,0.7,0.31,0.87,0.34,蔬菜,13,一般
1117,13,3.97,28-35,男,0.14,0.23,0.91,0.04,素食,中,汤,0.7,0.31,0.87,0.34,蔬菜,13,一般
1134,15,5.0,18-22,男,0.29,0.32,0.44,0.31,无特殊要求,高,炒菜,0.24,0.95,0.36,0.65,鸡肉,15,一般
1058,20,5.0,23-27,女,0.41,0.5,0.93,0.89,素食,高,主食,0.36,0.78,0.97,0.58,面食,13,不健康
1044,10,5.0,28-35,女,0.2,0.43,0.76,0.61,素食,中,炒菜,0.1,0.34,0.75,0.63,面食,19,不健康
1173,3,3.0,28-35,女,0.3,0.07,0.9,0.69,素食,高,小吃,0.72,0.9,0.76,0.05,蔬菜,19,不健康
1160,19,5.0,18-22,女,0.24,0.98,0.06,0.9,无特殊要求,高,小吃,0.74,0.34,0.36,0.51,鸡肉,18,不健康
1173,3,4.0,28-35,女,0.3,0.07,0.9,0.69,素食,高,小吃,0.72,0.9,0.76,0.05,蔬菜,19,不健康
1317,14,5.0,28-35,男,0.68,0.29,0.33,0.68,素食,高,小吃,0.62,0.29,0.92,0.78,猪肉,11,健康
1303,8,1.91,18-22,女,0.1,0.11,0.57,0.78,荤素搭配,高,小吃,0.05,0.11,0.52,0.76,猪肉,15,健康
1149,4,3.4,18-22,男,0.4,0.18,0.36,0.37,荤素搭配,低,主食,0.37,0.27,0.39,0.16,牛肉,12,健康
1080,20,5.0,18-22,男,0.07,0.15,0.76,0.11,无特殊要求,高,主食,0.36,0.78,0.97,0.58,面食,10,不健康
1374,11,4.76,23-27,女,0.14,0.49,0.26,0.75,素食,高,汤,0.42,0.96,0.73,0.06,蔬菜,11,健康
1213,11,2.32,18-22,女,0.33,0.81,0.44,0.12,荤素搭配,低,汤,0.42,0.96,0.73,0.06,牛肉,6,健康
1203,11,5.0,18-22,男,0.62,0.07,0.84,0.17,荤素搭配,中,汤,0.42,0.96,0.73,0.06,牛肉,6,健康
1252,2,4.13,28-35,女,0.13,0.99,0.98,0.64,素食,低,主食,0.02,0.44,0.25,0.68,面食,8,健康
1229,17,3.81,28-35,女,0.22,0.35,0.45,0.59,素食,低,汤,0.19,0.85,0.7,0.09,猪肉,14,一般
1164,9,1.78,23-27,女,0.37,0.91,0.01,0.81,素食,高,小吃,0.33,0.38,0.93,0.21,蔬菜,12,不健康
1227,2,5.0,23-27,女,0.28,0.27,0.82,1.0,荤素搭配,中,主食,0.02,0.44,0.25,0.68,猪肉,18,健康
1147,15,4.31,23-27,男,0.01,0.44,0.18,0.47,荤素搭配,低,炒菜,0.24,0.95,0.36,0.65,鸡肉,7,一般
1020,16,3.54,23-27,女,0.01,0.88,0.2,0.95,无特殊要求,高,小吃,0.74,0.02,0.96,0.34,牛肉,11,一般
1441,4,3.61,23-27,女,0.33,0.62,0.24,0.5,无特殊要求,中,主食,0.37,0.27,0.39,0.16,牛肉,19,健康
1402,8,5.0,23-27,女,0.32,0.3,0.06,0.0,荤素搭配,中,小吃,0.05,0.11,0.52,0.76,猪肉,9,健康
1047,9,2.04,28-35,女,0.17,0.65,0.61,0.79,素食,低,小吃,0.33,0.38,0.93,0.21,蔬菜,12,不健康
1233,5,3.94,23-27,女,0.35,0.76,0.61,0.1,素食,高,汤,0.1,0.52,0.72,0.7,蔬菜,14,一般
1305,16,5.0,23-27,男,0.47,0.2,0.83,0.46,素食,高,小吃,0.74,0.02,0.96,0.34,蔬菜,11,一般
1014,13,5.0,23-27,男,0.27,0.27,0.3,0.61,荤素搭配,高,汤,0.7,0.31,0.87,0.34,蔬菜,13,一般
1143,7,2.6,18-22,女,0.31,0.13,0.55,0.86,荤素搭配,高,汤,0.05,0.71,0.58,0.2,面食,12,不健康
1415,20,2.5,23-27,女,0.4,0.52,0.78,0.34,荤素搭配,中,主食,0.36,0.78,0.97,0.58,面食,5,不健康
1001,17,4.34,23-27,女,0.23,0.02,0.38,0.14,荤素搭配,中,汤,0.19,0.85,0.7,0.09,猪肉,19,一般
1373,3,4.27,23-27,女,0.18,0.15,0.84,0.94,无特殊要求,低,小吃,0.72,0.9,0.76,0.05,蔬菜,9,不健康
1054,5,3.26,28-35,女,0.11,0.7,0.26,0.94,素食,低,汤,0.1,0.52,0.72,0.7,牛肉,14,一般
1374,19,1.75,23-27,女,0.14,0.49,0.26,0.75,素食,高,小吃,0.74,0.34,0.36,0.51,蔬菜,18,不健康
1259,12,5.0,23-27,女,0.03,0.1,0.05,0.86,素食,高,小吃,0.74,0.02,0.65,0.21,蔬菜,11,一般
1144,7,2.71,28-35,男,0.68,0.3,0.56,0.71,素食,低,汤,0.05,0.71,0.58,0.2,面食,12,不健康
1471,9,2.99,23-27,女,0.35,0.69,0.4,0.19,无特殊要求,高,小吃,0.33,0.38,0.93,0.21,蔬菜,12,不健康
1441,6,5.0,23-27,女,0.18,0.62,0.24,0.5,无特殊要求,中,炒菜,0.45,0.52,0.52,0.69,面食,7,不健康
1459,17,2.06,23-27,男,0.83,0.43,0.64,0.95,无特殊要求,高,汤,0.19,0.85,0.7,0.09,猪肉,19,一般
1012,16,5.0,23-27,女,0.45,0.9,0.9,0.33,荤素搭配,高,小吃,0.74,0.02,0.96,0.34,牛肉,11,一般
1330,3,4.75,28-35,女,0.4,0.02,0.59,0.01,素食,高,小吃,0.72,0.9,0.76,0.05,蔬菜,19,不健康
1224,4,3.61,28-35,女,0.25,0.41,0.26,0.98,素食,中,主食,0.37,0.27,0.39,0.16,牛肉,19,健康
1272,10,5.0,28-35,女,0.41,0.99,0.47,0.26,素食,中,炒菜,0.1,0.34,0.75,0.63,牛肉,19,不健康
1456,5,2.51,28-35,女,0.2,0.19,0.25,0.3,素食,中,汤,0.1,0.52,0.72,0.7,牛肉,14,一般
1358,10,2.13,23-27,男,0.22,0.32,0.81,0.41,素食,中,炒菜,0.1,0.34,0.75,0.63,蔬菜,19,不健康
1460,12,5.0,28-35,女,0.21,0.43,0.64,0.18,素食,低,小吃,0.74,0.02,0.65,0.21,面食,11,一般
1408,10,5.0,23-27,男,0.66,0.11,0.4,0.19,荤素搭配,低,炒菜,0.1,0.34,0.75,0.63,牛肉,12,不健康
1156,13,1.9,18-22,男,0.94,0.16,0.04,0.45,无特殊要求,高,汤,0.7,0.31,0.87,0.34,蔬菜,13,一般
1373,11,5.0,23-27,女,0.16,0.15,0.84,0.94,无特殊要求,低,汤,0.42,0.96,0.73,0.06,牛肉,6,健康
1008,16,4.39,28-35,男,0.51,0.08,0.88,0.46,素食,高,小吃,0.74,0.02,0.96,0.34,面食,11,一般
1122,8,5.0,23-27,女,0.12,0.77,0.93,0.26,荤素搭配,中,小吃,0.05,0.11,0.52,0.76,猪肉,9,健康
1348,8,3.73,18-22,女,0.03,0.7,0.44,0.55,无特殊要求,中,小吃,0.05,0.11,0.52,0.76,猪肉,9,健康
1164,8,2.76,23-27,女,0.46,0.91,0.01,0.81,素食,高,小吃,0.05,0.11,0.52,0.76,蔬菜,12,健康
1090,13,2.78,18-22,男,0.43,0.21,0.26,0.0,荤素搭配,中,汤,0.7,0.31,0.87,0.34,蔬菜,13,一般
1136,2,4.49,23-27,男,0.04,0.24,0.11,0.53,荤素搭配,低,主食,0.02,0.44,0.25,0.68,猪肉,12,健康
1186,12,3.89,18-22,男,0.27,0.26,0.72,0.99,无特殊要求,中,小吃,0.74,0.02,0.65,0.21,猪肉,11,一般
1316,10,3.11,18-22,女,0.14,0.55,0.61,0.71,无特殊要求,中,炒菜,0.1,0.34,0.75,0.63,蔬菜,19,不健康
1178,12,5.0,28-35,男,0.99,0.37,1.0,0.24,素食,低,小吃,0.74,0.02,0.65,0.21,猪肉,11,一般
1028,11,2.25,28-35,男,0.78,0.39,0.45,0.36,素食,高,汤,0.42,0.96,0.73,0.06,牛肉,12,健康
1220,15,1.63,18-22,男,0.21,0.07,0.29,0.63,荤素搭配,高,炒菜,0.24,0.95,0.36,0.65,面食,19,一般
1357,16,3.79,18-22,女,0.03,0.06,0.54,0.72,荤素搭配,高,小吃,0.74,0.02,0.96,0.34,牛肉,11,一般
1041,17,5.0,23-27,女,0.34,0.35,0.92,0.93,无特殊要求,高,汤,0.19,0.85,0.7,0.09,猪肉,19,一般
1228,2,5.0,28-35,男,0.08,0.47,0.8,0.79,素食,低,主食,0.02,0.44,0.25,0.68,猪肉,12,健康
1192,18,3.51,18-22,男,0.32,0.39,0.62,0.16,荤素搭配,高,汤,0.12,0.72,0.07,0.92,面食,12,不健康
1411,12,2.04,18-22,女,0.1,0.08,0.52,0.23,荤素搭配,中,小吃,0.74,0.02,0.65,0.21,猪肉,11,一般
1447,19,3.64,23-27,男,0.52,0.07,0.11,0.38,荤素搭配,低,小吃,0.74,0.34,0.36,0.51,鸡肉,8,不健康
1145,18,5.0,28-35,男,0.73,0.04,0.87,0.87,素食,高,汤,0.12,0.72,0.07,0.92,猪肉,12,不健康
1201,17,3.32,18-22,男,0.87,0.45,0.98,0.96,无特殊要求,低,汤,0.19,0.85,0.7,0.09,猪肉,12,一般
1417,6,5.0,28-35,女,0.25,0.37,0.08,0.96,素食,低,炒菜,0.45,0.52,0.52,0.69,面食,7,不健康
1212,15,3.46,18-22,男,0.33,0.04,0.76,0.75,荤素搭配,中,炒菜,0.24,0.95,0.36,0.65,鸡肉,7,一般
1461,3,3.73,28-35,女,0.43,0.98,0.52,0.93,素食,低,小吃,0.72,0.9,0.76,0.05,蔬菜,7,不健康
1220,6,2.72,18-22,男,0.21,0.07,0.29,0.63,无特殊要求,高,炒菜,0.45,0.52,0.52,0.69,面食,18,不健康
1240,3,3.98,28-35,男,0.23,0.34,0.61,0.86,素食,高,小吃,0.72,0.9,0.76,0.05,蔬菜,19,不健康
1413,1,1.57,18-22,女,0.21,0.8,0.62,0.47,无特殊要求,低,主食,0.71,0.15,0.46,0.04,鸡肉,15,健康
1397,13,4.34,28-35,男,0.17,0.28,0.96,0.41,素食,低,汤,0.7,0.31,0.87,0.34,蔬菜,13,一般
1046,14,2.18,28-35,女,0.04,0.99,0.41,0.01,素食,中,小吃,0.62,0.29,0.92,0.78,面食,11,健康
1035,13,5.0,23-27,女,0.45,0.36,0.95,0.95,素食,中,汤,0.7,0.31,0.87,0.34,蔬菜,13,一般
1253,4,4.58,18-22,男,0.44,0.49,0.68,0.1,无特殊要求,中,主食,0.37,0.27,0.39,0.16,牛肉,19,健康
1390,7,5.0,18-22,男,0.61,0.09,0.55,0.63,无特殊要求,中,汤,0.05,0.71,0.58,0.2,面食,12,不健康
1082,10,3.66,28-35,男,0.08,0.17,0.13,0.39,素食,中,炒菜,0.1,0.34,0.75,0.63,牛肉,19,不健康
1371,7,3.86,23-27,男,0.17,0.2,0.43,0.59,无特殊要求,高,汤,0.05,0.71,0.58,0.2,面食,12,不健康
1256,15,2.04,28-35,女,0.08,0.55,0.27,0.61,素食,低,炒菜,0.24,0.95,0.36,0.65,蔬菜,7,一般
1197,15,4.6,18-22,女,0.16,0.96,0.04,0.98,荤素搭配,中,炒菜,0.24,0.95,0.36,0.65,鸡肉,7,一般
1303,4,2.41,18-22,女,0.1,0.11,0.57,0.78,荤素搭配,高,主食,0.37,0.27,0.39,0.16,牛肉,19,健康
1409,6,4.18,28-35,男,0.27,0.46,0.57,0.46,素食,中,炒菜,0.45,0.52,0.52,0.69,面食,7,不健康
1450,20,2.38,23-27,女,0.37,0.01,0.69,0.98,荤素搭配,高,主食,0.36,0.78,0.97,0.58,面食,15,不健康
1010,5,2.03,18-22,男,0.43,0.19,0.77,0.47,无特殊要求,中,汤,0.1,0.52,0.72,0.7,蔬菜,14,一般
1312,20,3.27,18-22,男,0.78,0.02,0.82,0.3,荤素搭配,中,主食,0.36,0.78,0.97,0.58,面食,5,不健康
1286,12,1.85,18-22,女,0.01,0.06,0.19,0.66,无特殊要求,中,小吃,0.74,0.02,0.65,0.21,面食,11,一般
1242,1,5.0,23-27,男,0.88,0.04,0.99,0.66,素食,低,主食,0.71,0.15,0.46,0.04,蔬菜,15,健康
1251,8,5.0,18-22,女,0.02,0.35,0.23,0.62,无特殊要求,高,小吃,0.05,0.11,0.52,0.76,面食,13,健康
1365,1,3.73,18-22,女,0.47,0.45,0.35,0.84,荤素搭配,中,主食,0.71,0.15,0.46,0.04,鸡肉,15,健康
1005,5,5.0,28-35,女,0.15,0.41,0.42,0.7,素食,中,汤,0.1,0.52,0.72,0.7,面食,14,一般
1119,6,3.65,18-22,女,0.22,0.16,0.24,0.5,无特殊要求,高,炒菜,0.45,0.52,0.52,0.69,面食,16,不健康
1289,3,5.0,23-27,女,0.46,0.77,0.34,0.63,无特殊要求,中,小吃,0.72,0.9,0.76,0.05,蔬菜,19,不健康
1374,15,4.08,23-27,女,0.14,0.49,0.26,0.75,素食,高,炒菜,0.24,0.95,0.36,0.65,面食,10,一般
1065,5,2.5,23-27,男,0.34,0.39,0.03,0.13,无特殊要求,中,汤,0.1,0.52,0.72,0.7,牛肉,14,一般
1146,14,2.71,23-27,女,0.18,0.43,0.64,0.82,荤素搭配,高,小吃,0.62,0.29,0.92,0.78,猪肉,11,健康
1224,18,2.29,28-35,女,0.37,0.41,0.26,0.98,素食,中,汤,0.12,0.72,0.07,0.92,猪肉,12,不健康
1239,16,2.91,28-35,女,0.15,0.38,0.63,0.55,素食,高,小吃,0.74,0.02,0.96,0.34,牛肉,11,一般
1177,6,5.0,23-27,男,0.6,0.2,0.92,0.91,荤素搭配,中,炒菜,0.45,0.52,0.52,0.69,面食,7,不健康
1267,14,5.0,18-22,男,0.08,0.26,0.71,0.33,无特殊要求,中,小吃,0.62,0.29,0.92,0.78,猪肉,11,健康
1341,8,4.87,23-27,男,0.06,0.37,0.13,0.97,素食,中,小吃,0.05,0.11,0.52,0.76,蔬菜,9,健康
1282,7,2.3,23-27,男,0.99,0.46,0.96,0.34,荤素搭配,高,汤,0.05,0.71,0.58,0.2,面食,12,不健康
1063,8,5.0,18-22,男,0.1,0.42,0.31,0.91,无特殊要求,中,小吃,0.05,0.11,0.52,0.76,蔬菜,9,健康
1217,13,4.31,23-27,女,0.42,0.15,0.96,0.4,无特殊要求,中,汤,0.7,0.31,0.87,0.34,蔬菜,13,一般
1342,6,5.0,23-27,女,0.29,0.11,0.12,0.59,素食,高,炒菜,0.45,0.52,0.52,0.69,面食,19,不健康
1315,18,4.53,28-35,男,0.78,0.3,0.24,0.22,素食,低,汤,0.12,0.72,0.07,0.92,猪肉,12,不健康
1283,2,2.75,18-22,女,0.11,0.19,0.5,0.79,无特殊要求,高,主食,0.02,0.44,0.25,0.68,面食,18,健康
1177,8,4.22,23-27,男,0.6,0.2,0.92,0.91,荤素搭配,中,小吃,0.05,0.11,0.52,0.76,猪肉,9,健康
1461,11,5.0,28-35,女,0.12,0.98,0.52,0.93,素食,低,汤,0.42,0.96,0.73,0.06,蔬菜,6,健康
1417,1,3.76,28-35,女,0.29,0.37,0.08,0.96,素食,低,主食,0.71,0.15,0.46,0.04,鸡肉,15,健康
1098,6,5.0,23-27,女,0.45,0.51,0.13,0.22,无特殊要求,低,炒菜,0.45,0.52,0.52,0.69,面食,7,不健康
1105,16,1.36,23-27,男,0.05,0.12,0.07,0.76,素食,低,小吃,0.74,0.02,0.96,0.34,面食,11,一般
1099,20,5.0,23-27,男,0.66,0.39,0.84,0.95,荤素搭配,高,主食,0.36,0.78,0.97,0.58,面食,15,不健康
1385,12,2.34,28-35,男,0.19,0.04,0.25,0.09,素食,高,小吃,0.74,0.02,0.65,0.21,猪肉,11,一般
1405,11,5.0,18-22,男,0.61,0.46,0.2,0.76,无特殊要求,低,汤,0.42,0.96,0.73,0.06,面食,6,健康
1496,10,5.0,28-35,男,0.94,0.34,0.96,0.84,素食,高,炒菜,0.1,0.34,0.75,0.63,牛肉,19,不健康
1311,3,3.62,23-27,女,0.18,0.69,0.31,0.88,荤素搭配,低,小吃,0.72,0.9,0.76,0.05,蔬菜,8,不健康
1006,13,5.0,23-27,女,0.24,0.27,0.44,0.8,荤素搭配,低,汤,0.7,0.31,0.87,0.34,蔬菜,13,一般
1476,3,5.0,18-22,女,0.48,0.97,0.17,0.22,荤素搭配,低,小吃,0.72,0.9,0.76,0.05,蔬菜,10,不健康
1465,15,5.0,28-35,男,0.97,0.36,0.6,0.61,素食,中,炒菜,0.24,0.95,0.36,0.65,鸡肉,7,一般
1197,16,3.51,18-22,女,0.16,0.96,0.04,0.98,荤素搭配,中,小吃,0.74,0.02,0.96,0.34,牛肉,11,一般
1351,13,5.0,18-22,男,0.9,0.44,0.89,0.27,荤素搭配,低,汤,0.7,0.31,0.87,0.34,蔬菜,13,一般
1133,17,5.0,28-35,女,0.46,0.62,0.64,0.71,素食,中,汤,0.19,0.85,0.7,0.09,蔬菜,19,一般
1358,3,2.44,23-27,男,0.22,0.31,0.81,0.41,素食,中,小吃,0.72,0.9,0.76,0.05,蔬菜,19,不健康
1259,20,4.98,23-27,女,0.21,0.1,0.05,0.86,素食,高,主食,0.36,0.78,0.97,0.58,面食,13,不健康
1437,11,4.19,28-35,女,0.02,0.62,0.29,0.42,素食,高,汤,0.42,0.96,0.73,0.06,面食,14,健康
1023,19,2.55,23-27,男,0.01,0.46,0.13,0.66,荤素搭配,低,小吃,0.74,0.34,0.36,0.51,鸡肉,9,不健康
1485,11,2.73,23-27,男,0.09,0.11,0.73,0.94,素食,高,汤,0.42,0.96,0.73,0.06,面食,14,健康
1053,16,2.87,28-35,男,0.31,0.07,0.38,0.76,素食,低,小吃,0.74,0.02,0.96,0.34,牛肉,11,一般
1165,3,2.49,28-35,男,0.94,0.41,0.13,0.08,素食,中,小吃,0.72,0.9,0.76,0.05,蔬菜,19,不健康
1202,6,4.2,18-22,女,0.33,0.89,0.85,0.21,无特殊要求,中,炒菜,0.45,0.52,0.52,0.69,面食,7,不健康
1458,14,5.0,18-22,男,0.67,0.19,0.44,0.63,无特殊要求,低,小吃,0.62,0.29,0.92,0.78,猪肉,11,健康
1083,18,3.34,28-35,男,0.85,0.25,0.51,0.59,素食,低,汤,0.12,0.72,0.07,0.92,面食,12,不健康
1145,17,4.4,28-35,男,0.73,0.44,0.87,0.87,素食,高,汤,0.19,0.85,0.7,0.09,猪肉,19,一般
1085,4,4.54,28-35,女,0.48,0.45,0.42,0.51,素食,高,主食,0.37,0.27,0.39,0.16,牛肉,19,健康
1078,15,2.02,28-35,女,0.05,0.38,0.14,0.71,素食,低,炒菜,0.24,0.95,0.36,0.65,蔬菜,7,一般
1457,11,3.63,23-27,女,0.36,0.42,0.1,0.04,荤素搭配,高,汤,0.42,0.96,0.73,0.06,牛肉,14,健康
1366,3,3.91,23-27,男,0.76,0.32,0.1,0.07,荤素搭配,中,小吃,0.72,0.9,0.76,0.05,蔬菜,19,不健康
1001,3,5.0,23-27,女,0.23,0.02,0.38,0.14,荤素搭配,中,小吃,0.72,0.9,0.76,0.05,蔬菜,19,不健康
1051,16,3.86,28-35,女,0.25,0.51,0.4,0.12,素食,低,小吃,0.74,0.02,0.96,0.34,蔬菜,11,一般
1173,5,5.0,28-35,女,0.3,0.07,0.9,0.69,素食,高,汤,0.1,0.52,0.72,0.7,蔬菜,14,一般
1205,10,1.76,18-22,女,0.3,0.44,0.06,0.75,无特殊要求,高,炒菜,0.1,0.34,0.75,0.63,蔬菜,19,不健康
1260,19,1.77,18-22,男,0.93,0.09,0.11,0.03,荤素搭配,高,小吃,0.74,0.34,0.36,0.51,鸡肉,18,不健康
1446,4,4.28,28-35,女,0.01,0.46,0.02,0.91,素食,高,主食,0.37,0.27,0.39,0.16,牛肉,19,健康
1449,19,5.0,23-27,男,0.04,0.25,0.02,0.95,素食,低,小吃,0.74,0.34,0.36,0.51,蔬菜,14,不健康
1369,11,5.0,23-27,男,0.25,0.44,0.75,0.4,荤素搭配,高,汤,0.42,0.96,0.73,0.06,牛肉,19,健康
1488,2,2.73,23-27,女,0.06,0.18,0.12,0.91,荤素搭配,中,主食,0.02,0.44,0.25,0.68,猪肉,18,健康
1288,10,2.97,28-35,女,0.21,0.81,0.77,0.15,素食,高,炒菜,0.1,0.34,0.75,0.63,牛肉,19,不健康
1034,11,4.7,23-27,女,0.4,0.4,0.17,0.38,荤素搭配,中,汤,0.42,0.96,0.73,0.06,牛肉,6,健康
1348,20,2.3,18-22,女,0.03,0.7,0.44,0.55,无特殊要求,中,主食,0.36,0.78,0.97,0.58,面食,5,不健康
1095,16,3.32,18-22,男,0.72,0.27,0.66,0.41,荤素搭配,低,小吃,0.74,0.02,0.96,0.34,牛肉,11,一般
1072,19,3.92,23-27,男,0.29,0.42,0.79,0.55,荤素搭配,低,小吃,0.74,0.34,0.36,0.51,鸡肉,9,不健康
1039,11,2.35,28-35,女,0.18,0.77,0.43,0.76,素食,低,汤,0.42,0.96,0.73,0.06,牛肉,6,健康
1154,14,4.41,28-35,女,0.31,0.92,0.66,0.44,素食,低,小吃,0.62,0.29,0.92,0.78,蔬菜,11,健康
1250,2,5.0,23-27,男,0.76,0.07,0.01,0.9,无特殊要求,中,主食,0.02,0.44,0.25,0.68,猪肉,18,健康
1162,5,2.49,18-22,女,0.13,0.88,0.76,0.56,无特殊要求,高,汤,0.1,0.52,0.72,0.7,蔬菜,14,一般
1438,5,5.0,23-27,男,0.71,0.5,0.89,0.34,荤素搭配,中,汤,0.1,0.52,0.72,0.7,牛肉,14,一般
1118,19,5.0,18-22,女,0.22,0.31,0.62,0.53,荤素搭配,低,小吃,0.74,0.34,0.36,0.51,面食,13,不健康
1259,12,5.0,23-27,女,0.4,0.1,0.05,0.86,素食,高,小吃,0.74,0.02,0.65,0.21,蔬菜,11,一般
1379,18,4.24,28-35,女,0.06,0.56,0.08,0.9,素食,低,汤,0.12,0.72,0.07,0.92,猪肉,12,不健康
1306,4,5.0,18-22,女,0.28,0.27,0.65,0.99,荤素搭配,低,主食,0.37,0.27,0.39,0.16,蔬菜,7,健康
1268,17,3.18,23-27,男,0.39,0.29,0.6,0.67,素食,中,汤,0.19,0.85,0.7,0.09,蔬菜,19,一般
1449,10,1.95,23-27,男,0.04,0.2,0.02,0.95,素食,低,炒菜,0.1,0.34,0.75,0.63,面食,10,不健康
1054,20,3.53,28-35,女,0.09,0.7,0.26,0.94,素食,低,主食,0.36,0.78,0.97,0.58,面食,5,不健康
1236,6,3.5,18-22,男,0.01,0.13,0.25,0.43,无特殊要求,低,炒菜,0.45,0.52,0.52,0.69,面食,7,不健康
1389,14,4.15,23-27,女,0.33,0.15,0.62,0.42,素食,中,小吃,0.62,0.29,0.92,0.78,面食,11,健康
1478,11,1.99,28-35,男,0.52,0.33,0.54,0.96,素食,低,汤,0.42,0.96,0.73,0.06,牛肉,6,健康
1222,11,5.0,18-22,男,0.24,0.14,0.85,0.62,无特殊要求,中,汤,0.42,0.96,0.73,0.06,牛肉,6,健康
1251,18,4.91,18-22,女,0.13,0.35,0.23,0.62,无特殊要求,高,汤,0.12,0.72,0.07,0.92,面食,12,不健康
1313,18,3.6,28-35,男,0.15,0.23,0.47,0.42,素食,中,汤,0.12,0.72,0.07,0.92,蔬菜,12,不健康
1401,11,2.05,18-22,男,0.32,0.48,0.6,0.29,无特殊要求,低,汤,0.42,0.96,0.73,0.06,牛肉,6,健康
1112,12,4.73,28-35,男,0.58,0.07,0.17,0.89,素食,高,小吃,0.74,0.02,0.65,0.21,蔬菜,11,一般
1255,5,5.0,18-22,男,0.49,0.04,0.49,0.34,荤素搭配,中,汤,0.1,0.52,0.72,0.7,牛肉,14,一般
1303,9,3.77,18-22,女,0.1,0.11,0.57,0.78,荤素搭配,高,小吃,0.33,0.38,0.93,0.21,蔬菜,12,不健康
1407,9,1.65,23-27,女,0.17,0.37,0.42,0.3,荤素搭配,中,小吃,0.33,0.38,0.93,0.21,蔬菜,12,不健康
1207,10,2.25,18-22,男,0.34,0.09,0.54,0.88,无特殊要求,低,炒菜,0.1,0.34,0.75,0.63,牛肉,7,不健康
1229,19,2.14,28-35,女,0.13,0.35,0.45,0.59,素食,低,小吃,0.74,0.34,0.36,0.51,鸡肉,10,不健康
1341,1,3.23,23-27,男,0.06,0.25,0.13,0.97,素食,中,主食,0.71,0.15,0.46,0.04,蔬菜,15,健康
1398,7,5.0,28-35,男,0.95,0.03,0.48,0.67,素食,中,汤,0.05,0.71,0.58,0.2,面食,12,不健康
1066,4,1.66,23-27,女,0.09,0.21,0.86,0.06,无特殊要求,高,主食,0.37,0.27,0.39,0.16,牛肉,19,健康
1075,1,5.0,28-35,男,0.34,0.49,0.84,0.88,素食,中,主食,0.71,0.15,0.46,0.04,鸡肉,15,健康
1435,15,1.9,23-27,女,0.23,0.27,0.31,0.53,素食,低,炒菜,0.24,0.95,0.36,0.65,面食,7,一般
1103,8,4.79,23-27,男,0.79,0.32,0.04,0.92,荤素搭配,中,小吃,0.05,0.11,0.52,0.76,猪肉,9,健康
1422,12,4.11,23-27,男,0.52,0.17,0.98,0.38,荤素搭配,高,小吃,0.74,0.02,0.65,0.21,猪肉,11,一般
1192,18,1.51,18-22,男,0.32,0.39,0.62,0.16,荤素搭配,高,汤,0.12,0.72,0.07,0.92,面食,12,不健康
1252,15,2.83,28-35,女,0.42,0.99,0.98,0.64,素食,低,炒菜,0.24,0.95,0.36,0.65,蔬菜,7,一般
1226,17,5.0,23-27,男,0.3,0.43,0.19,0.11,无特殊要求,中,汤,0.19,0.85,0.7,0.09,猪肉,19,一般
1294,14,5.0,28-35,男,0.9,0.31,0.57,0.5,素食,低,小吃,0.62,0.29,0.92,0.78,蔬菜,11,健康
1306,14,2.81,18-22,女,0.14,0.27,0.65,0.99,无特殊要求,低,小吃,0.62,0.29,0.92,0.78,蔬菜,11,健康
1098,18,1.67,23-27,女,0.04,0.51,0.13,0.22,无特殊要求,低,汤,0.12,0.72,0.07,0.92,猪肉,12,不健康
1338,20,5.0,23-27,男,0.53,0.39,0.64,0.88,荤素搭配,中,主食,0.36,0.78,0.97,0.58,面食,5,不健康
1286,18,4.76,18-22,女,0.27,0.06,0.19,0.66,无特殊要求,中,汤,0.12,0.72,0.07,0.92,蔬菜,12,不健康
1335,16,2.47,28-35,男,0.22,0.26,0.1,0.61,素食,高,小吃,0.74,0.02,0.96,0.34,牛肉,11,一般
1347,1,2.71,23-27,女,0.14,0.39,0.43,0.08,素食,中,主食,0.71,0.15,0.46,0.04,面食,15,健康
1435,11,1.84,23-27,女,0.12,0.27,0.31,0.53,素食,低,汤,0.42,0.96,0.73,0.06,蔬菜,6,健康
1447,15,5.0,23-27,男,0.52,0.07,0.11,0.38,荤素搭配,低,炒菜,0.24,0.95,0.36,0.65,鸡肉,7,一般
1482,12,3.55,23-27,男,0.18,0.2,0.41,0.65,无特殊要求,中,小吃,0.74,0.02,0.65,0.21,猪肉,11,一般
1308,8,3.41,28-35,男,0.95,0.48,0.33,0.18,素食,中,小吃,0.05,0.11,0.52,0.76,蔬菜,9,健康
1249,20,3.34,23-27,男,0.68,0.32,0.79,0.13,荤素搭配,低,主食,0.36,0.78,0.97,0.58,面食,5,不健康
1166,6,5.0,28-35,女,0.02,0.63,0.63,0.99,素食,低,炒菜,0.45,0.52,0.52,0.69,面食,7,不健康
1481,3,3.22,18-22,男,0.56,0.36,0.2,0.67,无特殊要求,高,小吃,0.72,0.9,0.76,0.05,蔬菜,19,不健康
1472,13,1.71,18-22,女,0.36,0.17,0.11,0.91,无特殊要求,高,汤,0.7,0.31,0.87,0.34,蔬菜,13,一般
1335,13,4.53,28-35,男,0.22,0.26,0.1,0.61,素食,高,汤,0.7,0.31,0.87,0.34,蔬菜,13,一般
1030,2,3.8,23-27,男,0.05,0.34,0.31,0.44,无特殊要求,低,主食,0.02,0.44,0.25,0.68,猪肉,5,健康
1247,5,5.0,28-35,女,0.23,0.94,0.59,0.31,素食,低,汤,0.1,0.52,0.72,0.7,牛肉,14,一般
1106,17,5.0,23-27,男,0.49,0.34,0.42,0.93,荤素搭配,高,汤,0.19,0.85,0.7,0.09,猪肉,19,一般
1051,6,1.82,28-35,女,0.4,0.51,0.4,0.12,素食,低,炒菜,0.45,0.52,0.52,0.69,面食,7,不健康
1081,2,3.1,28-35,男,0.84,0.19,0.69,0.97,素食,中,主食,0.02,0.44,0.25,0.68,猪肉,18,健康
1133,4,1.79,28-35,女,0.24,0.62,0.64,0.71,素食,中,主食,0.37,0.27,0.39,0.16,蔬菜,19,健康
1285,11,5.0,23-27,男,0.66,0.47,0.81,0.16,无特殊要求,低,汤,0.42,0.96,0.73,0.06,牛肉,6,健康
1388,8,3.69,23-27,女,0.21,0.37,0.87,0.21,荤素搭配,中,小吃,0.05,0.11,0.52,0.76,猪肉,9,健康
1138,12,5.0,18-22,女,0.27,0.81,0.84,0.91,荤素搭配,低,小吃,0.74,0.02,0.65,0.21,猪肉,11,一般
1184,8,4.28,28-35,女,0.48,0.09,0.13,0.24,素食,高,小吃,0.05,0.11,0.52,0.76,猪肉,12,健康
1401,11,5.0,18-22,男,0.32,0.48,0.6,0.29,无特殊要求,低,汤,0.42,0.96,0.73,0.06,牛肉,6,健康
1330,20,5.0,28-35,女,0.4,0.02,0.59,0.01,素食,高,主食,0.36,0.78,0.97,0.58,面食,10,不健康
1273,8,4.49,23-27,女,0.0,0.49,0.6,0.1,荤素搭配,高,小吃,0.05,0.11,0.52,0.76,猪肉,12,健康
1340,8,3.04,28-35,男,0.9,0.39,0.78,0.72,素食,高,小吃,0.05,0.11,0.52,0.76,猪肉,15,健康
1472,17,5.0,18-22,女,0.36,0.17,0.11,0.91,无特殊要求,高,汤,0.19,0.85,0.7,0.09,猪肉,19,一般
1069,20,2.47,18-22,男,0.83,0.34,0.39,0.56,无特殊要求,高,主食,0.36,0.78,0.97,0.58,面食,18,不健康
1034,20,5.0,23-27,女,0.4,0.4,0.17,0.38,荤素搭配,中,主食,0.36,0.78,0.97,0.58,面食,5,不健康
1262,16,2.38,23-27,男,0.78,0.07,0.54,0.8,荤素搭配,中,小吃,0.74,0.02,0.96,0.34,牛肉,11,一般
1053,14,5.0,28-35,男,0.31,0.22,0.38,0.76,素食,低,小吃,0.62,0.29,0.92,0.78,猪肉,11,健康
1450,11,5.0,23-27,女,0.37,0.01,0.69,0.98,荤素搭配,高,汤,0.42,0.96,0.73,0.06,牛肉,13,健康
1205,7,4.55,18-22,女,0.25,0.44,0.06,0.75,荤素搭配,高,汤,0.05,0.71,0.58,0.2,面食,12,不健康
1126,16,5.0,23-27,男,1.0,0.38,0.6,0.86,无特殊要求,低,小吃,0.74,0.02,0.96,0.34,牛肉,11,一般
1235,13,2.85,23-27,女,0.18,0.47,0.65,0.03,荤素搭配,高,汤,0.7,0.31,0.87,0.34,蔬菜,13,一般
1043,15,5.0,18-22,女,0.45,0.74,0.47,0.23,荤素搭配,低,炒菜,0.24,0.95,0.36,0.65,鸡肉,7,一般
1240,16,2.06,28-35,男,0.23,0.34,0.61,0.86,素食,高,小吃,0.74,0.02,0.96,0.34,蔬菜,11,一般
1459,9,2.23,23-27,男,0.83,0.43,0.64,0.95,无特殊要求,高,小吃,0.33,0.38,0.93,0.21,蔬菜,12,不健康
1371,3,5.0,23-27,男,0.17,0.39,0.43,0.59,无特殊要求,高,小吃,0.72,0.9,0.76,0.05,蔬菜,19,不健康
1111,19,2.78,18-22,女,0.4,0.02,0.81,0.36,荤素搭配,中,小吃,0.74,0.34,0.36,0.51,蔬菜,18,不健康
1249,20,3.34,23-27,男,0.68,0.32,0.79,0.13,荤素搭配,低,主食,0.36,0.78,0.97,0.58,面食,5,不健康
1151,5,2.78,18-22,男,0.05,0.03,0.11,0.97,无特殊要求,中,汤,0.1,0.52,0.72,0.7,牛肉,14,一般
1183,10,1.66,23-27,男,0.19,0.37,0.42,0.09,荤素搭配,高,炒菜,0.1,0.34,0.75,0.63,牛肉,19,不健康
1336,17,5.0,18-22,男,0.68,0.37,0.86,0.49,无特殊要求,高,汤,0.19,0.85,0.7,0.09,蔬菜,19,一般
1095,15,3.28,18-22,男,0.72,0.34,0.66,0.41,荤素搭配,低,炒菜,0.24,0.95,0.36,0.65,鸡肉,7,一般
1459,8,2.14,23-27,男,0.83,0.43,0.64,0.95,无特殊要求,高,小吃,0.05,0.11,0.52,0.76,猪肉,11,健康
1374,15,2.08,23-27,女,0.14,0.49,0.26,0.75,素食,高,炒菜,0.24,0.95,0.36,0.65,蔬菜,10,一般
1400,14,5.0,23-27,男,0.05,0.05,0.82,0.24,素食,中,小吃,0.62,0.29,0.92,0.78,蔬菜,11,健康
1008,20,5.0,28-35,男,0.51,0.29,0.88,0.46,素食,高,主食,0.36,0.78,0.97,0.58,面食,11,不健康
1388,7,5.0,23-27,女,0.4,0.37,0.87,0.21,荤素搭配,中,汤,0.05,0.71,0.58,0.2,面食,12,不健康
1360,12,3.04,28-35,女,0.38,0.35,0.41,0.17,素食,低,小吃,0.74,0.02,0.65,0.21,蔬菜,11,一般
1388,17,3.1,23-27,女,0.24,0.37,0.87,0.21,荤素搭配,中,汤,0.19,0.85,0.7,0.09,猪肉,19,一般
1184,17,4.28,28-35,女,0.48,0.09,0.13,0.24,素食,高,汤,0.19,0.85,0.7,0.09,猪肉,19,一般
1281,10,2.85,28-35,女,0.11,0.91,0.19,0.61,素食,高,炒菜,0.1,0.34,0.75,0.63,蔬菜,19,不健康
1195,19,4.57,23-27,男,0.11,0.39,0.59,0.28,素食,中,小吃,0.74,0.34,0.36,0.51,蔬菜,18,不健康
1352,14,2.06,28-35,女,0.03,0.26,0.28,0.91,素食,低,小吃,0.62,0.29,0.92,0.78,猪肉,11,健康
1195,11,2.87,23-27,男,0.11,0.39,0.59,0.28,素食,中,汤,0.42,0.96,0.73,0.06,面食,6,健康
1155,2,1.68,23-27,女,0.04,0.82,0.29,0.34,素食,中,主食,0.02,0.44,0.25,0.68,面食,18,健康
1093,18,4.18,28-35,男,0.15,0.18,0.92,0.68,素食,中,汤,0.12,0.72,0.07,0.92,猪肉,12,不健康
1160,7,4.94,18-22,女,0.11,0.98,0.06,0.9,无特殊要求,高,汤,0.05,0.71,0.58,0.2,面食,12,不健康
1434,12,3.66,18-22,女,0.29,0.28,0.67,0.02,无特殊要求,高,小吃,0.74,0.02,0.65,0.21,猪肉,11,一般
1061,2,2.35,23-27,男,0.41,0.02,0.86,0.17,荤素搭配,中,主食,0.02,0.44,0.25,0.68,猪肉,18,健康
1122,20,2.86,23-27,女,0.14,0.77,0.93,0.26,荤素搭配,中,主食,0.36,0.78,0.97,0.58,面食,5,不健康
1051,18,2.58,28-35,女,0.09,0.51,0.4,0.12,素食,低,汤,0.12,0.72,0.07,0.92,面食,12,不健康
1403,6,4.25,23-27,男,0.1,0.08,0.96,0.43,素食,高,炒菜,0.45,0.52,0.52,0.69,面食,18,不健康
1277,10,2.85,23-27,男,0.68,0.35,0.31,0.68,荤素搭配,中,炒菜,0.1,0.34,0.75,0.63,牛肉,19,不健康
1005,20,5.0,28-35,女,0.33,0.41,0.42,0.7,素食,中,主食,0.36,0.78,0.97,0.58,面食,5,不健康
1466,15,4.5,18-22,女,0.23,0.91,0.67,0.4,无特殊要求,高,炒菜,0.24,0.95,0.36,0.65,鸡肉,17,一般
1092,5,2.85,18-22,男,0.44,0.09,0.29,0.78,荤素搭配,高,汤,0.1,0.52,0.72,0.7,牛肉,14,一般
1170,20,1.81,28-35,女,0.0,0.72,0.11,0.24,素食,低,主食,0.36,0.78,0.97,0.58,面食,5,不健康
1317,3,3.04,28-35,男,0.68,0.29,0.33,0.68,素食,高,小吃,0.72,0.9,0.76,0.05,蔬菜,19,不健康
1022,5,1.87,18-22,女,0.32,0.55,0.73,0.04,无特殊要求,高,汤,0.1,0.52,0.72,0.7,面食,14,一般
1405,8,5.0,18-22,男,0.61,0.11,0.2,0.76,无特殊要求,低,小吃,0.05,0.11,0.52,0.76,面食,9,健康
1326,8,2.76,28-35,女,0.06,0.2,0.86,0.32,素食,中,小吃,0.05,0.11,0.52,0.76,猪肉,9,健康
1001,8,5.0,23-27,女,0.23,0.02,0.38,0.14,荤素搭配,中,小吃,0.05,0.11,0.52,0.76,猪肉,9,健康
1133,12,4.1,28-35,女,0.22,0.62,0.64,0.71,素食,中,小吃,0.74,0.02,0.65,0.21,蔬菜,11,一般
1233,8,1.49,23-27,女,0.35,0.76,0.61,0.1,素食,高,小吃,0.05,0.11,0.52,0.76,面食,16,健康
1012,11,4.84,23-27,女,0.32,0.9,0.9,0.33,荤素搭配,高,汤,0.42,0.96,0.73,0.06,牛肉,15,健康
1346,14,3.1,28-35,男,0.77,0.33,0.72,0.88,素食,高,小吃,0.62,0.29,0.92,0.78,蔬菜,11,健康
1046,8,5.0,28-35,女,0.07,0.99,0.41,0.01,素食,中,小吃,0.05,0.11,0.52,0.76,蔬菜,9,健康
1034,10,4.54,23-27,女,0.4,0.4,0.17,0.38,荤素搭配,中,炒菜,0.1,0.34,0.75,0.63,牛肉,19,不健康
1433,7,2.5,28-35,女,0.48,0.56,0.06,0.17,素食,低,汤,0.05,0.71,0.58,0.2,面食,12,不健康
1078,17,5.0,28-35,女,0.43,0.38,0.14,0.71,素食,低,汤,0.19,0.85,0.7,0.09,蔬菜,10,一般
1218,4,1.59,23-27,女,0.23,0.19,0.55,0.02,无特殊要求,低,主食,0.37,0.27,0.39,0.16,牛肉,11,健康
1301,13,2.53,28-35,男,0.22,0.2,0.98,0.65,素食,高,汤,0.7,0.31,0.87,0.34,蔬菜,13,一般
1411,4,1.59,18-22,女,0.08,0.08,0.52,0.23,荤素搭配,中,主食,0.37,0.27,0.39,0.16,牛肉,19,健康
1073,5,1.56,18-22,女,0.41,0.05,0.4,0.27,无特殊要求,中,汤,0.1,0.52,0.72,0.7,牛肉,14,一般
1282,4,3.03,23-27,男,0.99,0.11,0.96,0.34,荤素搭配,高,主食,0.37,0.27,0.39,0.16,牛肉,19,健康
1249,18,3.49,23-27,男,0.68,0.32,0.79,0.13,荤素搭配,低,汤,0.12,0.72,0.07,0.92,猪肉,12,不健康
1047,6,5.0,28-35,女,0.17,0.65,0.61,0.79,素食,低,炒菜,0.45,0.52,0.52,0.69,面食,7,不健康
1121,2,2.51,23-27,女,0.26,0.33,0.65,0.28,素食,低,主食,0.02,0.44,0.25,0.68,面食,11,健康
1214,11,2.76,18-22,男,0.56,0.29,0.79,0.58,荤素搭配,中,汤,0.42,0.96,0.73,0.06,牛肉,6,健康
1239,14,3.21,28-35,女,0.15,0.38,0.63,0.55,素食,高,小吃,0.62,0.29,0.92,0.78,猪肉,11,健康
1056,5,5.0,23-27,男,0.67,0.01,0.48,0.19,素食,中,汤,0.1,0.52,0.72,0.7,面食,14,一般
1350,6,2.25,23-27,男,0.39,0.38,0.45,0.6,荤素搭配,高,炒菜,0.45,0.52,0.52,0.69,面食,11,不健康
1107,10,5.0,28-35,女,0.24,0.72,0.88,0.32,素食,低,炒菜,0.1,0.34,0.75,0.63,面食,6,不健康
1319,8,1.7,18-22,女,0.09,0.83,0.85,0.22,无特殊要求,中,小吃,0.05,0.11,0.52,0.76,猪肉,9,健康
1048,14,5.0,23-27,女,0.25,0.76,0.69,0.32,无特殊要求,低,小吃,0.62,0.29,0.92,0.78,猪肉,11,健康
1061,3,4.98,23-27,男,0.41,0.02,0.86,0.17,荤素搭配,中,小吃,0.72,0.9,0.76,0.05,蔬菜,19,不健康
1337,12,3.66,23-27,女,0.13,0.29,0.66,0.61,荤素搭配,中,小吃,0.74,0.02,0.65,0.21,猪肉,11,一般
1026,16,3.22,18-22,女,0.14,0.71,0.07,0.11,荤素搭配,低,小吃,0.74,0.02,0.96,0.34,牛肉,11,一般
1292,17,2.67,28-35,男,0.4,0.37,0.28,0.91,素食,中,汤,0.19,0.85,0.7,0.09,面食,19,一般
1257,1,2.83,18-22,女,0.41,0.11,0.21,0.47,无特殊要求,中,主食,0.71,0.15,0.46,0.04,鸡肉,15,健康
1008,10,5.0,28-35,男,0.51,0.34,0.88,0.46,素食,高,炒菜,0.1,0.34,0.75,0.63,面食,19,不健康
1113,10,2.37,23-27,男,0.61,0.03,1.0,0.37,荤素搭配,高,炒菜,0.1,0.34,0.75,0.63,牛肉,19,不健康
1355,2,5.0,28-35,女,0.2,0.31,0.24,0.36,素食,高,主食,0.02,0.44,0.25,0.68,猪肉,18,健康
1253,9,5.0,18-22,男,0.44,0.49,0.68,0.1,无特殊要求,中,小吃,0.33,0.38,0.93,0.21,蔬菜,12,不健康
1180,13,2.54,23-27,男,0.98,0.3,0.87,0.0,素食,中,汤,0.7,0.31,0.87,0.34,蔬菜,13,一般
1207,16,2.08,18-22,男,0.34,0.3,0.54,0.88,无特殊要求,低,小吃,0.74,0.02,0.96,0.34,牛肉,11,一般
1303,18,3.85,18-22,女,0.1,0.11,0.57,0.78,荤素搭配,高,汤,0.12,0.72,0.07,0.92,猪肉,12,不健康
1127,19,5.0,23-27,女,0.12,0.69,0.41,0.21,无特殊要求,中,小吃,0.74,0.34,0.36,0.51,鸡肉,18,不健康
1056,12,4.85,23-27,男,0.67,0.01,0.48,0.19,素食,中,小吃,0.74,0.02,0.65,0.21,蔬菜,11,一般
1214,8,2.98,18-22,男,0.56,0.02,0.79,0.58,荤素搭配,中,小吃,0.05,0.11,0.52,0.76,猪肉,9,健康
1014,17,3.55,23-27,男,0.27,0.27,0.3,0.61,荤素搭配,高,汤,0.19,0.85,0.7,0.09,猪肉,19,一般
1474,15,5.0,18-22,女,0.46,0.2,0.3,0.2,荤素搭配,中,炒菜,0.24,0.95,0.36,0.65,鸡肉,7,一般
1028,10,1.85,28-35,男,0.78,0.26,0.45,0.36,素食,高,炒菜,0.1,0.34,0.75,0.63,牛肉,19,不健康
1471,15,5.0,23-27,女,0.3,0.69,0.4,0.19,无特殊要求,高,炒菜,0.24,0.95,0.36,0.65,鸡肉,10,一般
1078,15,5.0,28-35,女,0.32,0.38,0.14,0.71,素食,低,炒菜,0.24,0.95,0.36,0.65,面食,7,一般
1216,7,3.94,23-27,男,0.98,0.1,0.32,0.46,素食,低,汤,0.05,0.71,0.58,0.2,面食,12,不健康
1386,13,1.91,18-22,男,0.75,0.18,0.37,0.03,无特殊要求,中,汤,0.7,0.31,0.87,0.34,蔬菜,13,一般
1365,17,4.83,18-22,女,0.36,0.45,0.35,0.84,荤素搭配,中,汤,0.19,0.85,0.7,0.09,猪肉,19,一般
1154,9,3.16,28-35,女,0.31,0.92,0.66,0.44,素食,低,小吃,0.33,0.38,0.93,0.21,蔬菜,12,不健康
1014,8,3.66,23-27,男,0.27,0.27,0.3,0.61,荤素搭配,高,小吃,0.05,0.11,0.52,0.76,猪肉,16,健康
1187,20,5.0,18-22,女,0.13,0.05,0.69,0.83,无特殊要求,低,主食,0.36,0.78,0.97,0.58,面食,5,不健康
1312,18,4.44,18-22,男,0.78,0.02,0.82,0.3,荤素搭配,中,汤,0.12,0.72,0.07,0.92,面食,12,不健康
1371,13,1.9,23-27,男,0.17,0.46,0.43,0.59,无特殊要求,高,汤,0.7,0.31,0.87,0.34,蔬菜,13,一般
1007,16,3.12,28-35,女,0.01,0.11,0.63,0.19,素食,高,小吃,0.74,0.02,0.96,0.34,牛肉,11,一般
1003,9,4.96,28-35,女,0.25,0.43,0.67,0.43,素食,中,小吃,0.33,0.38,0.93,0.21,蔬菜,12,不健康
1111,12,3.9,18-22,女,0.4,0.02,0.81,0.36,无特殊要求,中,小吃,0.74,0.02,0.65,0.21,蔬菜,11,一般
1407,12,4.47,23-27,女,0.17,0.37,0.42,0.3,荤素搭配,中,小吃,0.74,0.02,0.65,0.21,猪肉,11,一般
1238,6,5.0,18-22,女,0.29,0.01,0.08,0.39,荤素搭配,低,炒菜,0.45,0.52,0.52,0.69,面食,7,不健康
1363,19,3.7,18-22,女,0.23,0.74,0.01,0.54,无特殊要求,中,小吃,0.74,0.34,0.36,0.51,鸡肉,18,不健康
1239,7,3.75,28-35,女,0.15,0.38,0.63,0.55,素食,高,汤,0.05,0.71,0.58,0.2,面食,12,不健康
1493,3,5.0,23-27,女,0.33,0.76,0.42,0.3,素食,中,小吃,0.72,0.9,0.76,0.05,蔬菜,19,不健康
1274,16,1.98,28-35,男,0.38,0.2,0.59,0.34,素食,中,小吃,0.74,0.02,0.96,0.34,牛肉,11,一般
1294,18,3.83,28-35,男,0.9,0.31,0.57,0.5,素食,低,汤,0.12,0.72,0.07,0.92,蔬菜,12,不健康
1227,16,5.0,23-27,女,0.47,0.27,0.82,1.0,荤素搭配,中,小吃,0.74,0.02,0.96,0.34,牛肉,11,一般
1371,7,1.86,23-27,男,0.17,0.39,0.43,0.59,无特殊要求,高,汤,0.05,0.71,0.58,0.2,面食,12,不健康
1015,4,1.81,23-27,女,0.44,0.73,0.89,0.67,无特殊要求,低,主食,0.37,0.27,0.39,0.16,牛肉,5,健康
1192,8,1.5,18-22,男,0.32,0.39,0.62,0.16,无特殊要求,高,小吃,0.05,0.11,0.52,0.76,蔬菜,17,健康
1473,13,3.91,23-27,男,1.0,0.16,0.05,0.33,荤素搭配,低,汤,0.7,0.31,0.87,0.34,蔬菜,13,一般
1119,13,1.58,18-22,女,0.22,0.16,0.24,0.5,无特殊要求,高,汤,0.7,0.31,0.87,0.34,蔬菜,13,一般
1485,17,4.71,23-27,男,0.09,0.11,0.73,0.94,素食,高,汤,0.19,0.85,0.7,0.09,面食,19,一般
1028,17,2.01,28-35,男,0.78,0.36,0.45,0.36,素食,高,汤,0.19,0.85,0.7,0.09,猪肉,19,一般
1202,5,5.0,18-22,女,0.33,0.89,0.85,0.21,无特殊要求,中,汤,0.1,0.52,0.72,0.7,蔬菜,14,一般
1039,6,3.41,28-35,女,0.19,0.77,0.43,0.76,素食,低,炒菜,0.45,0.52,0.52,0.69,面食,7,不健康
1441,19,5.0,23-27,女,0.04,0.62,0.24,0.5,无特殊要求,中,小吃,0.74,0.34,0.36,0.51,鸡肉,18,不健康
1273,13,4.33,23-27,女,0.3,0.49,0.6,0.1,荤素搭配,高,汤,0.7,0.31,0.87,0.34,蔬菜,13,一般
1231,14,2.71,18-22,男,0.99,0.32,0.46,0.61,荤素搭配,中,小吃,0.62,0.29,0.92,0.78,猪肉,11,健康
1086,4,1.9,28-35,男,0.95,0.19,0.95,0.18,素食,低,主食,0.37,0.27,0.39,0.16,牛肉,7,健康
1474,7,4.38,18-22,女,0.46,0.2,0.3,0.2,荤素搭配,中,汤,0.05,0.71,0.58,0.2,面食,12,不健康
1126,8,2.06,23-27,男,1.0,0.38,0.6,0.86,无特殊要求,低,小吃,0.05,0.11,0.52,0.76,猪肉,9,健康
1300,13,5.0,23-27,男,0.27,0.25,0.07,0.04,无特殊要求,低,汤,0.7,0.31,0.87,0.34,蔬菜,13,一般
1025,6,3.75,28-35,女,0.12,0.02,0.05,0.95,素食,高,炒菜,0.45,0.52,0.52,0.69,面食,10,不健康
1145,6,3.73,28-35,男,0.73,0.2,0.87,0.87,素食,高,炒菜,0.45,0.52,0.52,0.69,面食,16,不健康
1013,3,2.04,23-27,男,0.95,0.02,0.38,0.9,荤素搭配,低,小吃,0.72,0.9,0.76,0.05,蔬菜,9,不健康
1212,3,3.44,18-22,男,0.33,0.17,0.76,0.75,荤素搭配,中,小吃,0.72,0.9,0.76,0.05,蔬菜,19,不健康
1025,13,1.46,28-35,女,0.12,0.02,0.05,0.95,素食,高,汤,0.7,0.31,0.87,0.34,蔬菜,13,一般
1068,2,3.67,28-35,男,0.18,0.22,0.73,0.31,素食,高,主食,0.02,0.44,0.25,0.68,猪肉,18,健康
1394,16,5.0,28-35,男,0.48,0.26,0.9,0.14,素食,高,小吃,0.74,0.02,0.96,0.34,蔬菜,11,一般
1067,6,4.33,18-22,男,0.22,0.25,0.43,0.7,无特殊要求,中,炒菜,0.45,0.52,0.52,0.69,面食,7,不健康
1233,8,2.49,23-27,女,0.35,0.76,0.61,0.1,素食,高,小吃,0.05,0.11,0.52,0.76,面食,12,健康
1109,8,1.88,28-35,男,0.4,0.02,0.82,0.43,素食,低,小吃,0.05,0.11,0.52,0.76,猪肉,9,健康
1146,6,3.38,23-27,女,0.1,0.43,0.64,0.82,荤素搭配,高,炒菜,0.45,0.52,0.52,0.69,面食,11,不健康
1111,14,5.0,18-22,女,0.4,0.02,0.81,0.36,荤素搭配,中,小吃,0.62,0.29,0.92,0.78,面食,11,健康
1228,3,4.13,28-35,男,0.08,0.47,0.8,0.79,素食,低,小吃,0.72,0.9,0.76,0.05,蔬菜,13,不健康
1111,10,2.88,18-22,女,0.4,0.02,0.81,0.36,荤素搭配,中,炒菜,0.1,0.34,0.75,0.63,面食,19,不健康
1470,3,2.73,23-27,男,0.7,0.23,0.0,0.34,荤素搭配,高,小吃,0.72,0.9,0.76,0.05,蔬菜,19,不健康
1034,12,5.0,23-27,女,0.4,0.4,0.17,0.38,荤素搭配,中,小吃,0.74,0.02,0.65,0.21,猪肉,11,一般
1111,17,1.69,18-22,女,0.4,0.02,0.81,0.36,无特殊要求,中,汤,0.19,0.85,0.7,0.09,蔬菜,19,一般
1264,5,3.42,28-35,男,0.82,0.4,0.41,0.76,素食,低,汤,0.1,0.52,0.72,0.7,牛肉,14,一般
1424,20,5.0,23-27,男,0.01,0.46,0.27,0.04,荤素搭配,高,主食,0.36,0.78,0.97,0.58,面食,19,不健康
1369,9,2.14,23-27,男,0.25,0.16,0.75,0.4,荤素搭配,高,小吃,0.33,0.38,0.93,0.21,蔬菜,12,不健康
1236,20,1.6,18-22,男,0.01,0.13,0.25,0.43,无特殊要求,低,主食,0.36,0.78,0.97,0.58,面食,5,不健康
1083,7,4.1,28-35,男,0.85,0.38,0.51,0.59,素食,低,汤,0.05,0.71,0.58,0.2,面食,12,不健康
1042,4,5.0,28-35,女,0.24,0.8,0.43,0.92,素食,中,主食,0.37,0.27,0.39,0.16,牛肉,19,健康
1425,13,2.58,18-22,女,0.28,0.86,0.6,0.57,无特殊要求,低,汤,0.7,0.31,0.87,0.34,蔬菜,13,一般
1101,13,3.77,18-22,男,0.17,0.03,0.39,0.9,无特殊要求,高,汤,0.7,0.31,0.87,0.34,蔬菜,13,一般
1006,10,5.0,23-27,女,0.28,0.27,0.44,0.8,荤素搭配,低,炒菜,0.1,0.34,0.75,0.63,牛肉,13,不健康
1180,18,5.0,23-27,男,0.98,0.3,0.87,0.0,素食,中,汤,0.12,0.72,0.07,0.92,蔬菜,12,不健康
1282,17,5.0,23-27,男,0.99,0.39,0.96,0.34,荤素搭配,高,汤,0.19,0.85,0.7,0.09,猪肉,19,一般
1320,20,2.03,18-22,男,0.06,0.14,0.21,0.39,无特殊要求,中,主食,0.36,0.78,0.97,0.58,面食,5,不健康
1226,20,5.0,23-27,男,0.3,0.43,0.19,0.11,无特殊要求,中,主食,0.36,0.78,0.97,0.58,面食,5,不健康
1443,13,3.61,28-35,男,0.71,0.06,0.04,0.17,素食,低,汤,0.7,0.31,0.87,0.34,蔬菜,13,一般
1440,17,1.3,28-35,男,0.2,0.06,0.24,0.43,素食,高,汤,0.19,0.85,0.7,0.09,蔬菜,19,一般
1315,4,5.0,28-35,男,0.78,0.3,0.24,0.22,素食,低,主食,0.37,0.27,0.39,0.16,牛肉,11,健康
1365,1,5.0,18-22,女,0.08,0.45,0.35,0.84,荤素搭配,中,主食,0.71,0.15,0.46,0.04,鸡肉,15,健康
1454,1,5.0,23-27,女,0.38,0.58,0.87,0.95,荤素搭配,低,主食,0.71,0.15,0.46,0.04,鸡肉,15,健康
1229,15,2.06,28-35,女,0.36,0.35,0.45,0.59,素食,低,炒菜,0.24,0.95,0.36,0.65,鸡肉,7,一般
1377,13,3.84,28-35,女,0.17,0.66,0.55,0.12,素食,高,汤,0.7,0.31,0.87,0.34,蔬菜,13,一般
1289,17,4.04,23-27,女,0.46,0.77,0.34,0.63,无特殊要求,中,汤,0.19,0.85,0.7,0.09,猪肉,19,一般
1437,8,1.58,28-35,女,0.02,0.62,0.29,0.42,素食,高,小吃,0.05,0.11,0.52,0.76,蔬菜,15,健康
1150,18,2.51,23-27,男,0.99,0.41,0.11,0.73,素食,低,汤,0.12,0.72,0.07,0.92,蔬菜,12,不健康
1277,13,3.09,23-27,男,0.68,0.35,0.31,0.68,荤素搭配,中,汤,0.7,0.31,0.87,0.34,蔬菜,13,一般
1198,14,5.0,18-22,女,0.0,0.87,0.31,0.94,荤素搭配,高,小吃,0.62,0.29,0.92,0.78,猪肉,11,健康
1070,8,1.51,28-35,女,0.45,0.17,0.4,0.34,素食,低,小吃,0.05,0.11,0.52,0.76,猪肉,9,健康
1112,8,1.8,28-35,男,0.58,0.07,0.17,0.89,素食,高,小吃,0.05,0.11,0.52,0.76,面食,13,健康
1004,15,2.81,23-27,女,0.44,0.07,0.4,0.76,荤素搭配,中,炒菜,0.24,0.95,0.36,0.65,鸡肉,7,一般
1350,13,3.12,23-27,男,0.39,0.3,0.45,0.6,荤素搭配,高,汤,0.7,0.31,0.87,0.34,蔬菜,13,一般
1331,7,5.0,23-27,男,0.0,0.04,0.19,0.19,素食,低,汤,0.05,0.71,0.58,0.2,面食,12,不健康
1446,5,3.89,28-35,女,0.01,0.46,0.02,0.91,素食,高,汤,0.1,0.52,0.72,0.7,牛肉,14,一般
1318,17,4.53,28-35,女,0.35,0.21,0.37,0.27,素食,低,汤,0.19,0.85,0.7,0.09,面食,6,一般
1350,16,5.0,23-27,男,0.39,0.22,0.45,0.6,荤素搭配,高,小吃,0.74,0.02,0.96,0.34,牛肉,11,一般
1095,2,1.74,18-22,男,0.72,0.1,0.66,0.41,荤素搭配,低,主食,0.02,0.44,0.25,0.68,猪肉,8,健康
1152,18,2.48,23-27,女,0.2,0.19,0.16,0.24,荤素搭配,中,汤,0.12,0.72,0.07,0.92,猪肉,12,不健康
1311,17,4.07,23-27,女,0.4,0.69,0.31,0.88,荤素搭配,低,汤,0.19,0.85,0.7,0.09,猪肉,9,一般
1137,7,5.0,23-27,女,0.09,0.74,0.22,0.4,素食,高,汤,0.05,0.71,0.58,0.2,面食,12,不健康
1247,13,4.07,28-35,女,0.23,0.94,0.59,0.31,素食,低,汤,0.7,0.31,0.87,0.34,蔬菜,13,一般
1387,18,2.75,28-35,男,0.14,0.17,0.05,0.66,素食,中,汤,0.12,0.72,0.07,0.92,猪肉,12,不健康
1243,14,5.0,23-27,女,0.27,0.04,0.61,0.48,荤素搭配,中,小吃,0.62,0.29,0.92,0.78,猪肉,11,健康
1031,18,5.0,18-22,男,0.11,0.06,0.03,0.83,荤素搭配,中,汤,0.12,0.72,0.07,0.92,猪肉,12,不健康
1040,13,4.11,18-22,男,0.37,0.24,0.73,0.42,荤素搭配,低,汤,0.7,0.31,0.87,0.34,蔬菜,13,一般
1229,11,3.02,28-35,女,0.27,0.35,0.45,0.59,素食,低,汤,0.42,0.96,0.73,0.06,牛肉,6,健康
1036,16,2.07,23-27,女,0.14,0.18,0.86,0.39,荤素搭配,高,小吃,0.74,0.02,0.96,0.34,牛肉,11,一般
1408,17,5.0,23-27,男,0.66,0.43,0.4,0.19,荤素搭配,低,汤,0.19,0.85,0.7,0.09,猪肉,14,一般
1223,8,2.04,18-22,女,0.19,0.18,0.87,0.74,荤素搭配,低,小吃,0.05,0.11,0.52,0.76,面食,9,健康
1006,19,3.35,23-27,女,0.1,0.27,0.44,0.8,荤素搭配,低,小吃,0.74,0.34,0.36,0.51,鸡肉,14,不健康
1322,20,5.0,23-27,女,0.21,0.34,0.13,0.07,素食,中,主食,0.36,0.78,0.97,0.58,面食,5,不健康
1468,15,5.0,23-27,女,0.05,0.82,0.65,0.84,无特殊要求,低,炒菜,0.24,0.95,0.36,0.65,鸡肉,7,一般
1220,9,1.5,18-22,男,0.21,0.07,0.29,0.63,无特殊要求,高,小吃,0.33,0.38,0.93,0.21,蔬菜,12,不健康
1075,20,5.0,28-35,男,0.34,0.13,0.84,0.88,素食,中,主食,0.36,0.78,0.97,0.58,面食,5,不健康
1004,10,1.85,23-27,女,0.44,0.07,0.4,0.76,荤素搭配,中,炒菜,0.1,0.34,0.75,0.63,牛肉,19,不健康
1335,12,1.36,28-35,男,0.22,0.26,0.1,0.61,素食,高,小吃,0.74,0.02,0.65,0.21,猪肉,11,一般
1134,20,4.96,18-22,男,0.29,0.32,0.44,0.31,无特殊要求,高,主食,0.36,0.78,0.97,0.58,面食,13,不健康
1118,1,2.51,18-22,女,0.22,0.31,0.62,0.53,荤素搭配,低,主食,0.71,0.15,0.46,0.04,面食,15,健康
1369,20,3.62,23-27,男,0.25,0.2,0.75,0.4,荤素搭配,高,主食,0.36,0.78,0.97,0.58,面食,18,不健康
1094,9,5.0,23-27,男,0.81,0.11,0.25,0.89,荤素搭配,高,小吃,0.33,0.38,0.93,0.21,蔬菜,12,不健康
1486,15,4.27,28-35,女,0.48,0.72,0.76,0.26,素食,高,炒菜,0.24,0.95,0.36,0.65,面食,13,一般
1435,1,3.74,23-27,女,0.07,0.27,0.31,0.53,素食,低,主食,0.71,0.15,0.46,0.04,面食,15,健康
1062,12,5.0,23-27,女,0.41,0.02,0.4,0.99,素食,中,小吃,0.74,0.02,0.65,0.21,蔬菜,11,一般
1441,3,4.29,23-27,女,0.09,0.62,0.24,0.5,无特殊要求,中,小吃,0.72,0.9,0.76,0.05,蔬菜,19,不健康
1194,11,1.28,18-22,女,0.28,0.14,0.0,0.53,无特殊要求,中,汤,0.42,0.96,0.73,0.06,蔬菜,6,健康
1335,2,1.56,28-35,男,0.22,0.26,0.1,0.61,素食,高,主食,0.02,0.44,0.25,0.68,猪肉,18,健康
1203,16,5.0,18-22,男,0.62,0.07,0.84,0.17,荤素搭配,中,小吃,0.74,0.02,0.96,0.34,牛肉,11,一般
1392,9,4.72,23-27,男,0.61,0.18,0.38,0.47,荤素搭配,低,小吃,0.33,0.38,0.93,0.21,蔬菜,12,不健康
1026,15,5.0,18-22,女,0.14,0.71,0.07,0.11,荤素搭配,低,炒菜,0.24,0.95,0.36,0.65,鸡肉,7,一般
1435,12,5.0,23-27,女,0.19,0.27,0.31,0.53,素食,低,小吃,0.74,0.02,0.65,0.21,面食,11,一般
1173,1,5.0,28-35,女,0.3,0.07,0.9,0.69,素食,高,主食,0.71,0.15,0.46,0.04,面食,15,健康
1300,13,1.57,23-27,男,0.27,0.48,0.07,0.04,无特殊要求,低,汤,0.7,0.31,0.87,0.34,蔬菜,13,一般
1133,14,4.76,28-35,女,0.49,0.62,0.64,0.71,素食,中,小吃,0.62,0.29,0.92,0.78,面食,11,健康
1326,8,5.0,28-35,女,0.49,0.2,0.86,0.32,素食,中,小吃,0.05,0.11,0.52,0.76,猪肉,9,健康
1410,8,5.0,23-27,女,0.15,0.45,0.28,0.94,无特殊要求,低,小吃,0.05,0.11,0.52,0.76,猪肉,9,健康
1118,12,1.68,18-22,女,0.22,0.31,0.62,0.53,荤素搭配,低,小吃,0.74,0.02,0.65,0.21,蔬菜,11,一般
1324,1,1.73,18-22,男,0.84,0.27,0.02,0.19,荤素搭配,高,主食,0.71,0.15,0.46,0.04,鸡肉,15,健康
1275,11,2.37,28-35,男,0.63,0.24,0.27,0.51,素食,低,汤,0.42,0.96,0.73,0.06,牛肉,6,健康
1212,8,4.05,18-22,男,0.33,0.48,0.76,0.75,荤素搭配,中,小吃,0.05,0.11,0.52,0.76,猪肉,9,健康
1225,10,5.0,28-35,男,0.8,0.3,0.85,0.76,素食,中,炒菜,0.1,0.34,0.75,0.63,面食,19,不健康
1020,19,2.86,23-27,女,0.01,0.88,0.2,0.95,无特殊要求,高,小吃,0.74,0.34,0.36,0.51,鸡肉,18,不健康
1113,11,3.92,23-27,男,0.61,0.09,1.0,0.37,荤素搭配,高,汤,0.42,0.96,0.73,0.06,牛肉,13,健康
1140,7,5.0,23-27,男,0.25,0.43,0.63,0.26,素食,低,汤,0.05,0.71,0.58,0.2,面食,12,不健康
1047,11,5.0,28-35,女,0.17,0.65,0.61,0.79,素食,低,汤,0.42,0.96,0.73,0.06,牛肉,6,健康
1001,17,5.0,23-27,女,0.23,0.02,0.38,0.14,荤素搭配,中,汤,0.19,0.85,0.7,0.09,猪肉,19,一般
1090,1,5.0,18-22,男,0.43,0.13,0.26,0.0,荤素搭配,中,主食,0.71,0.15,0.46,0.04,蔬菜,15,健康
1142,8,3.9,23-27,男,0.11,0.24,0.22,0.99,荤素搭配,高,小吃,0.05,0.11,0.52,0.76,猪肉,13,健康
1320,6,2.79,18-22,男,0.06,0.16,0.21,0.39,无特殊要求,中,炒菜,0.45,0.52,0.52,0.69,面食,7,不健康
1038,18,4.85,18-22,女,0.13,0.11,0.92,0.75,荤素搭配,低,汤,0.12,0.72,0.07,0.92,猪肉,12,不健康
1293,6,3.1,28-35,男,0.75,0.06,0.71,0.53,素食,低,炒菜,0.45,0.52,0.52,0.69,面食,7,不健康
1382,5,2.66,18-22,男,0.33,0.29,0.17,0.26,无特殊要求,中,汤,0.1,0.52,0.72,0.7,牛肉,14,一般
1139,13,1.86,23-27,男,0.51,0.16,0.11,0.57,素食,中,汤,0.7,0.31,0.87,0.34,蔬菜,13,一般
1356,19,5.0,18-22,男,0.91,0.31,0.74,0.49,荤素搭配,低,小吃,0.74,0.34,0.36,0.51,鸡肉,6,不健康
1333,8,5.0,23-27,女,0.34,0.66,0.72,0.26,荤素搭配,高,小吃,0.05,0.11,0.52,0.76,猪肉,11,健康
1491,9,5.0,28-35,女,0.19,0.56,0.69,0.53,素食,低,小吃,0.33,0.38,0.93,0.21,蔬菜,12,不健康
1259,17,1.39,23-27,女,0.4,0.1,0.05,0.86,素食,高,汤,0.19,0.85,0.7,0.09,蔬菜,19,一般
1161,3,4.61,28-35,女,0.33,0.31,0.97,0.29,素食,高,小吃,0.72,0.9,0.76,0.05,蔬菜,19,不健康
1390,19,4.23,18-22,男,0.61,0.42,0.55,0.63,无特殊要求,中,小吃,0.74,0.34,0.36,0.51,鸡肉,18,不健康
1178,11,5.0,28-35,男,0.99,0.29,1.0,0.24,素食,低,汤,0.42,0.96,0.73,0.06,牛肉,6,健康
1010,17,3.82,18-22,男,0.43,0.19,0.77,0.47,无特殊要求,中,汤,0.19,0.85,0.7,0.09,面食,19,一般
1261,19,3.84,23-27,女,0.1,0.21,0.97,0.67,荤素搭配,低,小吃,0.74,0.34,0.36,0.51,鸡肉,13,不健康
1407,2,5.0,23-27,女,0.17,0.37,0.42,0.3,荤素搭配,中,主食,0.02,0.44,0.25,0.68,猪肉,18,健康
1138,8,3.24,18-22,女,0.15,0.81,0.84,0.91,荤素搭配,低,小吃,0.05,0.11,0.52,0.76,猪肉,9,健康
1172,19,3.44,28-35,男,0.06,0.12,0.5,0.34,素食,中,小吃,0.74,0.34,0.36,0.51,鸡肉,18,不健康
1386,7,3.39,18-22,男,0.75,0.18,0.37,0.03,无特殊要求,中,汤,0.05,0.71,0.58,0.2,面食,12,不健康
1013,17,1.54,23-27,男,0.95,0.02,0.38,0.9,荤素搭配,低,汤,0.19,0.85,0.7,0.09,猪肉,10,一般
1168,6,5.0,18-22,女,0.37,0.8,0.43,0.63,荤素搭配,低,炒菜,0.45,0.52,0.52,0.69,面食,7,不健康
1130,19,1.86,23-27,女,0.4,0.57,0.41,0.19,荤素搭配,中,小吃,0.74,0.34,0.36,0.51,鸡肉,18,不健康
1084,6,5.0,28-35,男,0.71,0.2,0.12,0.81,素食,低,炒菜,0.45,0.52,0.52,0.69,面食,7,不健康
1321,2,2.84,23-27,女,0.06,0.23,0.79,0.8,无特殊要求,低,主食,0.02,0.44,0.25,0.68,猪肉,8,健康
1319,6,5.0,18-22,女,0.09,0.83,0.85,0.22,无特殊要求,中,炒菜,0.45,0.52,0.52,0.69,面食,7,不健康
1101,5,1.94,18-22,男,0.17,0.03,0.39,0.9,无特殊要求,高,汤,0.1,0.52,0.72,0.7,牛肉,14,一般
1329,19,4.09,18-22,男,0.6,0.05,0.84,0.65,荤素搭配,高,小吃,0.74,0.34,0.36,0.51,面食,18,不健康
1273,20,4.34,23-27,女,0.46,0.49,0.6,0.1,荤素搭配,高,主食,0.36,0.78,0.97,0.58,面食,11,不健康
1265,4,4.4,23-27,女,0.1,0.78,0.37,0.04,无特殊要求,中,主食,0.37,0.27,0.39,0.16,牛肉,19,健康
1459,17,4.06,23-27,男,0.83,0.43,0.64,0.95,无特殊要求,高,汤,0.19,0.85,0.7,0.09,猪肉,19,一般
1399,11,1.8,18-22,男,0.43,0.19,0.06,0.7,无特殊要求,高,汤,0.42,0.96,0.73,0.06,牛肉,15,健康
1408,4,1.68,23-27,男,0.66,0.31,0.4,0.19,荤素搭配,低,主食,0.37,0.27,0.39,0.16,牛肉,6,健康
1038,13,4.18,18-22,女,0.13,0.11,0.92,0.75,荤素搭配,低,汤,0.7,0.31,0.87,0.34,蔬菜,13,一般
1419,20,4.76,28-35,男,0.21,0.33,0.8,0.55,素食,中,主食,0.36,0.78,0.97,0.58,面食,5,不健康
1094,17,5.0,23-27,男,0.81,0.11,0.25,0.89,荤素搭配,高,汤,0.19,0.85,0.7,0.09,猪肉,19,一般
1095,9,3.18,18-22,男,0.72,0.18,0.66,0.41,荤素搭配,低,小吃,0.33,0.38,0.93,0.21,蔬菜,12,不健康
1305,4,4.75,23-27,男,0.47,0.48,0.83,0.46,素食,高,主食,0.37,0.27,0.39,0.16,面食,19,健康
1069,14,2.48,18-22,男,0.83,0.42,0.39,0.56,无特殊要求,高,小吃,0.62,0.29,0.92,0.78,猪肉,11,健康
1318,19,4.6,28-35,女,0.35,0.21,0.37,0.27,素食,低,小吃,0.74,0.34,0.36,0.51,蔬菜,5,不健康
1444,3,5.0,23-27,男,0.73,0.18,0.51,0.09,无特殊要求,高,小吃,0.72,0.9,0.76,0.05,蔬菜,19,不健康
1236,14,1.61,18-22,男,0.01,0.13,0.25,0.43,无特殊要求,低,小吃,0.62,0.29,0.92,0.78,面食,11,健康
1434,8,5.0,18-22,女,0.29,0.28,0.67,0.02,无特殊要求,高,小吃,0.05,0.11,0.52,0.76,猪肉,10,健康
1334,1,5.0,18-22,男,0.09,0.08,0.43,0.95,无特殊要求,中,主食,0.71,0.15,0.46,0.04,鸡肉,15,健康
1373,10,4.34,23-27,女,0.2,0.15,0.84,0.94,无特殊要求,低,炒菜,0.1,0.34,0.75,0.63,牛肉,11,不健康
1376,18,4.6,23-27,男,0.8,0.46,0.33,0.16,荤素搭配,低,汤,0.12,0.72,0.07,0.92,猪肉,12,不健康
1459,16,5.0,23-27,男,0.83,0.43,0.64,0.95,无特殊要求,高,小吃,0.74,0.02,0.96,0.34,牛肉,11,一般
1137,8,3.54,23-27,女,0.49,0.74,0.22,0.4,素食,高,小吃,0.05,0.11,0.52,0.76,面食,14,健康
1418,1,4.74,18-22,女,0.44,0.62,0.67,0.55,无特殊要求,高,主食,0.71,0.15,0.46,0.04,面食,15,健康
1076,12,3.35,28-35,男,0.16,0.34,0.34,0.04,素食,中,小吃,0.74,0.02,0.65,0.21,猪肉,11,一般
1483,8,1.83,28-35,女,0.45,0.94,0.0,0.89,素食,低,小吃,0.05,0.11,0.52,0.76,猪肉,9,健康
1035,16,5.0,23-27,女,0.42,0.36,0.95,0.95,素食,中,小吃,0.74,0.02,0.96,0.34,蔬菜,11,一般
1001,18,5.0,23-27,女,0.23,0.02,0.38,0.14,荤素搭配,中,汤,0.12,0.72,0.07,0.92,猪肉,12,不健康
1296,4,4.64,18-22,男,0.45,0.35,0.26,0.68,无特殊要求,中,主食,0.37,0.27,0.39,0.16,牛肉,19,健康
1320,6,2.79,18-22,男,0.06,0.11,0.21,0.39,无特殊要求,中,炒菜,0.45,0.52,0.52,0.69,面食,7,不健康
1406,12,5.0,23-27,女,0.02,0.38,0.11,0.35,素食,中,小吃,0.74,0.02,0.65,0.21,蔬菜,11,一般
1060,9,4.29,23-27,男,0.44,0.48,0.83,0.9,无特殊要求,中,小吃,0.33,0.38,0.93,0.21,蔬菜,12,不健康
1320,15,3.05,18-22,男,0.06,0.42,0.21,0.39,荤素搭配,中,炒菜,0.24,0.95,0.36,0.65,面食,7,一般
1349,16,3.04,18-22,女,0.32,0.28,0.48,0.47,荤素搭配,低,小吃,0.74,0.02,0.96,0.34,牛肉,11,一般
1328,12,5.0,23-27,男,0.43,0.47,0.99,0.43,荤素搭配,低,小吃,0.74,0.02,0.65,0.21,猪肉,11,一般
1267,14,5.0,18-22,男,0.08,0.49,0.71,0.33,无特殊要求,中,小吃,0.62,0.29,0.92,0.78,猪肉,11,健康
1361,13,5.0,23-27,男,0.2,0.44,0.92,0.39,荤素搭配,中,汤,0.7,0.31,0.87,0.34,蔬菜,13,一般
1229,2,3.68,28-35,女,0.08,0.35,0.45,0.59,素食,低,主食,0.02,0.44,0.25,0.68,猪肉,8,健康
1270,3,3.19,18-22,女,0.42,0.29,0.77,0.76,无特殊要求,高,小吃,0.72,0.9,0.76,0.05,蔬菜,19,不健康
1316,10,5.0,18-22,女,0.14,0.55,0.61,0.71,荤素搭配,中,炒菜,0.1,0.34,0.75,0.63,面食,19,不健康
1286,9,3.6,18-22,女,0.43,0.06,0.19,0.66,无特殊要求,中,小吃,0.33,0.38,0.93,0.21,蔬菜,12,不健康
1291,20,2.19,23-27,女,0.36,0.28,0.84,0.05,无特殊要求,高,主食,0.36,0.78,0.97,0.58,面食,11,不健康
1213,8,5.0,18-22,女,0.17,0.81,0.44,0.12,荤素搭配,低,小吃,0.05,0.11,0.52,0.76,猪肉,9,健康
1165,10,2.51,28-35,男,0.94,0.27,0.13,0.08,素食,中,炒菜,0.1,0.34,0.75,0.63,蔬菜,19,不健康
1005,19,4.33,28-35,女,0.27,0.41,0.42,0.7,素食,中,小吃,0.74,0.34,0.36,0.51,面食,18,不健康
1339,3,2.35,28-35,女,0.14,0.78,0.25,0.68,素食,低,小吃,0.72,0.9,0.76,0.05,蔬菜,8,不健康
1379,5,3.98,28-35,女,0.06,0.56,0.08,0.9,素食,低,汤,0.1,0.52,0.72,0.7,牛肉,14,一般
1078,3,3.94,28-35,女,0.01,0.38,0.14,0.71,素食,低,小吃,0.72,0.9,0.76,0.05,蔬菜,5,不健康
1410,16,4.71,23-27,女,0.15,0.45,0.28,0.94,无特殊要求,低,小吃,0.74,0.02,0.96,0.34,牛肉,11,一般
1062,17,4.5,23-27,女,0.19,0.02,0.4,0.99,素食,中,汤,0.19,0.85,0.7,0.09,蔬菜,19,一般
1132,15,3.81,28-35,男,0.21,0.31,0.48,0.45,素食,低,炒菜,0.24,0.95,0.36,0.65,面食,7,一般
1089,3,2.21,18-22,女,0.33,0.41,0.25,0.87,无特殊要求,高,小吃,0.72,0.9,0.76,0.05,蔬菜,19,不健康
1237,12,2.93,28-35,女,0.49,0.14,0.67,0.6,素食,低,小吃,0.74,0.02,0.65,0.21,面食,11,一般
1042,9,2.98,28-35,女,0.24,0.8,0.43,0.92,素食,中,小吃,0.33,0.38,0.93,0.21,蔬菜,12,不健康
1089,12,5.0,18-22,女,0.11,0.41,0.25,0.87,无特殊要求,高,小吃,0.74,0.02,0.65,0.21,猪肉,11,一般
1402,15,5.0,23-27,女,0.44,0.3,0.06,0.0,荤素搭配,中,炒菜,0.24,0.95,0.36,0.65,鸡肉,7,一般
1296,2,2.96,18-22,男,0.45,0.49,0.26,0.68,无特殊要求,中,主食,0.02,0.44,0.25,0.68,猪肉,18,健康
1328,18,3.85,23-27,男,0.43,0.47,0.99,0.43,荤素搭配,低,汤,0.12,0.72,0.07,0.92,猪肉,12,不健康
1295,20,4.18,28-35,女,0.49,0.46,0.21,0.76,素食,低,主食,0.36,0.78,0.97,0.58,面食,5,不健康
1104,12,4.3,23-27,女,0.14,0.55,0.27,0.07,荤素搭配,中,小吃,0.74,0.02,0.65,0.21,猪肉,11,一般
1014,4,4.39,23-27,男,0.27,0.27,0.3,0.61,荤素搭配,高,主食,0.37,0.27,0.39,0.16,牛肉,19,健康
1288,16,5.0,28-35,女,0.21,0.81,0.77,0.15,素食,高,小吃,0.74,0.02,0.96,0.34,牛肉,11,一般
1179,16,2.89,18-22,女,0.01,0.82,0.23,0.1,无特殊要求,中,小吃,0.74,0.02,0.96,0.34,牛肉,11,一般
1125,1,3.6,28-35,男,0.35,0.15,0.64,0.95,素食,低,主食,0.71,0.15,0.46,0.04,鸡肉,15,健康
1422,2,2.59,23-27,男,0.52,0.17,0.98,0.38,荤素搭配,高,主食,0.02,0.44,0.25,0.68,猪肉,18,健康
1353,3,1.65,18-22,女,0.08,0.08,0.14,0.16,无特殊要求,中,小吃,0.72,0.9,0.76,0.05,蔬菜,19,不健康
1023,20,2.87,23-27,男,0.01,0.46,0.13,0.66,荤素搭配,低,主食,0.36,0.78,0.97,0.58,面食,5,不健康
1063,17,1.67,18-22,男,0.1,0.42,0.31,0.91,荤素搭配,中,汤,0.19,0.85,0.7,0.09,面食,19,一般
1143,20,5.0,18-22,女,0.31,0.13,0.55,0.86,荤素搭配,高,主食,0.36,0.78,0.97,0.58,面食,11,不健康
1481,1,4.62,18-22,男,0.56,0.32,0.2,0.67,无特殊要求,高,主食,0.71,0.15,0.46,0.04,鸡肉,15,健康
1153,20,5.0,23-27,女,0.1,0.57,0.22,0.76,素食,中,主食,0.36,0.78,0.97,0.58,面食,5,不健康
1145,6,3.73,28-35,男,0.73,0.46,0.87,0.87,素食,高,炒菜,0.45,0.52,0.52,0.69,面食,15,不健康
1225,15,3.28,28-35,男,0.8,0.3,0.85,0.76,素食,中,炒菜,0.24,0.95,0.36,0.65,面食,7,一般
1495,14,2.23,18-22,女,0.19,0.5,0.85,0.24,无特殊要求,高,小吃,0.62,0.29,0.92,0.78,猪肉,11,健康
1450,20,5.0,23-27,女,0.37,0.01,0.69,0.98,荤素搭配,高,主食,0.36,0.78,0.97,0.58,面食,15,不健康
1462,15,2.28,18-22,女,0.41,1.0,0.58,0.04,无特殊要求,高,炒菜,0.24,0.95,0.36,0.65,鸡肉,18,一般
1309,14,5.0,18-22,女,0.24,0.83,0.61,0.91,荤素搭配,中,小吃,0.62,0.29,0.92,0.78,猪肉,11,健康
1104,5,1.54,23-27,女,0.14,0.55,0.27,0.07,荤素搭配,中,汤,0.1,0.52,0.72,0.7,牛肉,14,一般
1104,6,4.54,23-27,女,0.14,0.55,0.27,0.07,荤素搭配,中,炒菜,0.45,0.52,0.52,0.69,面食,7,不健康
1435,17,1.64,23-27,女,0.02,0.27,0.31,0.53,素食,低,汤,0.19,0.85,0.7,0.09,蔬菜,11,一般
1039,11,5.0,28-35,女,0.35,0.77,0.43,0.76,素食,低,汤,0.42,0.96,0.73,0.06,牛肉,6,健康
1435,16,2.05,23-27,女,0.2,0.27,0.31,0.53,素食,低,小吃,0.74,0.02,0.96,0.34,蔬菜,11,一般
1198,12,2.42,18-22,女,0.0,0.87,0.31,0.94,荤素搭配,高,小吃,0.74,0.02,0.65,0.21,猪肉,11,一般
1134,15,5.0,18-22,男,0.29,0.32,0.44,0.31,无特殊要求,高,炒菜,0.24,0.95,0.36,0.65,鸡肉,19,一般
1067,4,1.63,18-22,男,0.22,0.36,0.43,0.7,无特殊要求,中,主食,0.37,0.27,0.39,0.16,牛肉,19,健康
1391,18,5.0,28-35,女,0.42,0.3,0.36,0.72,素食,中,汤,0.12,0.72,0.07,0.92,蔬菜,12,不健康
1179,3,3.52,18-22,女,0.28,0.82,0.23,0.1,无特殊要求,中,小吃,0.72,0.9,0.76,0.05,蔬菜,19,不健康
1456,8,2.39,28-35,女,0.2,0.19,0.25,0.3,素食,中,小吃,0.05,0.11,0.52,0.76,猪肉,9,健康
1042,3,5.0,28-35,女,0.24,0.8,0.43,0.92,素食,中,小吃,0.72,0.9,0.76,0.05,蔬菜,19,不健康
1448,8,5.0,23-27,男,0.94,0.11,0.87,0.37,荤素搭配,低,小吃,0.05,0.11,0.52,0.76,猪肉,9,健康
1500,18,4.1,18-22,女,0.31,0.5,0.92,0.63,荤素搭配,低,汤,0.12,0.72,0.07,0.92,猪肉,12,不健康
1015,10,5.0,23-27,女,0.44,0.73,0.89,0.67,无特殊要求,低,炒菜,0.1,0.34,0.75,0.63,牛肉,5,不健康
1111,20,5.0,18-22,女,0.4,0.02,0.81,0.36,无特殊要求,中,主食,0.36,0.78,0.97,0.58,面食,5,不健康
1157,17,2.5,28-35,女,0.24,0.77,0.92,0.53,素食,中,汤,0.19,0.85,0.7,0.09,蔬菜,19,一般
1289,8,1.76,23-27,女,0.46,0.77,0.34,0.63,无特殊要求,中,小吃,0.05,0.11,0.52,0.76,猪肉,9,健康
1500,11,3.53,18-22,女,0.46,0.5,0.92,0.63,荤素搭配,低,汤,0.42,0.96,0.73,0.06,牛肉,6,健康
1478,5,4.28,28-35,男,0.52,0.33,0.54,0.96,素食,低,汤,0.1,0.52,0.72,0.7,牛肉,14,一般
1231,13,2.51,18-22,男,0.99,0.19,0.46,0.61,荤素搭配,中,汤,0.7,0.31,0.87,0.34,蔬菜,13,一般
1411,5,5.0,18-22,女,0.38,0.08,0.52,0.23,荤素搭配,中,汤,0.1,0.52,0.72,0.7,牛肉,14,一般
1420,13,5.0,28-35,男,0.49,0.11,0.08,0.34,素食,低,汤,0.7,0.31,0.87,0.34,蔬菜,13,一般
1157,6,2.6,28-35,女,0.3,0.77,0.92,0.53,素食,中,炒菜,0.45,0.52,0.52,0.69,面食,7,不健康
1038,5,5.0,18-22,女,0.13,0.11,0.92,0.75,荤素搭配,低,汤,0.1,0.52,0.72,0.7,牛肉,14,一般
1441,9,5.0,23-27,女,0.46,0.62,0.24,0.5,无特殊要求,中,小吃,0.33,0.38,0.93,0.21,蔬菜,12,不健康
1097,16,3.25,23-27,男,0.9,0.34,0.29,0.87,无特殊要求,高,小吃,0.74,0.02,0.96,0.34,牛肉,11,一般
1485,2,3.87,23-27,男,0.09,0.11,0.73,0.94,素食,高,主食,0.02,0.44,0.25,0.68,面食,18,健康
1411,1,2.89,18-22,女,0.16,0.08,0.52,0.23,荤素搭配,中,主食,0.71,0.15,0.46,0.04,鸡肉,15,健康
1439,8,3.69,23-27,男,1.0,0.0,0.03,0.82,荤素搭配,高,小吃,0.05,0.11,0.52,0.76,猪肉,16,健康
1289,19,5.0,23-27,女,0.46,0.77,0.34,0.63,无特殊要求,中,小吃,0.74,0.34,0.36,0.51,鸡肉,18,不健康
1254,11,3.28,18-22,男,0.33,0.08,0.07,0.2,荤素搭配,低,汤,0.42,0.96,0.73,0.06,牛肉,6,健康
1196,12,5.0,23-27,女,0.18,0.77,0.95,0.1,素食,中,小吃,0.74,0.02,0.65,0.21,面食,11,一般
1086,12,5.0,28-35,男,0.95,0.07,0.95,0.18,素食,低,小吃,0.74,0.02,0.65,0.21,猪肉,11,一般
1322,7,2.34,23-27,女,0.21,0.34,0.13,0.07,素食,中,汤,0.05,0.71,0.58,0.2,面食,12,不健康
1010,13,3.19,18-22,男,0.43,0.19,0.77,0.47,无特殊要求,中,汤,0.7,0.31,0.87,0.34,蔬菜,13,一般
1005,8,4.84,28-35,女,0.49,0.41,0.42,0.7,素食,中,小吃,0.05,0.11,0.52,0.76,蔬菜,9,健康
1123,9,2.34,18-22,女,0.33,0.46,0.93,0.9,荤素搭配,中,小吃,0.33,0.38,0.93,0.21,蔬菜,12,不健康
1330,7,4.38,28-35,女,0.4,0.02,0.59,0.01,素食,高,汤,0.05,0.71,0.58,0.2,面食,12,不健康
1353,15,4.39,18-22,女,0.43,0.08,0.14,0.16,荤素搭配,中,炒菜,0.24,0.95,0.36,0.65,面食,7,一般
1118,2,3.66,18-22,女,0.22,0.31,0.62,0.53,无特殊要求,低,主食,0.02,0.44,0.25,0.68,蔬菜,12,健康
1294,20,5.0,28-35,男,0.9,0.31,0.57,0.5,素食,低,主食,0.36,0.78,0.97,0.58,面食,5,不健康
1397,12,5.0,28-35,男,0.17,0.09,0.96,0.41,素食,低,小吃,0.74,0.02,0.65,0.21,猪肉,11,一般
1159,1,5.0,28-35,女,0.17,0.01,0.59,0.89,素食,中,主食,0.71,0.15,0.46,0.04,鸡肉,15,健康
1303,8,1.91,18-22,女,0.1,0.11,0.57,0.78,荤素搭配,高,小吃,0.05,0.11,0.52,0.76,猪肉,11,健康
1228,5,4.38,28-35,男,0.08,0.47,0.8,0.79,素食,低,汤,0.1,0.52,0.72,0.7,牛肉,14,一般
1365,15,4.26,18-22,女,0.4,0.45,0.35,0.84,荤素搭配,中,炒菜,0.24,0.95,0.36,0.65,鸡肉,7,一般
1216,1,5.0,23-27,男,0.98,0.14,0.32,0.46,素食,低,主食,0.71,0.15,0.46,0.04,蔬菜,15,健康
1436,1,4.35,18-22,女,0.22,0.88,0.09,0.44,无特殊要求,高,主食,0.71,0.15,0.46,0.04,蔬菜,15,健康
1184,10,1.33,28-35,女,0.48,0.09,0.13,0.24,素食,高,炒菜,0.1,0.34,0.75,0.63,牛肉,19,不健康
1015,10,5.0,23-27,女,0.44,0.73,0.89,0.67,无特殊要求,低,炒菜,0.1,0.34,0.75,0.63,牛肉,14,不健康
1157,15,3.6,28-35,女,0.21,0.77,0.92,0.53,素食,中,炒菜,0.24,0.95,0.36,0.65,面食,7,一般
1136,17,3.34,23-27,男,0.04,0.24,0.11,0.53,荤素搭配,低,汤,0.19,0.85,0.7,0.09,猪肉,8,一般
1261,6,4.12,23-27,女,0.1,0.21,0.97,0.67,荤素搭配,低,炒菜,0.45,0.52,0.52,0.69,面食,7,不健康
1157,3,5.0,28-35,女,0.1,0.77,0.92,0.53,素食,中,小吃,0.72,0.9,0.76,0.05,蔬菜,19,不健康
1047,13,2.12,28-35,女,0.17,0.65,0.61,0.79,素食,低,汤,0.7,0.31,0.87,0.34,蔬菜,13,一般
1324,16,3.72,18-22,男,0.84,0.44,0.02,0.19,荤素搭配,高,小吃,0.74,0.02,0.96,0.34,牛肉,11,一般
1332,8,4.31,18-22,男,0.65,0.05,0.31,0.15,荤素搭配,高,小吃,0.05,0.11,0.52,0.76,猪肉,18,健康
1173,15,1.91,28-35,女,0.3,0.07,0.9,0.69,素食,高,炒菜,0.24,0.95,0.36,0.65,蔬菜,18,一般
1130,17,4.9,23-27,女,0.47,0.57,0.41,0.19,荤素搭配,中,汤,0.19,0.85,0.7,0.09,猪肉,19,一般
1411,17,1.62,18-22,女,0.33,0.08,0.52,0.23,荤素搭配,中,汤,0.19,0.85,0.7,0.09,猪肉,19,一般
1095,13,5.0,18-22,男,0.72,0.12,0.66,0.41,荤素搭配,低,汤,0.7,0.31,0.87,0.34,蔬菜,13,一般
1115,17,2.12,23-27,女,0.13,0.78,0.36,0.57,荤素搭配,高,汤,0.19,0.85,0.7,0.09,猪肉,19,一般
1243,6,2.98,23-27,女,0.23,0.04,0.61,0.48,荤素搭配,中,炒菜,0.45,0.52,0.52,0.69,面食,7,不健康
1420,17,5.0,28-35,男,0.49,0.11,0.08,0.34,素食,低,汤,0.19,0.85,0.7,0.09,猪肉,9,一般
1292,16,4.88,28-35,男,0.4,0.37,0.28,0.91,素食,中,小吃,0.74,0.02,0.96,0.34,蔬菜,11,一般
1282,14,5.0,23-27,男,0.99,0.26,0.96,0.34,荤素搭配,高,小吃,0.62,0.29,0.92,0.78,猪肉,11,健康
1299,13,5.0,23-27,男,0.23,0.16,0.53,0.41,荤素搭配,中,汤,0.7,0.31,0.87,0.34,蔬菜,13,一般
1283,6,4.95,18-22,女,0.11,0.19,0.5,0.79,无特殊要求,高,炒菜,0.45,0.52,0.52,0.69,面食,19,不健康
1069,3,5.0,18-22,男,0.83,0.28,0.39,0.56,无特殊要求,高,小吃,0.72,0.9,0.76,0.05,蔬菜,19,不健康
1148,14,3.15,23-27,男,0.87,0.23,0.48,0.13,荤素搭配,中,小吃,0.62,0.29,0.92,0.78,猪肉,11,健康
1011,14,5.0,23-27,女,0.35,0.36,0.85,0.55,荤素搭配,低,小吃,0.62,0.29,0.92,0.78,猪肉,11,健康
1254,15,3.31,18-22,男,0.33,0.08,0.07,0.2,荤素搭配,低,炒菜,0.24,0.95,0.36,0.65,鸡肉,7,一般
1330,8,3.34,28-35,女,0.4,0.02,0.59,0.01,素食,高,小吃,0.05,0.11,0.52,0.76,猪肉,13,健康
1360,15,2.83,28-35,女,0.21,0.35,0.41,0.17,素食,低,炒菜,0.24,0.95,0.36,0.65,面食,7,一般
1038,13,2.18,18-22,女,0.13,0.11,0.92,0.75,荤素搭配,低,汤,0.7,0.31,0.87,0.34,蔬菜,13,一般
1134,17,1.66,18-22,男,0.29,0.32,0.44,0.31,无特殊要求,高,汤,0.19,0.85,0.7,0.09,猪肉,19,一般
1200,3,4.76,28-35,男,0.77,0.4,0.93,0.43,素食,高,小吃,0.72,0.9,0.76,0.05,蔬菜,19,不健康
1023,6,4.77,23-27,男,0.01,0.46,0.13,0.66,荤素搭配,低,炒菜,0.45,0.52,0.52,0.69,面食,7,不健康
1303,5,3.02,18-22,女,0.1,0.11,0.57,0.78,荤素搭配,高,汤,0.1,0.52,0.72,0.7,牛肉,14,一般
1346,17,2.54,28-35,男,0.77,0.26,0.72,0.88,素食,高,汤,0.19,0.85,0.7,0.09,面食,19,一般
1302,2,1.45,23-27,女,0.31,0.21,0.97,0.14,素食,低,主食,0.02,0.44,0.25,0.68,蔬菜,14,健康
1363,15,5.0,18-22,女,0.23,0.74,0.01,0.54,无特殊要求,中,炒菜,0.24,0.95,0.36,0.65,鸡肉,7,一般
1396,5,3.79,28-35,女,0.33,0.45,0.36,0.29,素食,低,汤,0.1,0.52,0.72,0.7,牛肉,14,一般
1218,20,5.0,23-27,女,0.12,0.19,0.55,0.02,无特殊要求,低,主食,0.36,0.78,0.97,0.58,面食,5,不健康
1141,6,2.04,23-27,男,0.05,0.01,0.02,0.01,荤素搭配,中,炒菜,0.45,0.52,0.52,0.69,面食,7,不健康
1104,6,1.54,23-27,女,0.14,0.55,0.27,0.07,荤素搭配,中,炒菜,0.45,0.52,0.52,0.69,面食,7,不健康
1446,18,5.0,28-35,女,0.01,0.46,0.02,0.91,素食,高,汤,0.12,0.72,0.07,0.92,猪肉,12,不健康
1210,18,3.95,28-35,女,0.45,0.73,0.1,0.4,素食,高,汤,0.12,0.72,0.07,0.92,猪肉,12,不健康
1473,4,3.49,23-27,男,1.0,0.16,0.05,0.33,荤素搭配,低,主食,0.37,0.27,0.39,0.16,牛肉,14,健康
1481,17,2.9,18-22,男,0.56,0.37,0.2,0.67,无特殊要求,高,汤,0.19,0.85,0.7,0.09,猪肉,19,一般
1111,14,2.28,18-22,女,0.4,0.02,0.81,0.36,无特殊要求,中,小吃,0.62,0.29,0.92,0.78,蔬菜,11,健康
1104,14,2.55,23-27,女,0.14,0.55,0.27,0.07,荤素搭配,中,小吃,0.62,0.29,0.92,0.78,猪肉,11,健康
1316,13,3.04,18-22,女,0.14,0.55,0.61,0.71,无特殊要求,中,汤,0.7,0.31,0.87,0.34,蔬菜,13,一般
1171,7,5.0,18-22,男,0.3,0.18,0.4,0.67,荤素搭配,高,汤,0.05,0.71,0.58,0.2,面食,12,不健康
1460,12,4.08,28-35,女,0.06,0.43,0.64,0.18,素食,低,小吃,0.74,0.02,0.65,0.21,面食,11,一般
1492,15,4.92,28-35,男,0.43,0.39,0.84,0.22,素食,高,炒菜,0.24,0.95,0.36,0.65,蔬菜,17,一般
1356,19,4.39,18-22,男,0.91,0.05,0.74,0.49,荤素搭配,低,小吃,0.74,0.34,0.36,0.51,鸡肉,7,不健康
1496,11,5.0,28-35,男,0.94,0.08,0.96,0.84,素食,高,汤,0.42,0.96,0.73,0.06,牛肉,13,健康
1324,15,5.0,18-22,男,0.84,0.2,0.02,0.19,荤素搭配,高,炒菜,0.24,0.95,0.36,0.65,鸡肉,19,一般
1133,12,5.0,28-35,女,0.18,0.62,0.64,0.71,素食,中,小吃,0.74,0.02,0.65,0.21,面食,11,一般
1376,3,2.25,23-27,男,0.8,0.46,0.33,0.16,荤素搭配,低,小吃,0.72,0.9,0.76,0.05,蔬菜,7,不健康
1293,17,4.74,28-35,男,0.75,0.06,0.71,0.53,素食,低,汤,0.19,0.85,0.7,0.09,猪肉,5,一般
1328,3,2.51,23-27,男,0.43,0.47,0.99,0.43,荤素搭配,低,小吃,0.72,0.9,0.76,0.05,蔬菜,6,不健康
1127,19,4.58,23-27,女,0.12,0.69,0.41,0.21,无特殊要求,中,小吃,0.74,0.34,0.36,0.51,鸡肉,18,不健康
1106,20,3.39,23-27,男,0.49,0.34,0.42,0.93,荤素搭配,高,主食,0.36,0.78,0.97,0.58,面食,16,不健康
1497,4,4.46,28-35,男,0.36,0.07,0.57,0.56,素食,中,主食,0.37,0.27,0.39,0.16,面食,19,健康
1092,3,5.0,18-22,男,0.44,0.09,0.29,0.78,荤素搭配,高,小吃,0.72,0.9,0.76,0.05,蔬菜,19,不健康
1287,16,2.13,28-35,女,0.28,0.25,0.33,0.54,素食,低,小吃,0.74,0.02,0.96,0.34,牛肉,11,一般
1378,12,3.71,18-22,男,0.11,0.07,0.74,0.71,荤素搭配,中,小吃,0.74,0.02,0.65,0.21,猪肉,11,一般
1393,8,5.0,18-22,女,0.42,0.18,0.92,0.76,荤素搭配,高,小吃,0.05,0.11,0.52,0.76,猪肉,17,健康
1051,17,1.83,28-35,女,0.33,0.51,0.4,0.12,素食,低,汤,0.19,0.85,0.7,0.09,面食,5,一般
1029,7,1.86,18-22,女,0.49,0.6,0.58,0.23,荤素搭配,高,汤,0.05,0.71,0.58,0.2,面食,12,不健康
1462,11,4.56,18-22,女,0.41,1.0,0.58,0.04,无特殊要求,高,汤,0.42,0.96,0.73,0.06,牛肉,16,健康
1296,18,3.39,18-22,男,0.45,0.03,0.26,0.68,无特殊要求,中,汤,0.12,0.72,0.07,0.92,猪肉,12,不健康
1297,1,5.0,18-22,男,0.94,0.22,0.87,0.83,荤素搭配,中,主食,0.71,0.15,0.46,0.04,蔬菜,15,健康
1214,3,4.89,18-22,男,0.56,0.4,0.79,0.58,荤素搭配,中,小吃,0.72,0.9,0.76,0.05,蔬菜,19,不健康
1267,4,3.61,18-22,男,0.08,0.02,0.71,0.33,无特殊要求,中,主食,0.37,0.27,0.39,0.16,牛肉,19,健康
1407,13,2.7,23-27,女,0.17,0.37,0.42,0.3,荤素搭配,中,汤,0.7,0.31,0.87,0.34,蔬菜,13,一般
1257,6,5.0,18-22,女,0.35,0.11,0.21,0.47,无特殊要求,中,炒菜,0.45,0.52,0.52,0.69,面食,7,不健康
1302,14,4.61,23-27,女,0.01,0.21,0.97,0.14,素食,低,小吃,0.62,0.29,0.92,0.78,面食,11,健康
1101,5,2.94,18-22,男,0.17,0.03,0.39,0.9,无特殊要求,高,汤,0.1,0.52,0.72,0.7,牛肉,14,一般
1405,16,5.0,18-22,男,0.61,0.29,0.2,0.76,无特殊要求,低,小吃,0.74,0.02,0.96,0.34,面食,11,一般
1346,15,5.0,28-35,男,0.77,0.41,0.72,0.88,素食,高,炒菜,0.24,0.95,0.36,0.65,蔬菜,11,一般
1110,15,1.7,18-22,女,0.48,0.27,0.1,0.35,无特殊要求,低,炒菜,0.24,0.95,0.36,0.65,蔬菜,7,一般
1420,4,2.3,28-35,男,0.49,0.11,0.08,0.34,素食,低,主食,0.37,0.27,0.39,0.16,牛肉,8,健康
1182,8,1.42,28-35,女,0.18,0.08,0.16,0.39,素食,高,小吃,0.05,0.11,0.52,0.76,猪肉,17,健康
1471,16,5.0,23-27,女,0.12,0.69,0.4,0.19,无特殊要求,高,小吃,0.74,0.02,0.96,0.34,牛肉,11,一般
1313,16,3.71,28-35,男,0.15,0.23,0.47,0.42,素食,中,小吃,0.74,0.02,0.96,0.34,蔬菜,11,一般
1001,4,3.26,23-27,女,0.23,0.02,0.38,0.14,荤素搭配,中,主食,0.37,0.27,0.39,0.16,牛肉,19,健康
1319,13,5.0,18-22,女,0.09,0.83,0.85,0.22,无特殊要求,中,汤,0.7,0.31,0.87,0.34,蔬菜,13,一般
1438,13,3.69,23-27,男,0.71,0.25,0.89,0.34,荤素搭配,中,汤,0.7,0.31,0.87,0.34,蔬菜,13,一般
1055,2,2.54,23-27,女,0.1,0.83,0.37,0.1,荤素搭配,低,主食,0.02,0.44,0.25,0.68,猪肉,6,健康
1371,3,5.0,23-27,男,0.17,0.43,0.43,0.59,无特殊要求,高,小吃,0.72,0.9,0.76,0.05,蔬菜,19,不健康
1424,8,1.27,23-27,男,0.01,0.01,0.27,0.04,荤素搭配,高,小吃,0.05,0.11,0.52,0.76,猪肉,19,健康
1399,15,4.11,18-22,男,0.43,0.46,0.06,0.7,无特殊要求,高,炒菜,0.24,0.95,0.36,0.65,鸡肉,13,一般
1149,11,3.63,18-22,男,0.4,0.18,0.36,0.37,荤素搭配,低,汤,0.42,0.96,0.73,0.06,牛肉,6,健康
1431,9,3.25,28-35,男,0.52,0.08,0.8,0.45,素食,低,小吃,0.33,0.38,0.93,0.21,蔬菜,12,不健康
1457,7,2.38,23-27,女,0.36,0.42,0.1,0.04,荤素搭配,高,汤,0.05,0.71,0.58,0.2,面食,12,不健康
1309,13,5.0,18-22,女,0.24,0.83,0.61,0.91,荤素搭配,中,汤,0.7,0.31,0.87,0.34,蔬菜,13,一般
1137,2,4.67,23-27,女,0.41,0.74,0.22,0.4,素食,高,主食,0.02,0.44,0.25,0.68,蔬菜,18,健康
1202,8,1.72,18-22,女,0.33,0.89,0.85,0.21,荤素搭配,中,小吃,0.05,0.11,0.52,0.76,蔬菜,9,健康
1436,7,4.78,18-22,女,0.22,0.88,0.09,0.44,荤素搭配,高,汤,0.05,0.71,0.58,0.2,面食,12,不健康
1313,12,4.51,28-35,男,0.15,0.23,0.47,0.42,素食,中,小吃,0.74,0.02,0.65,0.21,面食,11,一般
1117,19,2.53,28-35,男,0.14,0.23,0.91,0.04,素食,中,小吃,0.74,0.34,0.36,0.51,鸡肉,18,不健康
1154,7,3.14,28-35,女,0.31,0.92,0.66,0.44,素食,低,汤,0.05,0.71,0.58,0.2,面食,12,不健康
1425,10,3.19,18-22,女,0.45,0.86,0.6,0.57,无特殊要求,低,炒菜,0.1,0.34,0.75,0.63,牛肉,6,不健康
1291,16,5.0,23-27,女,0.36,0.28,0.84,0.05,无特殊要求,高,小吃,0.74,0.02,0.96,0.34,牛肉,11,一般
1063,3,1.73,18-22,男,0.1,0.42,0.31,0.91,荤素搭配,中,小吃,0.72,0.9,0.76,0.05,蔬菜,19,不健康
1244,10,3.12,23-27,男,0.11,0.28,0.89,0.55,荤素搭配,低,炒菜,0.1,0.34,0.75,0.63,牛肉,5,不健康
1025,6,3.75,28-35,女,0.12,0.02,0.05,0.95,素食,高,炒菜,0.45,0.52,0.52,0.69,面食,16,不健康
1090,18,1.65,18-22,男,0.43,0.03,0.26,0.0,荤素搭配,中,汤,0.12,0.72,0.07,0.92,面食,12,不健康
1075,18,4.3,28-35,男,0.34,0.31,0.84,0.88,素食,中,汤,0.12,0.72,0.07,0.92,猪肉,12,不健康
1294,5,2.01,28-35,男,0.9,0.31,0.57,0.5,素食,低,汤,0.1,0.52,0.72,0.7,蔬菜,14,一般
1386,7,2.39,18-22,男,0.75,0.18,0.37,0.03,无特殊要求,中,汤,0.05,0.71,0.58,0.2,面食,12,不健康
1391,2,5.0,28-35,女,0.25,0.3,0.36,0.72,素食,中,主食,0.02,0.44,0.25,0.68,面食,18,健康
1210,11,2.99,28-35,女,0.45,0.73,0.1,0.4,素食,高,汤,0.42,0.96,0.73,0.06,牛肉,13,健康
1475,13,5.0,23-27,男,0.77,0.17,0.63,0.39,荤素搭配,中,汤,0.7,0.31,0.87,0.34,蔬菜,13,一般
1418,5,5.0,18-22,女,0.44,0.62,0.67,0.55,无特殊要求,高,汤,0.1,0.52,0.72,0.7,蔬菜,14,一般
1347,6,1.77,23-27,女,0.09,0.39,0.43,0.08,素食,中,炒菜,0.45,0.52,0.52,0.69,面食,7,不健康
1017,14,4.43,28-35,女,0.09,0.56,0.11,0.14,素食,低,小吃,0.62,0.29,0.92,0.78,猪肉,11,健康
1128,12,2.81,28-35,男,0.4,0.08,0.7,0.25,素食,中,小吃,0.74,0.02,0.65,0.21,猪肉,11,一般
1427,4,3.81,28-35,男,0.97,0.3,0.12,0.85,素食,低,主食,0.37,0.27,0.39,0.16,牛肉,13,健康
1443,6,2.49,28-35,男,0.71,0.06,0.04,0.17,素食,低,炒菜,0.45,0.52,0.52,0.69,面食,7,不健康
1364,10,2.04,18-22,女,0.31,0.27,0.6,0.67,无特殊要求,中,炒菜,0.1,0.34,0.75,0.63,蔬菜,19,不健康
1251,18,4.91,18-22,女,0.0,0.35,0.23,0.62,无特殊要求,高,汤,0.12,0.72,0.07,0.92,蔬菜,12,不健康
1179,15,4.13,18-22,女,0.17,0.82,0.23,0.1,无特殊要求,中,炒菜,0.24,0.95,0.36,0.65,鸡肉,7,一般
1182,8,5.0,28-35,女,0.27,0.08,0.16,0.39,素食,高,小吃,0.05,0.11,0.52,0.76,猪肉,17,健康
1152,9,3.58,23-27,女,0.34,0.19,0.16,0.24,荤素搭配,中,小吃,0.33,0.38,0.93,0.21,蔬菜,12,不健康
1025,5,3.72,28-35,女,0.12,0.02,0.05,0.95,素食,高,汤,0.1,0.52,0.72,0.7,牛肉,14,一般
1455,10,2.28,28-35,女,0.25,0.55,0.0,0.04,素食,高,炒菜,0.1,0.34,0.75,0.63,牛肉,19,不健康
1180,20,5.0,23-27,男,0.98,0.3,0.87,0.0,素食,中,主食,0.36,0.78,0.97,0.58,面食,5,不健康
1198,6,2.26,18-22,女,0.0,0.87,0.31,0.94,荤素搭配,高,炒菜,0.45,0.52,0.52,0.69,面食,18,不健康
1344,16,2.23,28-35,女,0.1,0.8,0.92,0.76,素食,高,小吃,0.74,0.02,0.96,0.34,牛肉,11,一般
1161,3,4.61,28-35,女,0.18,0.31,0.97,0.29,素食,高,小吃,0.72,0.9,0.76,0.05,蔬菜,19,不健康
1177,10,4.39,23-27,男,0.6,0.2,0.92,0.91,荤素搭配,中,炒菜,0.1,0.34,0.75,0.63,牛肉,19,不健康
1285,11,5.0,23-27,男,0.66,0.47,0.81,0.16,无特殊要求,低,汤,0.42,0.96,0.73,0.06,牛肉,6,健康
1063,11,5.0,18-22,男,0.1,0.42,0.31,0.91,无特殊要求,中,汤,0.42,0.96,0.73,0.06,面食,6,健康
1491,17,4.04,28-35,女,0.19,0.56,0.69,0.53,素食,低,汤,0.19,0.85,0.7,0.09,猪肉,11,一般
1150,4,4.79,23-27,男,0.99,0.23,0.11,0.73,素食,低,主食,0.37,0.27,0.39,0.16,蔬菜,9,健康
1154,4,5.0,28-35,女,0.31,0.92,0.66,0.44,素食,低,主食,0.37,0.27,0.39,0.16,蔬菜,5,健康
1156,17,1.38,18-22,男,0.94,0.16,0.04,0.45,荤素搭配,高,汤,0.19,0.85,0.7,0.09,蔬菜,19,一般
1370,9,5.0,28-35,女,0.21,0.52,0.92,0.64,素食,低,小吃,0.33,0.38,0.93,0.21,蔬菜,12,不健康
1469,19,5.0,18-22,女,0.29,0.27,0.17,0.48,荤素搭配,低,小吃,0.74,0.34,0.36,0.51,面食,5,不健康
1049,5,5.0,28-35,男,0.55,0.15,0.45,0.88,素食,低,汤,0.1,0.52,0.72,0.7,蔬菜,14,一般
1455,6,3.62,28-35,女,0.38,0.55,0.0,0.04,素食,高,炒菜,0.45,0.52,0.52,0.69,面食,10,不健康
1337,3,2.89,23-27,女,0.13,0.29,0.66,0.61,荤素搭配,中,小吃,0.72,0.9,0.76,0.05,蔬菜,19,不健康
1084,1,1.72,28-35,男,0.71,0.28,0.12,0.81,素食,低,主食,0.71,0.15,0.46,0.04,鸡肉,15,健康
1361,20,4.73,23-27,男,0.2,0.39,0.92,0.39,荤素搭配,中,主食,0.36,0.78,0.97,0.58,面食,5,不健康
1177,16,4.64,23-27,男,0.6,0.2,0.92,0.91,荤素搭配,中,小吃,0.74,0.02,0.96,0.34,牛肉,11,一般
1148,11,5.0,23-27,男,0.87,0.23,0.48,0.13,荤素搭配,中,汤,0.42,0.96,0.73,0.06,牛肉,6,健康
1118,13,4.97,18-22,女,0.22,0.31,0.62,0.53,无特殊要求,低,汤,0.7,0.31,0.87,0.34,蔬菜,13,一般
1342,10,1.58,23-27,女,0.15,0.11,0.12,0.59,素食,高,炒菜,0.1,0.34,0.75,0.63,蔬菜,19,不健康
1476,3,4.67,18-22,女,0.32,0.97,0.17,0.22,荤素搭配,低,小吃,0.72,0.9,0.76,0.05,蔬菜,5,不健康
1063,9,5.0,18-22,男,0.1,0.42,0.31,0.91,无特殊要求,中,小吃,0.33,0.38,0.93,0.21,蔬菜,12,不健康
1189,12,2.31,23-27,男,0.91,0.26,0.85,0.31,素食,高,小吃,0.74,0.02,0.65,0.21,面食,11,一般
1360,14,5.0,28-35,女,0.41,0.35,0.41,0.17,素食,低,小吃,0.62,0.29,0.92,0.78,蔬菜,11,健康
1049,1,3.66,28-35,男,0.55,0.15,0.45,0.88,素食,低,主食,0.71,0.15,0.46,0.04,蔬菜,15,健康
1327,18,4.0,23-27,女,0.41,0.16,0.52,0.79,无特殊要求,低,汤,0.12,0.72,0.07,0.92,猪肉,12,不健康
1257,17,3.47,18-22,女,0.35,0.11,0.21,0.47,无特殊要求,中,汤,0.19,0.85,0.7,0.09,猪肉,19,一般
1224,9,1.82,28-35,女,0.03,0.41,0.26,0.98,素食,中,小吃,0.33,0.38,0.93,0.21,蔬菜,12,不健康
1141,9,1.04,23-27,男,0.05,0.01,0.02,0.01,荤素搭配,中,小吃,0.33,0.38,0.93,0.21,蔬菜,12,不健康
1478,10,2.17,28-35,男,0.52,0.33,0.54,0.96,素食,低,炒菜,0.1,0.34,0.75,0.63,牛肉,7,不健康
1215,19,2.12,18-22,男,0.65,0.4,0.43,0.33,荤素搭配,高,小吃,0.74,0.34,0.36,0.51,鸡肉,18,不健康
1435,15,5.0,23-27,女,0.11,0.27,0.31,0.53,素食,低,炒菜,0.24,0.95,0.36,0.65,面食,7,一般
1379,5,2.98,28-35,女,0.06,0.56,0.08,0.9,素食,低,汤,0.1,0.52,0.72,0.7,牛肉,14,一般
1440,15,5.0,28-35,男,0.2,0.06,0.24,0.43,素食,高,炒菜,0.24,0.95,0.36,0.65,蔬菜,15,一般
1211,20,4.3,28-35,女,0.43,0.81,0.16,0.28,素食,高,主食,0.36,0.78,0.97,0.58,面食,16,不健康
1318,2,5.0,28-35,女,0.35,0.21,0.37,0.27,素食,低,主食,0.02,0.44,0.25,0.68,面食,13,健康
1032,13,5.0,18-22,男,0.14,0.23,0.73,0.16,荤素搭配,高,汤,0.7,0.31,0.87,0.34,蔬菜,13,一般
1158,16,1.87,18-22,女,0.1,0.59,0.78,0.09,荤素搭配,高,小吃,0.74,0.02,0.96,0.34,牛肉,11,一般
1285,15,5.0,23-27,男,0.66,0.47,0.81,0.16,无特殊要求,低,炒菜,0.24,0.95,0.36,0.65,鸡肉,7,一般
1305,10,5.0,23-27,男,0.47,0.1,0.83,0.46,素食,高,炒菜,0.1,0.34,0.75,0.63,面食,19,不健康
1429,14,4.1,18-22,女,0.14,0.87,0.21,0.43,无特殊要求,低,小吃,0.62,0.29,0.92,0.78,面食,11,健康
1477,10,1.78,28-35,女,0.27,0.09,0.44,0.58,素食,低,炒菜,0.1,0.34,0.75,0.63,面食,12,不健康
1286,14,5.0,18-22,女,0.3,0.06,0.19,0.66,荤素搭配,中,小吃,0.62,0.29,0.92,0.78,面食,11,健康
1144,9,4.01,28-35,男,0.68,0.3,0.56,0.71,素食,低,小吃,0.33,0.38,0.93,0.21,蔬菜,12,不健康
1424,14,1.54,23-27,男,0.01,0.33,0.27,0.04,荤素搭配,高,小吃,0.62,0.29,0.92,0.78,猪肉,11,健康
1019,3,3.02,18-22,女,0.19,0.26,0.25,0.97,荤素搭配,高,小吃,0.72,0.9,0.76,0.05,蔬菜,19,不健康
1018,20,4.38,18-22,女,0.3,0.28,0.6,0.82,荤素搭配,中,主食,0.36,0.78,0.97,0.58,面食,5,不健康
1257,16,5.0,18-22,女,0.47,0.11,0.21,0.47,无特殊要求,中,小吃,0.74,0.02,0.96,0.34,牛肉,11,一般
1078,2,1.7,28-35,女,0.35,0.38,0.14,0.71,素食,低,主食,0.02,0.44,0.25,0.68,蔬菜,12,健康
1371,10,4.94,23-27,男,0.17,0.08,0.43,0.59,无特殊要求,高,炒菜,0.1,0.34,0.75,0.63,牛肉,19,不健康
1175,3,5.0,18-22,女,0.42,0.7,0.76,0.78,荤素搭配,中,小吃,0.72,0.9,0.76,0.05,蔬菜,19,不健康
1498,11,5.0,18-22,女,0.2,1.0,0.51,0.35,荤素搭配,中,汤,0.42,0.96,0.73,0.06,牛肉,6,健康
1194,11,5.0,18-22,女,0.28,0.14,0.0,0.53,荤素搭配,中,汤,0.42,0.96,0.73,0.06,蔬菜,6,健康
1476,13,5.0,18-22,女,0.21,0.97,0.17,0.22,荤素搭配,低,汤,0.7,0.31,0.87,0.34,蔬菜,13,一般
1113,7,2.36,23-27,男,0.61,0.39,1.0,0.37,荤素搭配,高,汤,0.05,0.71,0.58,0.2,面食,12,不健康
1114,17,4.54,18-22,男,0.3,0.46,1.0,0.63,荤素搭配,高,汤,0.19,0.85,0.7,0.09,面食,19,一般
1222,2,5.0,18-22,男,0.24,0.14,0.85,0.62,无特殊要求,中,主食,0.02,0.44,0.25,0.68,猪肉,18,健康
1166,12,5.0,28-35,女,0.02,0.63,0.63,0.99,素食,低,小吃,0.74,0.02,0.65,0.21,猪肉,11,一般
1435,10,5.0,23-27,女,0.46,0.27,0.31,0.53,素食,低,炒菜,0.1,0.34,0.75,0.63,面食,9,不健康
1319,18,2.87,18-22,女,0.09,0.83,0.85,0.22,无特殊要求,中,汤,0.12,0.72,0.07,0.92,猪肉,12,不健康
1132,11,1.76,28-35,男,0.21,0.31,0.48,0.45,素食,低,汤,0.42,0.96,0.73,0.06,面食,6,健康
1385,16,1.43,28-35,男,0.19,0.25,0.25,0.09,素食,高,小吃,0.74,0.02,0.96,0.34,牛肉,11,一般
1264,17,2.34,28-35,男,0.82,0.09,0.41,0.76,素食,低,汤,0.19,0.85,0.7,0.09,猪肉,13,一般
1413,19,1.89,18-22,女,0.21,0.8,0.62,0.47,无特殊要求,低,小吃,0.74,0.34,0.36,0.51,鸡肉,10,不健康
1055,18,1.78,23-27,女,0.3,0.83,0.37,0.1,荤素搭配,低,汤,0.12,0.72,0.07,0.92,猪肉,12,不健康
1359,3,5.0,28-35,女,0.06,0.4,0.68,0.76,素食,低,小吃,0.72,0.9,0.76,0.05,蔬菜,7,不健康
1131,16,5.0,28-35,女,0.16,0.13,0.1,0.71,素食,高,小吃,0.74,0.02,0.96,0.34,蔬菜,11,一般
1288,6,5.0,28-35,女,0.21,0.81,0.77,0.15,素食,高,炒菜,0.45,0.52,0.52,0.69,面食,15,不健康
1266,12,2.55,18-22,男,0.36,0.04,0.12,0.92,无特殊要求,低,小吃,0.74,0.02,0.65,0.21,面食,11,一般
1458,11,4.16,18-22,男,0.67,0.22,0.44,0.63,无特殊要求,低,汤,0.42,0.96,0.73,0.06,牛肉,6,健康
1467,15,5.0,28-35,女,0.33,0.18,0.54,0.95,素食,高,炒菜,0.24,0.95,0.36,0.65,鸡肉,17,一般
1366,15,2.57,23-27,男,0.76,0.32,0.1,0.07,荤素搭配,中,炒菜,0.24,0.95,0.36,0.65,鸡肉,7,一般
1162,16,5.0,18-22,女,0.05,0.88,0.76,0.56,荤素搭配,高,小吃,0.74,0.02,0.96,0.34,蔬菜,11,一般
1380,10,4.54,23-27,男,0.91,0.02,0.93,0.81,无特殊要求,高,炒菜,0.1,0.34,0.75,0.63,牛肉,19,不健康
1481,12,2.7,18-22,男,0.56,0.25,0.2,0.67,无特殊要求,高,小吃,0.74,0.02,0.65,0.21,猪肉,11,一般
1087,13,4.55,28-35,男,0.72,0.13,0.68,0.61,素食,中,汤,0.7,0.31,0.87,0.34,蔬菜,13,一般
1055,4,2.58,23-27,女,0.46,0.83,0.37,0.1,荤素搭配,低,主食,0.37,0.27,0.39,0.16,牛肉,5,健康
1476,7,4.88,18-22,女,0.32,0.97,0.17,0.22,荤素搭配,低,汤,0.05,0.71,0.58,0.2,面食,12,不健康
1288,2,3.66,28-35,女,0.21,0.81,0.77,0.15,素食,高,主食,0.02,0.44,0.25,0.68,猪肉,18,健康
1178,15,3.58,28-35,男,0.99,0.43,1.0,0.24,素食,低,炒菜,0.24,0.95,0.36,0.65,鸡肉,7,一般
1391,8,4.81,28-35,女,0.49,0.3,0.36,0.72,素食,中,小吃,0.05,0.11,0.52,0.76,蔬菜,9,健康
1349,7,5.0,18-22,女,0.23,0.28,0.48,0.47,荤素搭配,低,汤,0.05,0.71,0.58,0.2,面食,12,不健康
1008,15,5.0,28-35,男,0.51,0.04,0.88,0.46,素食,高,炒菜,0.24,0.95,0.36,0.65,面食,11,一般
1321,14,5.0,23-27,女,0.06,0.23,0.79,0.8,无特殊要求,低,小吃,0.62,0.29,0.92,0.78,猪肉,11,健康
1313,8,5.0,28-35,男,0.15,0.23,0.47,0.42,素食,中,小吃,0.05,0.11,0.52,0.76,蔬菜,9,健康
1247,12,4.64,28-35,女,0.23,0.94,0.59,0.31,素食,低,小吃,0.74,0.02,0.65,0.21,猪肉,11,一般
1323,13,5.0,23-27,女,0.35,0.66,0.54,0.77,素食,中,汤,0.7,0.31,0.87,0.34,蔬菜,13,一般
1472,11,5.0,18-22,女,0.36,0.17,0.11,0.91,无特殊要求,高,汤,0.42,0.96,0.73,0.06,牛肉,18,健康
1471,17,5.0,23-27,女,0.06,0.69,0.4,0.19,无特殊要求,高,汤,0.19,0.85,0.7,0.09,猪肉,19,一般
1443,17,2.23,28-35,男,0.71,0.06,0.04,0.17,素食,低,汤,0.19,0.85,0.7,0.09,猪肉,13,一般
1255,4,3.64,18-22,男,0.49,0.42,0.49,0.34,荤素搭配,中,主食,0.37,0.27,0.39,0.16,牛肉,19,健康
1328,8,2.91,23-27,男,0.43,0.47,0.99,0.43,荤素搭配,低,小吃,0.05,0.11,0.52,0.76,猪肉,9,健康
1054,5,5.0,28-35,女,0.37,0.7,0.26,0.94,素食,低,汤,0.1,0.52,0.72,0.7,牛肉,14,一般
1249,16,4.31,23-27,男,0.68,0.32,0.79,0.13,荤素搭配,低,小吃,0.74,0.02,0.96,0.34,牛肉,11,一般
1239,4,3.49,28-35,女,0.15,0.38,0.63,0.55,素食,高,主食,0.37,0.27,0.39,0.16,牛肉,19,健康
1229,15,5.0,28-35,女,0.1,0.35,0.45,0.59,素食,低,炒菜,0.24,0.95,0.36,0.65,鸡肉,7,一般
1067,12,3.61,18-22,男,0.22,0.17,0.43,0.7,无特殊要求,中,小吃,0.74,0.02,0.65,0.21,猪肉,11,一般
1051,5,3.7,28-35,女,0.48,0.51,0.4,0.12,素食,低,汤,0.1,0.52,0.72,0.7,面食,14,一般
1097,16,3.25,23-27,男,0.9,0.34,0.29,0.87,无特殊要求,高,小吃,0.74,0.02,0.96,0.34,牛肉,11,一般
1092,14,4.17,18-22,男,0.44,0.09,0.29,0.78,荤素搭配,高,小吃,0.62,0.29,0.92,0.78,猪肉,11,健康
1495,10,5.0,18-22,女,0.19,0.5,0.85,0.24,无特殊要求,高,炒菜,0.1,0.34,0.75,0.63,牛肉,19,不健康
1264,7,2.13,28-35,男,0.82,0.4,0.41,0.76,素食,低,汤,0.05,0.71,0.58,0.2,面食,12,不健康
1418,13,2.27,18-22,女,0.44,0.62,0.67,0.55,无特殊要求,高,汤,0.7,0.31,0.87,0.34,蔬菜,13,一般
1291,20,2.19,23-27,女,0.36,0.28,0.84,0.05,无特殊要求,高,主食,0.36,0.78,0.97,0.58,面食,11,不健康
1096,5,5.0,18-22,男,0.04,0.35,0.68,0.47,无特殊要求,低,汤,0.1,0.52,0.72,0.7,面食,14,一般
1088,3,2.81,23-27,男,0.56,0.32,0.82,0.12,无特殊要求,低,小吃,0.72,0.9,0.76,0.05,蔬菜,11,不健康
1078,15,3.02,28-35,女,0.49,0.38,0.14,0.71,素食,低,炒菜,0.24,0.95,0.36,0.65,蔬菜,7,一般
1288,4,5.0,28-35,女,0.21,0.81,0.77,0.15,素食,高,主食,0.37,0.27,0.39,0.16,牛肉,19,健康
1120,15,5.0,28-35,男,0.27,0.33,0.46,0.06,素食,高,炒菜,0.24,0.95,0.36,0.65,鸡肉,15,一般
1302,14,5.0,23-27,女,0.18,0.21,0.97,0.14,素食,低,小吃,0.62,0.29,0.92,0.78,面食,11,健康
1491,20,4.48,28-35,女,0.19,0.56,0.69,0.53,素食,低,主食,0.36,0.78,0.97,0.58,面食,5,不健康
1400,19,3.73,23-27,男,0.05,0.15,0.82,0.24,素食,中,小吃,0.74,0.34,0.36,0.51,蔬菜,18,不健康
1452,13,4.16,18-22,男,0.64,0.35,0.18,0.96,荤素搭配,低,汤,0.7,0.31,0.87,0.34,蔬菜,13,一般
1500,10,5.0,18-22,女,0.5,0.5,0.92,0.63,荤素搭配,低,炒菜,0.1,0.34,0.75,0.63,牛肉,7,不健康
1165,5,2.65,28-35,男,0.94,0.27,0.13,0.08,素食,中,汤,0.1,0.52,0.72,0.7,面食,14,一般
1182,20,5.0,28-35,女,0.46,0.08,0.16,0.39,素食,高,主食,0.36,0.78,0.97,0.58,面食,12,不健康
1469,20,5.0,18-22,女,0.42,0.27,0.17,0.48,荤素搭配,低,主食,0.36,0.78,0.97,0.58,面食,5,不健康
1398,6,4.57,28-35,男,0.95,0.24,0.48,0.67,素食,中,炒菜,0.45,0.52,0.52,0.69,面食,7,不健康
1223,4,5.0,18-22,女,0.19,0.18,0.87,0.74,荤素搭配,低,主食,0.37,0.27,0.39,0.16,蔬菜,7,健康
1311,2,5.0,23-27,女,0.44,0.69,0.31,0.88,荤素搭配,低,主食,0.02,0.44,0.25,0.68,猪肉,12,健康
1432,16,2.17,28-35,女,0.18,0.53,0.34,0.66,素食,中,小吃,0.74,0.02,0.96,0.34,面食,11,一般
1466,18,5.0,18-22,女,0.06,0.91,0.67,0.4,无特殊要求,高,汤,0.12,0.72,0.07,0.92,猪肉,12,不健康
1007,5,4.7,28-35,女,0.24,0.11,0.63,0.19,素食,高,汤,0.1,0.52,0.72,0.7,牛肉,14,一般
1330,4,3.39,28-35,女,0.4,0.02,0.59,0.01,素食,高,主食,0.37,0.27,0.39,0.16,牛肉,19,健康
1263,13,3.18,23-27,女,0.1,0.31,0.56,0.53,荤素搭配,低,汤,0.7,0.31,0.87,0.34,蔬菜,13,一般
1161,19,3.2,28-35,女,0.43,0.31,0.97,0.29,素食,高,小吃,0.74,0.34,0.36,0.51,鸡肉,18,不健康
1151,2,1.7,18-22,男,0.05,0.03,0.11,0.97,无特殊要求,中,主食,0.02,0.44,0.25,0.68,猪肉,18,健康
1085,13,3.01,28-35,女,0.48,0.45,0.42,0.51,素食,高,汤,0.7,0.31,0.87,0.34,蔬菜,13,一般
1147,11,3.11,23-27,男,0.01,0.13,0.18,0.47,荤素搭配,低,汤,0.42,0.96,0.73,0.06,牛肉,6,健康
1112,4,3.44,28-35,男,0.58,0.07,0.17,0.89,素食,高,主食,0.37,0.27,0.39,0.16,面食,19,健康
1381,20,4.17,23-27,女,0.08,0.57,0.31,0.22,素食,高,主食,0.36,0.78,0.97,0.58,面食,10,不健康
1403,20,5.0,23-27,男,0.1,0.38,0.96,0.43,素食,高,主食,0.36,0.78,0.97,0.58,面食,13,不健康
1036,15,1.77,23-27,女,0.14,0.18,0.86,0.39,荤素搭配,高,炒菜,0.24,0.95,0.36,0.65,鸡肉,18,一般
1285,4,2.71,23-27,男,0.66,0.47,0.81,0.16,无特殊要求,低,主食,0.37,0.27,0.39,0.16,牛肉,6,健康
1188,9,5.0,23-27,男,0.85,0.21,0.95,0.51,荤素搭配,低,小吃,0.33,0.38,0.93,0.21,蔬菜,12,不健康
1082,7,1.8,28-35,男,0.08,0.27,0.13,0.39,素食,中,汤,0.05,0.71,0.58,0.2,面食,12,不健康
1002,19,3.19,18-22,女,0.29,0.66,0.04,0.84,无特殊要求,高,小吃,0.74,0.34,0.36,0.51,鸡肉,18,不健康
1385,19,2.58,28-35,男,0.19,0.3,0.25,0.09,素食,高,小吃,0.74,0.34,0.36,0.51,鸡肉,18,不健康
1303,6,3.94,18-22,女,0.1,0.11,0.57,0.78,荤素搭配,高,炒菜,0.45,0.52,0.52,0.69,面食,15,不健康
1197,6,5.0,18-22,女,0.16,0.96,0.04,0.98,荤素搭配,中,炒菜,0.45,0.52,0.52,0.69,面食,7,不健康
1404,20,1.92,18-22,女,0.14,0.15,0.55,0.14,荤素搭配,高,主食,0.36,0.78,0.97,0.58,面食,18,不健康
1011,15,3.09,23-27,女,0.35,0.36,0.85,0.55,荤素搭配,低,炒菜,0.24,0.95,0.36,0.65,鸡肉,7,一般
1234,15,2.56,28-35,女,0.01,0.6,0.96,0.67,素食,低,炒菜,0.24,0.95,0.36,0.65,鸡肉,7,一般
1386,20,4.79,18-22,男,0.75,0.18,0.37,0.03,无特殊要求,中,主食,0.36,0.78,0.97,0.58,面食,5,不健康
1195,9,4.79,23-27,男,0.11,0.39,0.59,0.28,素食,中,小吃,0.33,0.38,0.93,0.21,蔬菜,12,不健康
1471,4,5.0,23-27,女,0.12,0.69,0.4,0.19,无特殊要求,高,主食,0.37,0.27,0.39,0.16,牛肉,19,健康
1119,18,2.62,18-22,女,0.22,0.16,0.24,0.5,无特殊要求,高,汤,0.12,0.72,0.07,0.92,猪肉,12,不健康
1396,18,3.73,28-35,女,0.39,0.45,0.36,0.29,素食,低,汤,0.12,0.72,0.07,0.92,猪肉,12,不健康
1020,5,3.27,23-27,女,0.01,0.88,0.2,0.95,无特殊要求,高,汤,0.1,0.52,0.72,0.7,牛肉,14,一般
1261,20,2.53,23-27,女,0.1,0.21,0.97,0.67,荤素搭配,低,主食,0.36,0.78,0.97,0.58,面食,5,不健康
1293,11,4.92,28-35,男,0.75,0.06,0.71,0.53,素食,低,汤,0.42,0.96,0.73,0.06,牛肉,6,健康
1422,5,2.11,23-27,男,0.52,0.17,0.98,0.38,荤素搭配,高,汤,0.1,0.52,0.72,0.7,牛肉,14,一般
1256,4,5.0,28-35,女,0.08,0.55,0.27,0.61,素食,低,主食,0.37,0.27,0.39,0.16,蔬菜,6,健康
1222,12,4.86,18-22,男,0.24,0.14,0.85,0.62,无特殊要求,中,小吃,0.74,0.02,0.65,0.21,猪肉,11,一般
1393,2,3.83,18-22,女,0.42,0.18,0.92,0.76,荤素搭配,高,主食,0.02,0.44,0.25,0.68,猪肉,18,健康
1226,13,4.55,23-27,男,0.3,0.43,0.19,0.11,无特殊要求,中,汤,0.7,0.31,0.87,0.34,蔬菜,13,一般
1053,10,3.11,28-35,男,0.31,0.1,0.38,0.76,素食,低,炒菜,0.1,0.34,0.75,0.63,牛肉,13,不健康
1428,9,2.89,18-22,男,0.5,0.39,0.61,0.06,荤素搭配,中,小吃,0.33,0.38,0.93,0.21,蔬菜,12,不健康
1355,10,4.53,28-35,女,0.2,0.31,0.24,0.36,素食,高,炒菜,0.1,0.34,0.75,0.63,牛肉,19,不健康
1500,7,5.0,18-22,女,0.2,0.5,0.92,0.63,荤素搭配,低,汤,0.05,0.71,0.58,0.2,面食,12,不健康
1342,4,2.47,23-27,女,0.49,0.11,0.12,0.59,素食,高,主食,0.37,0.27,0.39,0.16,蔬菜,19,健康
1364,19,3.23,18-22,女,0.24,0.27,0.6,0.67,无特殊要求,中,小吃,0.74,0.34,0.36,0.51,蔬菜,18,不健康
1280,10,4.21,23-27,女,0.3,0.2,0.79,0.78,无特殊要求,中,炒菜,0.1,0.34,0.75,0.63,牛肉,19,不健康
1081,3,5.0,28-35,男,0.84,0.36,0.69,0.97,素食,中,小吃,0.72,0.9,0.76,0.05,蔬菜,19,不健康
1202,19,2.96,18-22,女,0.33,0.89,0.85,0.21,荤素搭配,中,小吃,0.74,0.34,0.36,0.51,面食,18,不健康
1158,2,5.0,18-22,女,0.1,0.59,0.78,0.09,荤素搭配,高,主食,0.02,0.44,0.25,0.68,猪肉,18,健康
1120,20,2.32,28-35,男,0.27,0.41,0.46,0.06,素食,高,主食,0.36,0.78,0.97,0.58,面食,11,不健康
1059,10,4.73,23-27,女,0.31,0.3,0.55,0.22,无特殊要求,低,炒菜,0.1,0.34,0.75,0.63,牛肉,11,不健康
1494,2,3.14,18-22,女,0.47,0.09,0.05,0.11,荤素搭配,低,主食,0.02,0.44,0.25,0.68,猪肉,14,健康
1215,2,2.75,18-22,男,0.65,0.31,0.43,0.33,荤素搭配,高,主食,0.02,0.44,0.25,0.68,猪肉,18,健康
1128,17,5.0,28-35,男,0.4,0.08,0.7,0.25,素食,中,汤,0.19,0.85,0.7,0.09,猪肉,19,一般
1224,16,5.0,28-35,女,0.34,0.41,0.26,0.98,素食,中,小吃,0.74,0.02,0.96,0.34,牛肉,11,一般
1209,16,5.0,18-22,男,0.21,0.1,0.36,0.84,无特殊要求,中,小吃,0.74,0.02,0.96,0.34,牛肉,11,一般
1370,14,5.0,28-35,女,0.21,0.52,0.92,0.64,素食,低,小吃,0.62,0.29,0.92,0.78,蔬菜,11,健康
1115,7,3.92,23-27,女,0.46,0.78,0.36,0.57,荤素搭配,高,汤,0.05,0.71,0.58,0.2,面食,12,不健康
1209,11,5.0,18-22,男,0.21,0.41,0.36,0.84,无特殊要求,中,汤,0.42,0.96,0.73,0.06,牛肉,6,健康
1014,1,2.39,23-27,男,0.27,0.27,0.3,0.61,荤素搭配,高,主食,0.71,0.15,0.46,0.04,鸡肉,15,健康
1009,11,3.98,23-27,男,0.28,0.23,0.87,0.17,素食,中,汤,0.42,0.96,0.73,0.06,蔬菜,6,健康
1040,4,2.55,18-22,男,0.37,0.24,0.73,0.42,荤素搭配,低,主食,0.37,0.27,0.39,0.16,面食,14,健康
1450,7,1.62,23-27,女,0.37,0.01,0.69,0.98,荤素搭配,高,汤,0.05,0.71,0.58,0.2,面食,12,不健康
1237,15,5.0,28-35,女,0.49,0.14,0.67,0.6,素食,低,炒菜,0.24,0.95,0.36,0.65,蔬菜,7,一般
1281,18,2.24,28-35,女,0.11,0.91,0.19,0.61,素食,高,汤,0.12,0.72,0.07,0.92,面食,12,不健康
1359,12,5.0,28-35,女,0.0,0.4,0.68,0.76,素食,低,小吃,0.74,0.02,0.65,0.21,猪肉,11,一般
1201,17,4.32,18-22,男,0.87,0.45,0.98,0.96,无特殊要求,低,汤,0.19,0.85,0.7,0.09,猪肉,10,一般
1246,1,2.73,18-22,男,0.61,0.38,0.43,0.59,无特殊要求,中,主食,0.71,0.15,0.46,0.04,面食,15,健康
1278,11,2.63,28-35,女,0.22,0.42,0.19,0.01,素食,中,汤,0.42,0.96,0.73,0.06,蔬菜,6,健康
1235,1,3.5,23-27,女,0.18,0.47,0.65,0.03,荤素搭配,高,主食,0.71,0.15,0.46,0.04,鸡肉,15,健康
1494,15,4.29,18-22,女,0.47,0.09,0.05,0.11,荤素搭配,低,炒菜,0.24,0.95,0.36,0.65,鸡肉,7,一般
1004,10,1.85,23-27,女,0.44,0.07,0.4,0.76,荤素搭配,中,炒菜,0.1,0.34,0.75,0.63,牛肉,19,不健康
1154,7,2.14,28-35,女,0.31,0.92,0.66,0.44,素食,低,汤,0.05,0.71,0.58,0.2,面食,12,不健康
1442,2,3.13,23-27,女,0.06,0.82,0.32,0.98,无特殊要求,低,主食,0.02,0.44,0.25,0.68,猪肉,13,健康
1029,10,2.88,18-22,女,0.45,0.6,0.58,0.23,无特殊要求,高,炒菜,0.1,0.34,0.75,0.63,蔬菜,19,不健康
1109,4,2.8,28-35,男,0.4,0.34,0.82,0.43,素食,低,主食,0.37,0.27,0.39,0.16,牛肉,12,健康
1098,12,3.73,23-27,女,0.04,0.51,0.13,0.22,无特殊要求,低,小吃,0.74,0.02,0.65,0.21,猪肉,11,一般
1215,19,5.0,18-22,男,0.65,0.14,0.43,0.33,荤素搭配,高,小吃,0.74,0.34,0.36,0.51,鸡肉,18,不健康
1293,11,1.92,28-35,男,0.75,0.06,0.71,0.53,素食,低,汤,0.42,0.96,0.73,0.06,牛肉,6,健康
1075,8,5.0,28-35,男,0.34,0.26,0.84,0.88,素食,中,小吃,0.05,0.11,0.52,0.76,猪肉,9,健康
1326,18,3.61,28-35,女,0.43,0.2,0.86,0.32,素食,中,汤,0.12,0.72,0.07,0.92,猪肉,12,不健康
1146,11,2.17,23-27,女,0.35,0.43,0.64,0.82,荤素搭配,高,汤,0.42,0.96,0.73,0.06,牛肉,16,健康
1128,11,4.77,28-35,男,0.4,0.08,0.7,0.25,素食,中,汤,0.42,0.96,0.73,0.06,牛肉,6,健康
1341,13,3.66,23-27,男,0.06,0.01,0.13,0.97,素食,中,汤,0.7,0.31,0.87,0.34,蔬菜,13,一般
1042,3,2.27,28-35,女,0.24,0.8,0.43,0.92,素食,中,小吃,0.72,0.9,0.76,0.05,蔬菜,19,不健康
1356,12,4.27,18-22,男,0.91,0.25,0.74,0.49,荤素搭配,低,小吃,0.74,0.02,0.65,0.21,猪肉,11,一般
1041,3,2.77,23-27,女,0.35,0.35,0.92,0.93,无特殊要求,高,小吃,0.72,0.9,0.76,0.05,蔬菜,19,不健康
1422,10,2.08,23-27,男,0.52,0.17,0.98,0.38,荤素搭配,高,炒菜,0.1,0.34,0.75,0.63,牛肉,19,不健康
1034,17,4.57,23-27,女,0.4,0.4,0.17,0.38,荤素搭配,中,汤,0.19,0.85,0.7,0.09,猪肉,19,一般
1017,2,5.0,28-35,女,0.09,0.56,0.11,0.14,素食,低,主食,0.02,0.44,0.25,0.68,猪肉,12,健康
1165,17,4.95,28-35,男,0.94,0.2,0.13,0.08,素食,中,汤,0.19,0.85,0.7,0.09,蔬菜,19,一般
1153,16,1.87,23-27,女,0.11,0.57,0.22,0.76,素食,中,小吃,0.74,0.02,0.96,0.34,蔬菜,11,一般
1486,2,3.7,28-35,女,0.21,0.72,0.76,0.26,素食,高,主食,0.02,0.44,0.25,0.68,蔬菜,18,健康
1378,20,5.0,18-22,男,0.11,0.07,0.74,0.71,荤素搭配,中,主食,0.36,0.78,0.97,0.58,面食,5,不健康
1076,6,5.0,28-35,男,0.16,0.34,0.34,0.04,素食,中,炒菜,0.45,0.52,0.52,0.69,面食,7,不健康
1087,10,2.24,28-35,男,0.72,0.29,0.68,0.61,素食,中,炒菜,0.1,0.34,0.75,0.63,牛肉,19,不健康
1117,10,4.8,28-35,男,0.14,0.23,0.91,0.04,素食,中,炒菜,0.1,0.34,0.75,0.63,牛肉,19,不健康
1362,8,4.5,23-27,女,0.18,0.29,0.46,0.29,荤素搭配,中,小吃,0.05,0.11,0.52,0.76,猪肉,9,健康
1342,1,4.67,23-27,女,0.27,0.11,0.12,0.59,素食,高,主食,0.71,0.15,0.46,0.04,蔬菜,15,健康
1469,13,5.0,18-22,女,0.02,0.27,0.17,0.48,荤素搭配,低,汤,0.7,0.31,0.87,0.34,蔬菜,13,一般
1027,9,4.42,28-35,男,0.51,0.46,0.95,0.94,素食,低,小吃,0.33,0.38,0.93,0.21,蔬菜,12,不健康
1313,10,5.0,28-35,男,0.15,0.23,0.47,0.42,素食,中,炒菜,0.1,0.34,0.75,0.63,面食,19,不健康
1287,15,5.0,28-35,女,0.3,0.25,0.33,0.54,素食,低,炒菜,0.24,0.95,0.36,0.65,鸡肉,7,一般
1134,5,1.73,18-22,男,0.29,0.32,0.44,0.31,无特殊要求,高,汤,0.1,0.52,0.72,0.7,牛肉,14,一般
1219,16,3.2,28-35,男,0.76,0.26,0.63,0.05,素食,高,小吃,0.74,0.02,0.96,0.34,面食,11,一般
1168,13,4.49,18-22,女,0.33,0.8,0.43,0.63,荤素搭配,低,汤,0.7,0.31,0.87,0.34,蔬菜,13,一般
1098,20,1.94,23-27,女,0.09,0.51,0.13,0.22,无特殊要求,低,主食,0.36,0.78,0.97,0.58,面食,5,不健康
1268,18,2.24,23-27,男,0.39,0.47,0.6,0.67,素食,中,汤,0.12,0.72,0.07,0.92,蔬菜,12,不健康
1237,11,4.87,28-35,女,0.49,0.14,0.67,0.6,素食,低,汤,0.42,0.96,0.73,0.06,面食,6,健康
1309,9,3.15,18-22,女,0.24,0.83,0.61,0.91,荤素搭配,中,小吃,0.33,0.38,0.93,0.21,蔬菜,12,不健康
1455,16,2.53,28-35,女,0.12,0.55,0.0,0.04,素食,高,小吃,0.74,0.02,0.96,0.34,牛肉,11,一般
1394,2,3.63,28-35,男,0.48,0.44,0.9,0.14,素食,高,主食,0.02,0.44,0.25,0.68,面食,18,健康
1173,2,2.73,28-35,女,0.3,0.07,0.9,0.69,素食,高,主食,0.02,0.44,0.25,0.68,蔬菜,18,健康
1401,12,1.7,18-22,男,0.32,0.48,0.6,0.29,无特殊要求,低,小吃,0.74,0.02,0.65,0.21,猪肉,11,一般
1410,8,2.92,23-27,女,0.15,0.45,0.28,0.94,无特殊要求,低,小吃,0.05,0.11,0.52,0.76,猪肉,9,健康
1469,9,2.67,18-22,女,0.24,0.27,0.17,0.48,荤素搭配,低,小吃,0.33,0.38,0.93,0.21,蔬菜,12,不健康
1476,12,5.0,18-22,女,0.29,0.97,0.17,0.22,荤素搭配,低,小吃,0.74,0.02,0.65,0.21,面食,11,一般
1190,9,1.88,23-27,女,0.2,0.55,0.45,0.88,素食,低,小吃,0.33,0.38,0.93,0.21,蔬菜,12,不健康
1122,10,3.18,23-27,女,0.2,0.77,0.93,0.26,荤素搭配,中,炒菜,0.1,0.34,0.75,0.63,牛肉,19,不健康
1046,2,2.56,28-35,女,0.09,0.99,0.41,0.01,素食,中,主食,0.02,0.44,0.25,0.68,面食,18,健康
1064,16,4.94,18-22,男,0.87,0.24,0.08,0.63,荤素搭配,中,小吃,0.74,0.02,0.96,0.34,牛肉,11,一般
1130,20,3.16,23-27,女,0.19,0.57,0.41,0.19,荤素搭配,中,主食,0.36,0.78,0.97,0.58,面食,5,不健康
1310,7,2.2,18-22,男,0.23,0.12,0.01,0.51,无特殊要求,高,汤,0.05,0.71,0.58,0.2,面食,12,不健康
1363,2,5.0,18-22,女,0.23,0.74,0.01,0.54,无特殊要求,中,主食,0.02,0.44,0.25,0.68,猪肉,18,健康
1193,1,2.12,18-22,女,0.25,0.45,0.92,0.47,荤素搭配,中,主食,0.71,0.15,0.46,0.04,鸡肉,15,健康
1307,19,3.67,18-22,女,0.05,0.89,0.56,0.25,荤素搭配,低,小吃,0.74,0.34,0.36,0.51,蔬菜,6,不健康
1181,4,1.34,18-22,男,0.02,0.47,0.24,0.69,无特殊要求,低,主食,0.37,0.27,0.39,0.16,牛肉,6,健康
1292,2,4.86,28-35,男,0.4,0.37,0.28,0.91,素食,中,主食,0.02,0.44,0.25,0.68,蔬菜,18,健康
1371,14,2.16,23-27,男,0.17,0.2,0.43,0.59,无特殊要求,高,小吃,0.62,0.29,0.92,0.78,猪肉,11,健康
1282,2,2.88,23-27,男,0.99,0.36,0.96,0.34,荤素搭配,高,主食,0.02,0.44,0.25,0.68,猪肉,18,健康
1029,15,5.0,18-22,女,0.35,0.6,0.58,0.23,无特殊要求,高,炒菜,0.24,0.95,0.36,0.65,蔬菜,14,一般
1149,12,1.61,18-22,男,0.4,0.18,0.36,0.37,荤素搭配,低,小吃,0.74,0.02,0.65,0.21,猪肉,11,一般
1267,5,5.0,18-22,男,0.08,0.42,0.71,0.33,无特殊要求,中,汤,0.1,0.52,0.72,0.7,牛肉,14,一般
1296,20,4.56,18-22,男,0.45,0.21,0.26,0.68,无特殊要求,中,主食,0.36,0.78,0.97,0.58,面食,5,不健康
1011,7,1.88,23-27,女,0.35,0.36,0.85,0.55,荤素搭配,低,汤,0.05,0.71,0.58,0.2,面食,12,不健康
1164,10,2.9,23-27,女,0.11,0.91,0.01,0.81,素食,高,炒菜,0.1,0.34,0.75,0.63,蔬菜,19,不健康
1113,14,5.0,23-27,男,0.61,0.21,1.0,0.37,荤素搭配,高,小吃,0.62,0.29,0.92,0.78,猪肉,11,健康
1187,14,5.0,18-22,女,0.13,0.05,0.69,0.83,无特殊要求,低,小吃,0.62,0.29,0.92,0.78,猪肉,11,健康
1295,5,4.97,28-35,女,0.49,0.46,0.21,0.76,素食,低,汤,0.1,0.52,0.72,0.7,牛肉,14,一般
1232,18,5.0,23-27,女,0.27,0.27,0.11,0.11,素食,高,汤,0.12,0.72,0.07,0.92,蔬菜,12,不健康
1227,14,4.06,23-27,女,0.33,0.27,0.82,1.0,荤素搭配,中,小吃,0.62,0.29,0.92,0.78,猪肉,11,健康
1310,2,3.41,18-22,男,0.23,0.12,0.01,0.51,荤素搭配,高,主食,0.02,0.44,0.25,0.68,面食,18,健康
1098,12,5.0,23-27,女,0.42,0.51,0.13,0.22,无特殊要求,低,小吃,0.74,0.02,0.65,0.21,猪肉,11,一般
1055,6,3.93,23-27,女,0.33,0.83,0.37,0.1,荤素搭配,低,炒菜,0.45,0.52,0.52,0.69,面食,7,不健康
1111,4,4.53,18-22,女,0.4,0.02,0.81,0.36,无特殊要求,中,主食,0.37,0.27,0.39,0.16,蔬菜,19,健康
1152,13,2.94,23-27,女,0.44,0.19,0.16,0.24,荤素搭配,中,汤,0.7,0.31,0.87,0.34,蔬菜,13,一般
1246,4,5.0,18-22,男,0.61,0.05,0.43,0.59,荤素搭配,中,主食,0.37,0.27,0.39,0.16,面食,19,健康
1406,14,4.5,23-27,女,0.02,0.38,0.11,0.35,素食,中,小吃,0.62,0.29,0.92,0.78,面食,11,健康
1069,16,2.19,18-22,男,0.83,0.03,0.39,0.56,无特殊要求,高,小吃,0.74,0.02,0.96,0.34,牛肉,11,一般
1312,4,4.66,18-22,男,0.78,0.02,0.82,0.3,无特殊要求,中,主食,0.37,0.27,0.39,0.16,面食,19,健康
1289,1,3.62,23-27,女,0.46,0.77,0.34,0.63,无特殊要求,中,主食,0.71,0.15,0.46,0.04,鸡肉,15,健康
1250,13,2.87,23-27,男,0.76,0.07,0.01,0.9,无特殊要求,中,汤,0.7,0.31,0.87,0.34,蔬菜,13,一般
1036,4,2.5,23-27,女,0.14,0.18,0.86,0.39,荤素搭配,高,主食,0.37,0.27,0.39,0.16,牛肉,19,健康
1239,20,5.0,28-35,女,0.15,0.38,0.63,0.55,素食,高,主食,0.36,0.78,0.97,0.58,面食,14,不健康
1148,18,1.42,23-27,男,0.87,0.23,0.48,0.13,荤素搭配,中,汤,0.12,0.72,0.07,0.92,猪肉,12,不健康
1467,6,4.42,28-35,女,0.28,0.18,0.54,0.95,素食,高,炒菜,0.45,0.52,0.52,0.69,面食,13,不健康
1227,3,5.0,23-27,女,0.04,0.27,0.82,1.0,荤素搭配,中,小吃,0.72,0.9,0.76,0.05,蔬菜,19,不健康
1244,13,5.0,23-27,男,0.11,0.28,0.89,0.55,荤素搭配,低,汤,0.7,0.31,0.87,0.34,蔬菜,13,一般
1491,16,2.99,28-35,女,0.19,0.56,0.69,0.53,素食,低,小吃,0.74,0.02,0.96,0.34,牛肉,11,一般
1337,5,4.07,23-27,女,0.13,0.29,0.66,0.61,荤素搭配,中,汤,0.1,0.52,0.72,0.7,牛肉,14,一般
1446,4,1.28,28-35,女,0.01,0.46,0.02,0.91,素食,高,主食,0.37,0.27,0.39,0.16,牛肉,19,健康
1365,8,2.9,18-22,女,0.39,0.45,0.35,0.84,荤素搭配,中,小吃,0.05,0.11,0.52,0.76,猪肉,9,健康
1491,19,4.85,28-35,女,0.19,0.56,0.69,0.53,素食,低,小吃,0.74,0.34,0.36,0.51,鸡肉,14,不健康
1482,14,3.17,23-27,男,0.18,0.11,0.41,0.65,无特殊要求,中,小吃,0.62,0.29,0.92,0.78,猪肉,11,健康
1201,7,3.12,18-22,男,0.87,0.45,0.98,0.96,无特殊要求,低,汤,0.05,0.71,0.58,0.2,面食,12,不健康
1154,14,5.0,28-35,女,0.31,0.92,0.66,0.44,素食,低,小吃,0.62,0.29,0.92,0.78,蔬菜,11,健康
1450,6,3.21,23-27,女,0.37,0.01,0.69,0.98,荤素搭配,高,炒菜,0.45,0.52,0.52,0.69,面食,17,不健康
1073,12,2.72,18-22,女,0.17,0.05,0.4,0.27,无特殊要求,中,小吃,0.74,0.02,0.65,0.21,猪肉,11,一般
1201,16,4.92,18-22,男,0.87,0.45,0.98,0.96,无特殊要求,低,小吃,0.74,0.02,0.96,0.34,牛肉,11,一般
1296,17,3.14,18-22,男,0.45,0.05,0.26,0.68,无特殊要求,中,汤,0.19,0.85,0.7,0.09,猪肉,19,一般
1017,13,1.38,28-35,女,0.09,0.56,0.11,0.14,素食,低,汤,0.7,0.31,0.87,0.34,蔬菜,13,一般
1129,14,5.0,18-22,男,0.31,0.12,0.86,0.49,荤素搭配,低,小吃,0.62,0.29,0.92,0.78,猪肉,11,健康
1217,7,3.76,23-27,女,0.42,0.15,0.96,0.4,无特殊要求,中,汤,0.05,0.71,0.58,0.2,面食,12,不健康
1061,14,3.18,23-27,男,0.41,0.02,0.86,0.17,荤素搭配,中,小吃,0.62,0.29,0.92,0.78,猪肉,11,健康
1427,15,2.78,28-35,男,0.97,0.12,0.12,0.85,素食,低,炒菜,0.24,0.95,0.36,0.65,鸡肉,7,一般
1104,12,4.3,23-27,女,0.14,0.55,0.27,0.07,荤素搭配,中,小吃,0.74,0.02,0.65,0.21,猪肉,11,一般
1042,17,4.11,28-35,女,0.24,0.8,0.43,0.92,素食,中,汤,0.19,0.85,0.7,0.09,猪肉,19,一般
1025,9,1.29,28-35,女,0.12,0.02,0.05,0.95,素食,高,小吃,0.33,0.38,0.93,0.21,蔬菜,12,不健康
1039,15,3.52,28-35,女,0.28,0.77,0.43,0.76,素食,低,炒菜,0.24,0.95,0.36,0.65,鸡肉,7,一般
1291,12,5.0,23-27,女,0.36,0.28,0.84,0.05,无特殊要求,高,小吃,0.74,0.02,0.65,0.21,猪肉,11,一般
1131,2,5.0,28-35,女,0.47,0.13,0.1,0.71,素食,高,主食,0.02,0.44,0.25,0.68,蔬菜,18,健康
1498,5,4.22,18-22,女,0.06,1.0,0.51,0.35,荤素搭配,中,汤,0.1,0.52,0.72,0.7,牛肉,14,一般
1229,13,2.23,28-35,女,0.31,0.35,0.45,0.59,素食,低,汤,0.7,0.31,0.87,0.34,蔬菜,13,一般
1108,20,5.0,23-27,女,0.38,0.61,0.62,0.48,荤素搭配,高,主食,0.36,0.78,0.97,0.58,面食,16,不健康
1172,8,1.53,28-35,男,0.06,0.12,0.5,0.34,素食,中,小吃,0.05,0.11,0.52,0.76,猪肉,9,健康
1435,14,5.0,23-27,女,0.2,0.27,0.31,0.53,素食,低,小吃,0.62,0.29,0.92,0.78,蔬菜,11,健康
1478,15,4.26,28-35,男,0.52,0.33,0.54,0.96,素食,低,炒菜,0.24,0.95,0.36,0.65,鸡肉,7,一般
1102,11,3.01,23-27,女,0.24,0.21,0.97,0.03,无特殊要求,低,汤,0.42,0.96,0.73,0.06,牛肉,6,健康
1354,1,1.99,18-22,女,0.16,0.74,0.86,0.94,无特殊要求,高,主食,0.71,0.15,0.46,0.04,蔬菜,15,健康
1012,3,5.0,23-27,女,0.17,0.9,0.9,0.33,荤素搭配,高,小吃,0.72,0.9,0.76,0.05,蔬菜,19,不健康
1275,17,5.0,28-35,男,0.63,0.13,0.27,0.51,素食,低,汤,0.19,0.85,0.7,0.09,猪肉,11,一般
1101,19,3.74,18-22,男,0.17,0.03,0.39,0.9,无特殊要求,高,小吃,0.74,0.34,0.36,0.51,鸡肉,18,不健康
1044,14,3.42,28-35,女,0.2,0.43,0.76,0.61,素食,中,小吃,0.62,0.29,0.92,0.78,面食,11,健康
1443,8,1.19,28-35,男,0.71,0.06,0.04,0.17,素食,低,小吃,0.05,0.11,0.52,0.76,猪肉,9,健康
1305,13,5.0,23-27,男,0.47,0.23,0.83,0.46,素食,高,汤,0.7,0.31,0.87,0.34,蔬菜,13,一般
1445,20,4.02,23-27,男,0.92,0.34,0.91,0.94,素食,低,主食,0.36,0.78,0.97,0.58,面食,5,不健康
1017,3,5.0,28-35,女,0.09,0.56,0.11,0.14,素食,低,小吃,0.72,0.9,0.76,0.05,蔬菜,8,不健康
1330,5,5.0,28-35,女,0.4,0.02,0.59,0.01,素食,高,汤,0.1,0.52,0.72,0.7,牛肉,14,一般
1057,9,5.0,18-22,女,0.47,0.98,0.46,0.82,荤素搭配,中,小吃,0.33,0.38,0.93,0.21,蔬菜,12,不健康
1311,6,5.0,23-27,女,0.35,0.69,0.31,0.88,荤素搭配,低,炒菜,0.45,0.52,0.52,0.69,面食,7,不健康
1497,2,3.56,28-35,男,0.36,0.07,0.57,0.56,素食,中,主食,0.02,0.44,0.25,0.68,蔬菜,18,健康
1303,13,4.87,18-22,女,0.1,0.11,0.57,0.78,荤素搭配,高,汤,0.7,0.31,0.87,0.34,蔬菜,13,一般
1012,5,5.0,23-27,女,0.31,0.9,0.9,0.33,荤素搭配,高,汤,0.1,0.52,0.72,0.7,牛肉,14,一般
1318,8,1.44,28-35,女,0.35,0.21,0.37,0.27,素食,低,小吃,0.05,0.11,0.52,0.76,面食,9,健康
1080,1,5.0,18-22,男,0.07,0.35,0.76,0.11,无特殊要求,高,主食,0.71,0.15,0.46,0.04,鸡肉,15,健康
1216,20,4.6,23-27,男,0.98,0.12,0.32,0.46,素食,低,主食,0.36,0.78,0.97,0.58,面食,5,不健康
1339,12,2.76,28-35,女,0.32,0.78,0.25,0.68,素食,低,小吃,0.74,0.02,0.65,0.21,蔬菜,11,一般
1264,11,3.63,28-35,男,0.82,0.41,0.41,0.76,素食,低,汤,0.42,0.96,0.73,0.06,牛肉,6,健康
1479,7,5.0,23-27,女,0.21,0.65,0.04,0.07,无特殊要求,高,汤,0.05,0.71,0.58,0.2,面食,12,不健康
1149,15,2.64,18-22,男,0.4,0.18,0.36,0.37,荤素搭配,低,炒菜,0.24,0.95,0.36,0.65,鸡肉,7,一般
1081,11,5.0,28-35,男,0.84,0.09,0.69,0.97,素食,中,汤,0.42,0.96,0.73,0.06,牛肉,6,健康
1215,16,4.02,18-22,男,0.65,0.35,0.43,0.33,荤素搭配,高,小吃,0.74,0.02,0.96,0.34,牛肉,11,一般
1485,3,2.77,23-27,男,0.09,0.11,0.73,0.94,素食,高,小吃,0.72,0.9,0.76,0.05,蔬菜,19,不健康
1374,20,2.12,23-27,女,0.14,0.49,0.26,0.75,素食,高,主食,0.36,0.78,0.97,0.58,面食,16,不健康
1464,14,5.0,28-35,男,0.28,0.07,0.29,0.19,素食,低,小吃,0.62,0.29,0.92,0.78,蔬菜,11,健康
1198,3,3.07,18-22,女,0.0,0.87,0.31,0.94,荤素搭配,高,小吃,0.72,0.9,0.76,0.05,蔬菜,19,不健康
1200,1,4.07,28-35,男,0.77,0.44,0.93,0.43,素食,高,主食,0.71,0.15,0.46,0.04,鸡肉,15,健康
1025,15,3.68,28-35,女,0.12,0.02,0.05,0.95,素食,高,炒菜,0.24,0.95,0.36,0.65,鸡肉,17,一般
1466,1,1.86,18-22,女,0.06,0.91,0.67,0.4,无特殊要求,高,主食,0.71,0.15,0.46,0.04,鸡肉,15,健康
1089,17,3.76,18-22,女,0.03,0.41,0.25,0.87,无特殊要求,高,汤,0.19,0.85,0.7,0.09,猪肉,19,一般
1268,2,3.94,23-27,男,0.39,0.3,0.6,0.67,素食,中,主食,0.02,0.44,0.25,0.68,面食,18,健康
1143,20,3.25,18-22,女,0.31,0.13,0.55,0.86,荤素搭配,高,主食,0.36,0.78,0.97,0.58,面食,10,不健康
1059,6,5.0,23-27,女,0.34,0.3,0.55,0.22,无特殊要求,低,炒菜,0.45,0.52,0.52,0.69,面食,7,不健康
1410,8,4.92,23-27,女,0.15,0.45,0.28,0.94,无特殊要求,低,小吃,0.05,0.11,0.52,0.76,猪肉,9,健康
1489,16,3.86,28-35,男,0.14,0.36,0.59,0.54,素食,中,小吃,0.74,0.02,0.96,0.34,面食,11,一般
1365,19,4.2,18-22,女,0.03,0.45,0.35,0.84,荤素搭配,中,小吃,0.74,0.34,0.36,0.51,鸡肉,18,不健康
1026,1,4.24,18-22,女,0.14,0.71,0.07,0.11,荤素搭配,低,主食,0.71,0.15,0.46,0.04,鸡肉,15,健康
1047,3,4.21,28-35,女,0.17,0.65,0.61,0.79,素食,低,小吃,0.72,0.9,0.76,0.05,蔬菜,7,不健康
1288,3,3.47,28-35,女,0.21,0.81,0.77,0.15,素食,高,小吃,0.72,0.9,0.76,0.05,蔬菜,19,不健康
1266,5,3.08,18-22,男,0.36,0.03,0.12,0.92,无特殊要求,低,汤,0.1,0.52,0.72,0.7,面食,14,一般
1016,12,4.37,28-35,女,0.2,0.93,0.26,0.15,素食,中,小吃,0.74,0.02,0.65,0.21,面食,11,一般
1199,12,3.35,23-27,女,0.32,0.65,0.08,0.24,素食,中,小吃,0.74,0.02,0.65,0.21,面食,11,一般
1401,20,4.24,18-22,男,0.32,0.48,0.6,0.29,无特殊要求,低,主食,0.36,0.78,0.97,0.58,面食,5,不健康
1407,13,5.0,23-27,女,0.17,0.37,0.42,0.3,荤素搭配,中,汤,0.7,0.31,0.87,0.34,蔬菜,13,一般
1282,20,5.0,23-27,男,0.99,0.04,0.96,0.34,荤素搭配,高,主食,0.36,0.78,0.97,0.58,面食,13,不健康
1469,9,2.67,18-22,女,0.29,0.27,0.17,0.48,无特殊要求,低,小吃,0.33,0.38,0.93,0.21,蔬菜,12,不健康
1086,7,2.02,28-35,男,0.95,0.38,0.95,0.18,素食,低,汤,0.05,0.71,0.58,0.2,面食,12,不健康
1250,4,1.45,23-27,男,0.76,0.07,0.01,0.9,无特殊要求,中,主食,0.37,0.27,0.39,0.16,牛肉,19,健康
1391,19,2.29,28-35,女,0.09,0.3,0.36,0.72,素食,中,小吃,0.74,0.34,0.36,0.51,面食,18,不健康
1270,19,2.07,18-22,女,0.42,0.29,0.77,0.76,无特殊要求,高,小吃,0.74,0.34,0.36,0.51,鸡肉,18,不健康
1335,6,3.71,28-35,男,0.22,0.26,0.1,0.61,素食,高,炒菜,0.45,0.52,0.52,0.69,面食,13,不健康
1117,13,3.97,28-35,男,0.14,0.23,0.91,0.04,素食,中,汤,0.7,0.31,0.87,0.34,蔬菜,13,一般
1007,11,5.0,28-35,女,0.15,0.11,0.63,0.19,素食,高,汤,0.42,0.96,0.73,0.06,牛肉,10,健康
1137,13,4.16,23-27,女,0.12,0.74,0.22,0.4,素食,高,汤,0.7,0.31,0.87,0.34,蔬菜,13,一般
1371,13,1.9,23-27,男,0.17,0.34,0.43,0.59,无特殊要求,高,汤,0.7,0.31,0.87,0.34,蔬菜,13,一般
1176,20,5.0,18-22,男,0.48,0.43,0.01,0.93,无特殊要求,中,主食,0.36,0.78,0.97,0.58,面食,5,不健康
1328,15,5.0,23-27,男,0.43,0.47,0.99,0.43,荤素搭配,低,炒菜,0.24,0.95,0.36,0.65,鸡肉,7,一般
1498,13,3.47,18-22,女,0.45,1.0,0.51,0.35,荤素搭配,中,汤,0.7,0.31,0.87,0.34,蔬菜,13,一般
1315,11,2.8,28-35,男,0.78,0.3,0.24,0.22,素食,低,汤,0.42,0.96,0.73,0.06,牛肉,6,健康
1215,19,4.12,18-22,男,0.65,0.32,0.43,0.33,荤素搭配,高,小吃,0.74,0.34,0.36,0.51,鸡肉,18,不健康
1477,8,4.71,28-35,女,0.17,0.09,0.44,0.58,素食,低,小吃,0.05,0.11,0.52,0.76,蔬菜,9,健康
1082,20,2.08,28-35,男,0.08,0.38,0.13,0.39,素食,中,主食,0.36,0.78,0.97,0.58,面食,5,不健康
1223,8,2.04,18-22,女,0.19,0.18,0.87,0.74,荤素搭配,低,小吃,0.05,0.11,0.52,0.76,面食,9,健康
1478,10,2.17,28-35,男,0.52,0.33,0.54,0.96,素食,低,炒菜,0.1,0.34,0.75,0.63,牛肉,9,不健康
1372,16,4.57,18-22,女,0.23,0.51,0.81,0.72,无特殊要求,高,小吃,0.74,0.02,0.96,0.34,牛肉,11,一般
1423,19,4.02,28-35,女,0.11,0.49,0.87,0.89,素食,高,小吃,0.74,0.34,0.36,0.51,鸡肉,18,不健康
1483,11,5.0,28-35,女,0.3,0.94,0.0,0.89,素食,低,汤,0.42,0.96,0.73,0.06,牛肉,6,健康
1402,13,1.56,23-27,女,0.17,0.3,0.06,0.0,荤素搭配,中,汤,0.7,0.31,0.87,0.34,蔬菜,13,一般
1443,9,1.33,28-35,男,0.71,0.06,0.04,0.17,素食,低,小吃,0.33,0.38,0.93,0.21,蔬菜,12,不健康
1490,20,3.57,28-35,男,0.1,0.32,0.05,0.4,素食,低,主食,0.36,0.78,0.97,0.58,面食,5,不健康
1103,19,4.18,23-27,男,0.79,0.32,0.04,0.92,荤素搭配,中,小吃,0.74,0.34,0.36,0.51,鸡肉,18,不健康
1273,16,5.0,23-27,女,0.15,0.49,0.6,0.1,荤素搭配,高,小吃,0.74,0.02,0.96,0.34,牛肉,11,一般
1014,7,5.0,23-27,男,0.27,0.27,0.3,0.61,荤素搭配,高,汤,0.05,0.71,0.58,0.2,面食,12,不健康
1159,19,2.8,28-35,女,0.17,0.01,0.59,0.89,素食,中,小吃,0.74,0.34,0.36,0.51,鸡肉,18,不健康
1152,12,4.85,23-27,女,0.02,0.19,0.16,0.24,荤素搭配,中,小吃,0.74,0.02,0.65,0.21,猪肉,11,一般
1483,15,2.71,28-35,女,0.02,0.94,0.0,0.89,素食,低,炒菜,0.24,0.95,0.36,0.65,鸡肉,7,一般
1108,14,2.36,23-27,女,0.38,0.61,0.62,0.48,荤素搭配,高,小吃,0.62,0.29,0.92,0.78,猪肉,11,健康
1188,11,5.0,23-27,男,0.85,0.14,0.95,0.51,荤素搭配,低,汤,0.42,0.96,0.73,0.06,牛肉,6,健康
1301,10,5.0,28-35,男,0.22,0.27,0.98,0.65,素食,高,炒菜,0.1,0.34,0.75,0.63,蔬菜,19,不健康
1098,11,2.93,23-27,女,0.25,0.51,0.13,0.22,无特殊要求,低,汤,0.42,0.96,0.73,0.06,牛肉,6,健康
1131,6,4.95,28-35,女,0.2,0.13,0.1,0.71,素食,高,炒菜,0.45,0.52,0.52,0.69,面食,18,不健康
1293,2,2.58,28-35,男,0.75,0.06,0.71,0.53,素食,低,主食,0.02,0.44,0.25,0.68,猪肉,12,健康
1171,11,5.0,18-22,男,0.3,0.12,0.4,0.67,荤素搭配,高,汤,0.42,0.96,0.73,0.06,蔬菜,14,健康
1424,19,1.43,23-27,男,0.01,0.15,0.27,0.04,荤素搭配,高,小吃,0.74,0.34,0.36,0.51,鸡肉,18,不健康
1474,6,2.6,18-22,女,0.46,0.2,0.3,0.2,荤素搭配,中,炒菜,0.45,0.52,0.52,0.69,面食,7,不健康
1183,14,5.0,23-27,男,0.19,0.5,0.42,0.09,荤素搭配,高,小吃,0.62,0.29,0.92,0.78,猪肉,11,健康
1471,20,3.39,23-27,女,0.16,0.69,0.4,0.19,无特殊要求,高,主食,0.36,0.78,0.97,0.58,面食,18,不健康
1364,6,3.27,18-22,女,0.2,0.27,0.6,0.67,无特殊要求,中,炒菜,0.45,0.52,0.52,0.69,面食,7,不健康
1039,17,2.14,28-35,女,0.22,0.77,0.43,0.76,素食,低,汤,0.19,0.85,0.7,0.09,猪肉,12,一般
1015,10,5.0,23-27,女,0.44,0.73,0.89,0.67,无特殊要求,低,炒菜,0.1,0.34,0.75,0.63,牛肉,5,不健康
1376,1,5.0,23-27,男,0.8,0.46,0.33,0.16,荤素搭配,低,主食,0.71,0.15,0.46,0.04,鸡肉,15,健康
1497,3,3.78,28-35,男,0.36,0.07,0.57,0.56,素食,中,小吃,0.72,0.9,0.76,0.05,蔬菜,19,不健康
1004,8,3.82,23-27,女,0.44,0.07,0.4,0.76,荤素搭配,中,小吃,0.05,0.11,0.52,0.76,猪肉,9,健康
1349,8,3.67,18-22,女,0.28,0.28,0.48,0.47,荤素搭配,低,小吃,0.05,0.11,0.52,0.76,猪肉,9,健康
1470,20,1.63,23-27,男,0.7,0.23,0.0,0.34,荤素搭配,高,主食,0.36,0.78,0.97,0.58,面食,15,不健康
1409,15,3.38,28-35,男,0.27,0.49,0.57,0.46,素食,中,炒菜,0.24,0.95,0.36,0.65,鸡肉,7,一般
1397,7,5.0,28-35,男,0.17,0.25,0.96,0.41,素食,低,汤,0.05,0.71,0.58,0.2,面食,12,不健康
1210,11,5.0,28-35,女,0.45,0.73,0.1,0.4,素食,高,汤,0.42,0.96,0.73,0.06,牛肉,14,健康
1161,7,2.88,28-35,女,0.44,0.31,0.97,0.29,素食,高,汤,0.05,0.71,0.58,0.2,面食,12,不健康
1016,4,5.0,28-35,女,0.2,0.93,0.26,0.15,素食,中,主食,0.37,0.27,0.39,0.16,面食,19,健康
1493,12,2.89,23-27,女,0.16,0.76,0.42,0.3,素食,中,小吃,0.74,0.02,0.65,0.21,面食,11,一般
1426,6,2.62,18-22,女,0.08,0.79,0.89,0.55,无特殊要求,中,炒菜,0.45,0.52,0.52,0.69,面食,7,不健康
1108,14,2.36,23-27,女,0.38,0.61,0.62,0.48,荤素搭配,高,小吃,0.62,0.29,0.92,0.78,猪肉,11,健康
1382,12,1.42,18-22,男,0.33,0.42,0.17,0.26,无特殊要求,中,小吃,0.74,0.02,0.65,0.21,猪肉,11,一般
1450,11,2.73,23-27,女,0.37,0.01,0.69,0.98,荤素搭配,高,汤,0.42,0.96,0.73,0.06,牛肉,17,健康
1311,19,3.54,23-27,女,0.21,0.69,0.31,0.88,荤素搭配,低,小吃,0.74,0.34,0.36,0.51,鸡肉,8,不健康
1227,5,5.0,23-27,女,0.0,0.27,0.82,1.0,荤素搭配,中,汤,0.1,0.52,0.72,0.7,牛肉,14,一般
1170,14,5.0,28-35,女,0.0,0.72,0.11,0.24,素食,低,小吃,0.62,0.29,0.92,0.78,猪肉,11,健康
1034,16,5.0,23-27,女,0.4,0.4,0.17,0.38,荤素搭配,中,小吃,0.74,0.02,0.96,0.34,牛肉,11,一般
1414,13,5.0,23-27,女,0.22,0.33,0.96,0.52,荤素搭配,中,汤,0.7,0.31,0.87,0.34,蔬菜,13,一般
1251,20,5.0,18-22,女,0.31,0.35,0.23,0.62,荤素搭配,高,主食,0.36,0.78,0.97,0.58,面食,13,不健康
1247,4,1.62,28-35,女,0.23,0.94,0.59,0.31,素食,低,主食,0.37,0.27,0.39,0.16,牛肉,5,健康
1269,11,5.0,23-27,男,0.39,0.49,0.99,0.21,荤素搭配,高,汤,0.42,0.96,0.73,0.06,牛肉,12,健康
1141,17,2.03,23-27,男,0.05,0.01,0.02,0.01,荤素搭配,中,汤,0.19,0.85,0.7,0.09,猪肉,19,一般
1274,7,4.1,28-35,男,0.38,0.25,0.59,0.34,素食,中,汤,0.05,0.71,0.58,0.2,面食,12,不健康
1416,14,3.45,28-35,女,0.18,0.58,0.67,0.71,素食,中,小吃,0.62,0.29,0.92,0.78,猪肉,11,健康
1096,11,5.0,18-22,男,0.04,0.14,0.68,0.47,无特殊要求,低,汤,0.42,0.96,0.73,0.06,面食,6,健康
1227,9,5.0,23-27,女,0.17,0.27,0.82,1.0,荤素搭配,中,小吃,0.33,0.38,0.93,0.21,蔬菜,12,不健康
1379,13,2.59,28-35,女,0.06,0.56,0.08,0.9,素食,低,汤,0.7,0.31,0.87,0.34,蔬菜,13,一般
1039,18,5.0,28-35,女,0.25,0.77,0.43,0.76,素食,低,汤,0.12,0.72,0.07,0.92,猪肉,12,不健康
1302,11,3.29,23-27,女,0.21,0.21,0.97,0.14,素食,低,汤,0.42,0.96,0.73,0.06,蔬菜,6,健康
1500,15,5.0,18-22,女,0.08,0.5,0.92,0.63,荤素搭配,低,炒菜,0.24,0.95,0.36,0.65,鸡肉,7,一般
1029,19,3.23,18-22,女,0.02,0.6,0.58,0.23,荤素搭配,高,小吃,0.74,0.34,0.36,0.51,面食,18,不健康
1446,1,5.0,28-35,女,0.01,0.46,0.02,0.91,素食,高,主食,0.71,0.15,0.46,0.04,鸡肉,15,健康
1497,4,3.46,28-35,男,0.36,0.07,0.57,0.56,素食,中,主食,0.37,0.27,0.39,0.16,面食,19,健康
1477,14,2.21,28-35,女,0.29,0.09,0.44,0.58,素食,低,小吃,0.62,0.29,0.92,0.78,蔬菜,11,健康
1318,14,2.83,28-35,女,0.35,0.21,0.37,0.27,素食,低,小吃,0.62,0.29,0.92,0.78,面食,11,健康
1245,3,3.93,23-27,男,0.41,0.07,0.71,0.7,无特殊要求,低,小吃,0.72,0.9,0.76,0.05,蔬菜,6,不健康
1236,17,1.33,18-22,男,0.01,0.13,0.25,0.43,荤素搭配,低,汤,0.19,0.85,0.7,0.09,面食,12,一般
1185,3,4.09,18-22,女,0.04,0.92,0.83,0.33,无特殊要求,高,小吃,0.72,0.9,0.76,0.05,蔬菜,19,不健康
1272,16,3.86,28-35,女,0.41,0.99,0.47,0.26,素食,中,小吃,0.74,0.02,0.96,0.34,牛肉,11,一般
1440,14,3.7,28-35,男,0.2,0.06,0.24,0.43,素食,高,小吃,0.62,0.29,0.92,0.78,面食,11,健康
1236,20,3.6,18-22,男,0.01,0.13,0.25,0.43,无特殊要求,低,主食,0.36,0.78,0.97,0.58,面食,5,不健康
1239,13,4.96,28-35,女,0.15,0.38,0.63,0.55,素食,高,汤,0.7,0.31,0.87,0.34,蔬菜,13,一般
1377,15,5.0,28-35,女,0.17,0.66,0.55,0.12,素食,高,炒菜,0.24,0.95,0.36,0.65,鸡肉,11,一般
1266,14,2.23,18-22,男,0.36,0.31,0.12,0.92,无特殊要求,低,小吃,0.62,0.29,0.92,0.78,面食,11,健康
1414,19,5.0,23-27,女,0.22,0.33,0.96,0.52,荤素搭配,中,小吃,0.74,0.34,0.36,0.51,鸡肉,18,不健康
1409,6,5.0,28-35,男,0.27,0.07,0.57,0.46,素食,中,炒菜,0.45,0.52,0.52,0.69,面食,7,不健康
1359,10,5.0,28-35,女,0.03,0.4,0.68,0.76,素食,低,炒菜,0.1,0.34,0.75,0.63,牛肉,6,不健康
1340,15,4.34,28-35,男,0.9,0.39,0.78,0.72,素食,高,炒菜,0.24,0.95,0.36,0.65,鸡肉,16,一般
1389,20,5.0,23-27,女,0.33,0.15,0.62,0.42,素食,中,主食,0.36,0.78,0.97,0.58,面食,5,不健康
1065,6,4.61,23-27,男,0.34,0.1,0.03,0.13,无特殊要求,中,炒菜,0.45,0.52,0.52,0.69,面食,7,不健康
1478,10,3.17,28-35,男,0.52,0.33,0.54,0.96,素食,低,炒菜,0.1,0.34,0.75,0.63,牛肉,5,不健康
1177,7,3.89,23-27,男,0.6,0.2,0.92,0.91,荤素搭配,中,汤,0.05,0.71,0.58,0.2,面食,12,不健康
1003,17,1.92,28-35,女,0.25,0.43,0.67,0.43,素食,中,汤,0.19,0.85,0.7,0.09,猪肉,19,一般
1429,18,3.1,18-22,女,0.47,0.87,0.21,0.43,无特殊要求,低,汤,0.12,0.72,0.07,0.92,面食,12,不健康
1142,17,2.47,23-27,男,0.11,0.24,0.22,0.99,荤素搭配,高,汤,0.19,0.85,0.7,0.09,猪肉,19,一般
1376,9,2.78,23-27,男,0.8,0.46,0.33,0.16,荤素搭配,低,小吃,0.33,0.38,0.93,0.21,蔬菜,12,不健康
1158,10,5.0,18-22,女,0.1,0.59,0.78,0.09,荤素搭配,高,炒菜,0.1,0.34,0.75,0.63,牛肉,19,不健康
1498,10,5.0,18-22,女,0.39,1.0,0.51,0.35,荤素搭配,中,炒菜,0.1,0.34,0.75,0.63,牛肉,19,不健康
1324,7,3.67,18-22,男,0.84,0.05,0.02,0.19,荤素搭配,高,汤,0.05,0.71,0.58,0.2,面食,12,不健康
1146,16,5.0,23-27,女,0.42,0.43,0.64,0.82,荤素搭配,高,小吃,0.74,0.02,0.96,0.34,牛肉,11,一般
1446,18,5.0,28-35,女,0.01,0.46,0.02,0.91,素食,高,汤,0.12,0.72,0.07,0.92,猪肉,12,不健康
1293,6,5.0,28-35,男,0.75,0.06,0.71,0.53,素食,低,炒菜,0.45,0.52,0.52,0.69,面食,7,不健康
1153,20,4.29,23-27,女,0.2,0.57,0.22,0.76,素食,中,主食,0.36,0.78,0.97,0.58,面食,5,不健康
1432,1,3.84,28-35,女,0.13,0.53,0.34,0.66,素食,中,主食,0.71,0.15,0.46,0.04,蔬菜,15,健康
1193,1,5.0,18-22,女,0.41,0.45,0.92,0.47,荤素搭配,中,主食,0.71,0.15,0.46,0.04,鸡肉,15,健康
1437,12,4.92,28-35,女,0.39,0.62,0.29,0.42,素食,高,小吃,0.74,0.02,0.65,0.21,面食,11,一般
1494,2,4.14,18-22,女,0.47,0.09,0.05,0.11,荤素搭配,低,主食,0.02,0.44,0.25,0.68,猪肉,7,健康
1463,4,4.43,28-35,女,0.12,0.27,0.03,0.82,素食,低,主食,0.37,0.27,0.39,0.16,牛肉,10,健康
1073,17,2.45,18-22,女,0.28,0.05,0.4,0.27,无特殊要求,中,汤,0.19,0.85,0.7,0.09,猪肉,19,一般
1399,4,2.45,18-22,男,0.43,0.15,0.06,0.7,无特殊要求,高,主食,0.37,0.27,0.39,0.16,牛肉,19,健康
1305,11,5.0,23-27,男,0.47,0.14,0.83,0.46,素食,高,汤,0.42,0.96,0.73,0.06,蔬菜,12,健康
1377,4,4.47,28-35,女,0.17,0.66,0.55,0.12,素食,高,主食,0.37,0.27,0.39,0.16,牛肉,19,健康
1344,1,1.64,28-35,女,0.1,0.8,0.92,0.76,素食,高,主食,0.71,0.15,0.46,0.04,鸡肉,15,健康
1452,7,2.85,18-22,男,0.64,0.16,0.18,0.96,荤素搭配,低,汤,0.05,0.71,0.58,0.2,面食,12,不健康
1140,18,1.62,23-27,男,0.25,0.43,0.63,0.26,素食,低,汤,0.12,0.72,0.07,0.92,蔬菜,12,不健康
1187,9,1.88,18-22,女,0.13,0.05,0.69,0.83,无特殊要求,低,小吃,0.33,0.38,0.93,0.21,蔬菜,12,不健康
1293,3,5.0,28-35,男,0.75,0.06,0.71,0.53,素食,低,小吃,0.72,0.9,0.76,0.05,蔬菜,8,不健康
1061,8,3.6,23-27,男,0.41,0.02,0.86,0.17,荤素搭配,中,小吃,0.05,0.11,0.52,0.76,猪肉,9,健康
1485,19,2.85,23-27,男,0.09,0.11,0.73,0.94,素食,高,小吃,0.74,0.34,0.36,0.51,面食,18,不健康
1427,4,4.81,28-35,男,0.97,0.01,0.12,0.85,素食,低,主食,0.37,0.27,0.39,0.16,牛肉,13,健康
1380,18,5.0,23-27,男,0.91,0.13,0.93,0.81,无特殊要求,高,汤,0.12,0.72,0.07,0.92,猪肉,12,不健康
1198,20,4.52,18-22,女,0.0,0.87,0.31,0.94,荤素搭配,高,主食,0.36,0.78,0.97,0.58,面食,11,不健康
1295,11,2.85,28-35,女,0.49,0.46,0.21,0.76,素食,低,汤,0.42,0.96,0.73,0.06,牛肉,6,健康
1440,14,4.7,28-35,男,0.2,0.06,0.24,0.43,素食,高,小吃,0.62,0.29,0.92,0.78,蔬菜,11,健康
1319,18,4.87,18-22,女,0.09,0.83,0.85,0.22,无特殊要求,中,汤,0.12,0.72,0.07,0.92,猪肉,12,不健康
1302,16,5.0,23-27,女,0.09,0.21,0.97,0.14,素食,低,小吃,0.74,0.02,0.96,0.34,蔬菜,11,一般
1344,3,2.53,28-35,女,0.1,0.8,0.92,0.76,素食,高,小吃,0.72,0.9,0.76,0.05,蔬菜,19,不健康
1011,15,5.0,23-27,女,0.35,0.36,0.85,0.55,荤素搭配,低,炒菜,0.24,0.95,0.36,0.65,鸡肉,7,一般
1062,4,2.55,23-27,女,0.44,0.02,0.4,0.99,素食,中,主食,0.37,0.27,0.39,0.16,面食,19,健康
1333,5,4.1,23-27,女,0.14,0.66,0.72,0.26,荤素搭配,高,汤,0.1,0.52,0.72,0.7,牛肉,14,一般
1226,17,5.0,23-27,男,0.3,0.43,0.19,0.11,无特殊要求,中,汤,0.19,0.85,0.7,0.09,猪肉,19,一般
1153,7,2.71,23-27,女,0.29,0.57,0.22,0.76,素食,中,汤,0.05,0.71,0.58,0.2,面食,12,不健康
1199,16,5.0,23-27,女,0.32,0.65,0.08,0.24,素食,中,小吃,0.74,0.02,0.96,0.34,面食,11,一般
1052,14,1.7,18-22,女,0.42,0.07,0.1,0.42,无特殊要求,低,小吃,0.62,0.29,0.92,0.78,猪肉,11,健康
1260,16,4.81,18-22,男,0.93,0.09,0.11,0.03,荤素搭配,高,小吃,0.74,0.02,0.96,0.34,牛肉,11,一般
1059,7,2.62,23-27,女,0.13,0.3,0.55,0.22,无特殊要求,低,汤,0.05,0.71,0.58,0.2,面食,12,不健康
1072,9,4.11,23-27,男,0.29,0.42,0.79,0.55,荤素搭配,低,小吃,0.33,0.38,0.93,0.21,蔬菜,12,不健康
1148,4,1.59,23-27,男,0.87,0.23,0.48,0.13,荤素搭配,中,主食,0.37,0.27,0.39,0.16,牛肉,19,健康
1349,11,1.88,18-22,女,0.27,0.28,0.48,0.47,荤素搭配,低,汤,0.42,0.96,0.73,0.06,牛肉,6,健康
1063,2,5.0,18-22,男,0.1,0.42,0.31,0.91,无特殊要求,中,主食,0.02,0.44,0.25,0.68,面食,18,健康
1310,12,1.29,18-22,男,0.23,0.12,0.01,0.51,无特殊要求,高,小吃,0.74,0.02,0.65,0.21,面食,11,一般
1373,12,3.21,23-27,女,0.39,0.15,0.84,0.94,无特殊要求,低,小吃,0.74,0.02,0.65,0.21,猪肉,11,一般
1243,4,5.0,23-27,女,0.47,0.04,0.61,0.48,荤素搭配,中,主食,0.37,0.27,0.39,0.16,牛肉,19,健康
1493,18,1.94,23-27,女,0.06,0.76,0.42,0.3,素食,中,汤,0.12,0.72,0.07,0.92,蔬菜,12,不健康
1366,7,3.34,23-27,男,0.76,0.32,0.1,0.07,荤素搭配,中,汤,0.05,0.71,0.58,0.2,面食,12,不健康
1330,1,2.56,28-35,女,0.4,0.02,0.59,0.01,素食,高,主食,0.71,0.15,0.46,0.04,鸡肉,15,健康
1107,13,4.73,28-35,女,0.16,0.72,0.88,0.32,素食,低,汤,0.7,0.31,0.87,0.34,蔬菜,13,一般
1226,6,3.53,23-27,男,0.3,0.43,0.19,0.11,无特殊要求,中,炒菜,0.45,0.52,0.52,0.69,面食,7,不健康
1313,6,5.0,28-35,男,0.15,0.23,0.47,0.42,素食,中,炒菜,0.45,0.52,0.52,0.69,面食,7,不健康
1218,12,5.0,23-27,女,0.08,0.19,0.55,0.02,无特殊要求,低,小吃,0.74,0.02,0.65,0.21,猪肉,11,一般
1425,8,5.0,18-22,女,0.41,0.86,0.6,0.57,无特殊要求,低,小吃,0.05,0.11,0.52,0.76,猪肉,9,健康
1241,19,3.06,18-22,男,0.75,0.38,0.36,0.37,无特殊要求,低,小吃,0.74,0.34,0.36,0.51,鸡肉,6,不健康
1259,5,2.79,23-27,女,0.04,0.1,0.05,0.86,素食,高,汤,0.1,0.52,0.72,0.7,面食,14,一般
1376,18,5.0,23-27,男,0.8,0.46,0.33,0.16,荤素搭配,低,汤,0.12,0.72,0.07,0.92,猪肉,12,不健康
1262,5,5.0,23-27,男,0.78,0.46,0.54,0.8,荤素搭配,中,汤,0.1,0.52,0.72,0.7,牛肉,14,一般
1005,10,5.0,28-35,女,0.36,0.41,0.42,0.7,素食,中,炒菜,0.1,0.34,0.75,0.63,面食,19,不健康
1261,1,2.58,23-27,女,0.1,0.21,0.97,0.67,荤素搭配,低,主食,0.71,0.15,0.46,0.04,鸡肉,15,健康
1054,10,5.0,28-35,女,0.1,0.7,0.26,0.94,素食,低,炒菜,0.1,0.34,0.75,0.63,牛肉,9,不健康
1047,5,3.35,28-35,女,0.17,0.65,0.61,0.79,素食,低,汤,0.1,0.52,0.72,0.7,牛肉,14,一般
1215,12,4.85,18-22,男,0.65,0.22,0.43,0.33,荤素搭配,高,小吃,0.74,0.02,0.65,0.21,猪肉,11,一般
1177,7,4.89,23-27,男,0.6,0.2,0.92,0.91,荤素搭配,中,汤,0.05,0.71,0.58,0.2,面食,12,不健康
1009,9,5.0,23-27,男,0.28,0.23,0.87,0.17,素食,中,小吃,0.33,0.38,0.93,0.21,蔬菜,12,不健康
1099,12,5.0,23-27,男,0.66,0.39,0.84,0.95,荤素搭配,高,小吃,0.74,0.02,0.65,0.21,猪肉,11,一般
1020,1,5.0,23-27,女,0.01,0.88,0.2,0.95,无特殊要求,高,主食,0.71,0.15,0.46,0.04,鸡肉,15,健康
1378,11,4.7,18-22,男,0.11,0.07,0.74,0.71,荤素搭配,中,汤,0.42,0.96,0.73,0.06,牛肉,6,健康
1241,15,5.0,18-22,男,0.75,0.38,0.36,0.37,无特殊要求,低,炒菜,0.24,0.95,0.36,0.65,鸡肉,7,一般
1061,2,2.35,23-27,男,0.41,0.02,0.86,0.17,荤素搭配,中,主食,0.02,0.44,0.25,0.68,猪肉,18,健康
1379,20,4.06,28-35,女,0.06,0.56,0.08,0.9,素食,低,主食,0.36,0.78,0.97,0.58,面食,5,不健康
1490,7,5.0,28-35,男,0.1,0.32,0.05,0.4,素食,低,汤,0.05,0.71,0.58,0.2,面食,12,不健康
1419,12,2.81,28-35,男,0.21,0.13,0.8,0.55,素食,中,小吃,0.74,0.02,0.65,0.21,猪肉,11,一般
1178,18,3.04,28-35,男,0.99,0.16,1.0,0.24,素食,低,汤,0.12,0.72,0.07,0.92,猪肉,12,不健康
1338,3,2.52,23-27,男,0.53,0.3,0.64,0.88,荤素搭配,中,小吃,0.72,0.9,0.76,0.05,蔬菜,19,不健康
1062,7,5.0,23-27,女,0.12,0.02,0.4,0.99,素食,中,汤,0.05,0.71,0.58,0.2,面食,12,不健康
1145,11,3.64,28-35,男,0.73,0.29,0.87,0.87,素食,高,汤,0.42,0.96,0.73,0.06,牛肉,19,健康
1216,18,2.18,23-27,男,0.98,0.47,0.32,0.46,素食,低,汤,0.12,0.72,0.07,0.92,蔬菜,12,不健康
1003,12,5.0,28-35,女,0.25,0.43,0.67,0.43,素食,中,小吃,0.74,0.02,0.65,0.21,猪肉,11,一般
1160,6,5.0,18-22,女,0.35,0.98,0.06,0.9,无特殊要求,高,炒菜,0.45,0.52,0.52,0.69,面食,14,不健康
1227,5,2.5,23-27,女,0.15,0.27,0.82,1.0,荤素搭配,中,汤,0.1,0.52,0.72,0.7,牛肉,14,一般
1486,1,4.9,28-35,女,0.16,0.72,0.76,0.26,素食,高,主食,0.71,0.15,0.46,0.04,面食,15,健康
1269,12,3.99,23-27,男,0.39,0.49,0.99,0.21,荤素搭配,高,小吃,0.74,0.02,0.65,0.21,猪肉,11,一般
1120,11,4.36,28-35,男,0.27,0.31,0.46,0.06,素食,高,汤,0.42,0.96,0.73,0.06,牛肉,10,健康
1381,4,3.62,23-27,女,0.33,0.57,0.31,0.22,素食,高,主食,0.37,0.27,0.39,0.16,蔬菜,19,健康
1495,18,3.66,18-22,女,0.19,0.5,0.85,0.24,无特殊要求,高,汤,0.12,0.72,0.07,0.92,猪肉,12,不健康
1089,4,2.66,18-22,女,0.45,0.41,0.25,0.87,无特殊要求,高,主食,0.37,0.27,0.39,0.16,牛肉,19,健康
1329,17,3.8,18-22,男,0.6,0.05,0.84,0.65,荤素搭配,高,汤,0.19,0.85,0.7,0.09,蔬菜,19,一般
1068,2,2.67,28-35,男,0.18,0.28,0.73,0.31,素食,高,主食,0.02,0.44,0.25,0.68,猪肉,18,健康
1398,2,2.96,28-35,男,0.95,0.15,0.48,0.67,素食,中,主食,0.02,0.44,0.25,0.68,蔬菜,18,健康
1357,12,5.0,18-22,女,0.03,0.06,0.54,0.72,荤素搭配,高,小吃,0.74,0.02,0.65,0.21,猪肉,11,一般
1098,6,2.84,23-27,女,0.36,0.51,0.13,0.22,无特殊要求,低,炒菜,0.45,0.52,0.52,0.69,面食,7,不健康
1267,10,3.06,18-22,男,0.08,0.26,0.71,0.33,无特殊要求,中,炒菜,0.1,0.34,0.75,0.63,牛肉,19,不健康
1105,16,3.36,23-27,男,0.05,0.12,0.07,0.76,素食,低,小吃,0.74,0.02,0.96,0.34,面食,11,一般
1440,14,2.7,28-35,男,0.2,0.06,0.24,0.43,素食,高,小吃,0.62,0.29,0.92,0.78,蔬菜,11,健康
1323,7,4.99,23-27,女,0.26,0.66,0.54,0.77,素食,中,汤,0.05,0.71,0.58,0.2,面食,12,不健康
1123,19,4.19,18-22,女,0.33,0.46,0.93,0.9,荤素搭配,中,小吃,0.74,0.34,0.36,0.51,鸡肉,18,不健康
1476,17,2.14,18-22,女,0.29,0.97,0.17,0.22,无特殊要求,低,汤,0.19,0.85,0.7,0.09,面食,11,一般
1029,9,4.13,18-22,女,0.28,0.6,0.58,0.23,荤素搭配,高,小吃,0.33,0.38,0.93,0.21,蔬菜,12,不健康
1137,13,3.16,23-27,女,0.45,0.74,0.22,0.4,素食,高,汤,0.7,0.31,0.87,0.34,蔬菜,13,一般
1195,5,4.83,23-27,男,0.11,0.39,0.59,0.28,素食,中,汤,0.1,0.52,0.72,0.7,蔬菜,14,一般
1409,5,4.2,28-35,男,0.27,0.48,0.57,0.46,素食,中,汤,0.1,0.52,0.72,0.7,牛肉,14,一般
1226,10,4.39,23-27,男,0.3,0.43,0.19,0.11,无特殊要求,中,炒菜,0.1,0.34,0.75,0.63,牛肉,19,不健康
1332,10,1.41,18-22,男,0.65,0.05,0.31,0.15,荤素搭配,高,炒菜,0.1,0.34,0.75,0.63,牛肉,19,不健康
1170,7,1.62,28-35,女,0.0,0.72,0.11,0.24,素食,低,汤,0.05,0.71,0.58,0.2,面食,12,不健康
1009,15,5.0,23-27,男,0.28,0.23,0.87,0.17,素食,中,炒菜,0.24,0.95,0.36,0.65,蔬菜,7,一般
1463,7,5.0,28-35,女,0.11,0.27,0.03,0.82,素食,低,汤,0.05,0.71,0.58,0.2,面食,12,不健康
1040,15,3.85,18-22,男,0.37,0.24,0.73,0.42,无特殊要求,低,炒菜,0.24,0.95,0.36,0.65,面食,7,一般
1025,3,5.0,28-35,女,0.12,0.02,0.05,0.95,素食,高,小吃,0.72,0.9,0.76,0.05,蔬菜,19,不健康
1261,19,4.84,23-27,女,0.1,0.21,0.97,0.67,荤素搭配,低,小吃,0.74,0.34,0.36,0.51,鸡肉,9,不健康
1395,10,5.0,23-27,女,0.25,0.54,0.8,0.04,荤素搭配,中,炒菜,0.1,0.34,0.75,0.63,牛肉,19,不健康
1443,15,4.35,28-35,男,0.71,0.06,0.04,0.17,素食,低,炒菜,0.24,0.95,0.36,0.65,鸡肉,7,一般
1226,3,5.0,23-27,男,0.3,0.43,0.19,0.11,无特殊要求,中,小吃,0.72,0.9,0.76,0.05,蔬菜,19,不健康
1472,6,5.0,18-22,女,0.36,0.17,0.11,0.91,无特殊要求,高,炒菜,0.45,0.52,0.52,0.69,面食,11,不健康
1124,12,5.0,28-35,男,0.09,0.13,0.5,0.11,素食,中,小吃,0.74,0.02,0.65,0.21,猪肉,11,一般
1463,15,2.94,28-35,女,0.04,0.27,0.03,0.82,素食,低,炒菜,0.24,0.95,0.36,0.65,鸡肉,7,一般
1038,6,3.11,18-22,女,0.13,0.11,0.92,0.75,荤素搭配,低,炒菜,0.45,0.52,0.52,0.69,面食,7,不健康
1328,13,5.0,23-27,男,0.43,0.47,0.99,0.43,荤素搭配,低,汤,0.7,0.31,0.87,0.34,蔬菜,13,一般
1251,19,4.95,18-22,女,0.26,0.35,0.23,0.62,荤素搭配,高,小吃,0.74,0.34,0.36,0.51,面食,18,不健康
1389,3,3.86,23-27,女,0.33,0.15,0.62,0.42,素食,中,小吃,0.72,0.9,0.76,0.05,蔬菜,19,不健康
1176,8,1.78,18-22,男,0.48,0.43,0.01,0.93,无特殊要求,中,小吃,0.05,0.11,0.52,0.76,猪肉,9,健康
1090,8,2.25,18-22,男,0.43,0.3,0.26,0.0,荤素搭配,中,小吃,0.05,0.11,0.52,0.76,蔬菜,9,健康
1402,20,5.0,23-27,女,0.15,0.3,0.06,0.0,荤素搭配,中,主食,0.36,0.78,0.97,0.58,面食,5,不健康
1454,15,2.72,23-27,女,0.23,0.58,0.87,0.95,荤素搭配,低,炒菜,0.24,0.95,0.36,0.65,鸡肉,7,一般
1037,4,2.43,23-27,女,0.0,0.27,0.6,0.8,荤素搭配,中,主食,0.37,0.27,0.39,0.16,牛肉,19,健康
1316,19,3.87,18-22,女,0.14,0.55,0.61,0.71,荤素搭配,中,小吃,0.74,0.34,0.36,0.51,面食,18,不健康
1176,3,4.79,18-22,男,0.48,0.43,0.01,0.93,无特殊要求,中,小吃,0.72,0.9,0.76,0.05,蔬菜,19,不健康
1461,13,5.0,28-35,女,0.49,0.98,0.52,0.93,素食,低,汤,0.7,0.31,0.87,0.34,蔬菜,13,一般
1284,8,3.5,28-35,男,0.15,0.4,0.32,0.34,素食,中,小吃,0.05,0.11,0.52,0.76,猪肉,9,健康
1453,16,3.15,18-22,女,0.5,0.85,0.54,0.41,无特殊要求,低,小吃,0.74,0.02,0.96,0.34,牛肉,11,一般
1461,13,5.0,28-35,女,0.48,0.98,0.52,0.93,素食,低,汤,0.7,0.31,0.87,0.34,蔬菜,13,一般
1081,3,2.68,28-35,男,0.84,0.24,0.69,0.97,素食,中,小吃,0.72,0.9,0.76,0.05,蔬菜,19,不健康
1114,16,5.0,18-22,男,0.3,0.2,1.0,0.63,无特殊要求,高,小吃,0.74,0.02,0.96,0.34,面食,11,一般
1040,9,2.98,18-22,男,0.37,0.24,0.73,0.42,无特殊要求,低,小吃,0.33,0.38,0.93,0.21,蔬菜,12,不健康
1301,14,5.0,28-35,男,0.22,0.4,0.98,0.65,素食,高,小吃,0.62,0.29,0.92,0.78,面食,11,健康
1224,13,5.0,28-35,女,0.35,0.41,0.26,0.98,素食,中,汤,0.7,0.31,0.87,0.34,蔬菜,13,一般
1318,7,3.44,28-35,女,0.35,0.21,0.37,0.27,素食,低,汤,0.05,0.71,0.58,0.2,面食,12,不健康
1349,15,4.88,18-22,女,0.37,0.28,0.48,0.47,荤素搭配,低,炒菜,0.24,0.95,0.36,0.65,鸡肉,7,一般
1115,7,1.92,23-27,女,0.13,0.78,0.36,0.57,荤素搭配,高,汤,0.05,0.71,0.58,0.2,面食,12,不健康
1186,6,3.46,18-22,男,0.27,0.44,0.72,0.99,无特殊要求,中,炒菜,0.45,0.52,0.52,0.69,面食,7,不健康
1323,2,1.97,23-27,女,0.23,0.66,0.54,0.77,素食,中,主食,0.02,0.44,0.25,0.68,蔬菜,18,健康
1056,9,4.71,23-27,男,0.67,0.01,0.48,0.19,素食,中,小吃,0.33,0.38,0.93,0.21,蔬菜,12,不健康
1040,17,3.82,18-22,男,0.37,0.24,0.73,0.42,荤素搭配,低,汤,0.19,0.85,0.7,0.09,面食,8,一般
1354,5,4.72,18-22,女,0.38,0.74,0.86,0.94,无特殊要求,高,汤,0.1,0.52,0.72,0.7,面食,14,一般
1040,12,1.84,18-22,男,0.37,0.24,0.73,0.42,无特殊要求,低,小吃,0.74,0.02,0.65,0.21,蔬菜,11,一般
1347,1,5.0,23-27,女,0.29,0.39,0.43,0.08,素食,中,主食,0.71,0.15,0.46,0.04,面食,15,健康
1461,10,5.0,28-35,女,0.05,0.98,0.52,0.93,素食,低,炒菜,0.1,0.34,0.75,0.63,蔬菜,8,不健康
1237,11,3.87,28-35,女,0.49,0.14,0.67,0.6,素食,低,汤,0.42,0.96,0.73,0.06,面食,6,健康
1289,16,1.9,23-27,女,0.46,0.77,0.34,0.63,无特殊要求,中,小吃,0.74,0.02,0.96,0.34,牛肉,11,一般
1262,14,2.83,23-27,男,0.78,0.18,0.54,0.8,荤素搭配,中,小吃,0.62,0.29,0.92,0.78,猪肉,11,健康
1216,8,1.66,23-27,男,0.98,0.32,0.32,0.46,素食,低,小吃,0.05,0.11,0.52,0.76,蔬菜,9,健康
1147,17,5.0,23-27,男,0.01,0.08,0.18,0.47,荤素搭配,低,汤,0.19,0.85,0.7,0.09,猪肉,8,一般
1336,18,5.0,18-22,男,0.68,0.38,0.86,0.49,荤素搭配,高,汤,0.12,0.72,0.07,0.92,面食,12,不健康
1168,12,5.0,18-22,女,0.26,0.8,0.43,0.63,荤素搭配,低,小吃,0.74,0.02,0.65,0.21,猪肉,11,一般
1092,17,4.43,18-22,男,0.44,0.09,0.29,0.78,荤素搭配,高,汤,0.19,0.85,0.7,0.09,猪肉,19,一般
1353,14,2.68,18-22,女,0.45,0.08,0.14,0.16,无特殊要求,中,小吃,0.62,0.29,0.92,0.78,面食,11,健康
1059,16,5.0,23-27,女,0.36,0.3,0.55,0.22,无特殊要求,低,小吃,0.74,0.02,0.96,0.34,牛肉,11,一般
1059,14,2.25,23-27,女,0.01,0.3,0.55,0.22,无特殊要求,低,小吃,0.62,0.29,0.92,0.78,猪肉,11,健康
1304,9,4.93,23-27,女,0.37,0.98,0.43,0.15,荤素搭配,高,小吃,0.33,0.38,0.93,0.21,蔬菜,12,不健康
1169,4,1.56,18-22,女,0.5,0.49,0.22,0.17,无特殊要求,低,主食,0.37,0.27,0.39,0.16,面食,5,健康
1269,11,4.37,23-27,男,0.39,0.49,0.99,0.21,荤素搭配,高,汤,0.42,0.96,0.73,0.06,牛肉,10,健康
1363,6,1.87,18-22,女,0.23,0.74,0.01,0.54,无特殊要求,中,炒菜,0.45,0.52,0.52,0.69,面食,7,不健康
1045,15,5.0,23-27,女,0.42,0.28,0.48,0.04,素食,低,炒菜,0.24,0.95,0.36,0.65,面食,7,一般
1345,5,4.53,23-27,女,0.22,0.22,0.26,0.21,荤素搭配,高,汤,0.1,0.52,0.72,0.7,牛肉,14,一般
1181,11,1.68,18-22,男,0.02,0.47,0.24,0.69,无特殊要求,低,汤,0.42,0.96,0.73,0.06,牛肉,6,健康
1170,18,2.75,28-35,女,0.0,0.72,0.11,0.24,素食,低,汤,0.12,0.72,0.07,0.92,猪肉,12,不健康
1356,13,4.63,18-22,男,0.91,0.28,0.74,0.49,荤素搭配,低,汤,0.7,0.31,0.87,0.34,蔬菜,13,一般
1191,11,2.84,23-27,男,0.1,0.26,0.75,0.09,素食,中,汤,0.42,0.96,0.73,0.06,面食,6,健康
1155,14,3.26,23-27,女,0.47,0.82,0.29,0.34,素食,中,小吃,0.62,0.29,0.92,0.78,蔬菜,11,健康
1422,18,2.6,23-27,男,0.52,0.17,0.98,0.38,荤素搭配,高,汤,0.12,0.72,0.07,0.92,猪肉,12,不健康
1188,19,4.46,23-27,男,0.85,0.31,0.95,0.51,荤素搭配,低,小吃,0.74,0.34,0.36,0.51,鸡肉,7,不健康
1007,15,3.6,28-35,女,0.13,0.11,0.63,0.19,素食,高,炒菜,0.24,0.95,0.36,0.65,鸡肉,12,一般
1133,9,4.21,28-35,女,0.04,0.62,0.64,0.71,素食,中,小吃,0.33,0.38,0.93,0.21,蔬菜,12,不健康
1235,8,3.42,23-27,女,0.18,0.47,0.65,0.03,荤素搭配,高,小吃,0.05,0.11,0.52,0.76,猪肉,11,健康
1045,20,2.96,23-27,女,0.44,0.28,0.48,0.04,素食,低,主食,0.36,0.78,0.97,0.58,面食,5,不健康
1314,1,5.0,23-27,女,0.29,0.17,0.76,0.99,无特殊要求,中,主食,0.71,0.15,0.46,0.04,鸡肉,15,健康
1249,4,5.0,23-27,男,0.68,0.32,0.79,0.13,荤素搭配,低,主食,0.37,0.27,0.39,0.16,牛肉,9,健康
1499,14,4.02,28-35,男,0.19,0.0,0.51,0.56,素食,低,小吃,0.62,0.29,0.92,0.78,猪肉,11,健康
1031,2,4.94,18-22,男,0.11,0.09,0.03,0.83,荤素搭配,中,主食,0.02,0.44,0.25,0.68,猪肉,18,健康
1023,16,1.37,23-27,男,0.01,0.46,0.13,0.66,荤素搭配,低,小吃,0.74,0.02,0.96,0.34,牛肉,11,一般
1426,3,5.0,18-22,女,0.32,0.79,0.89,0.55,荤素搭配,中,小吃,0.72,0.9,0.76,0.05,蔬菜,19,不健康
1394,8,4.67,28-35,男,0.48,0.21,0.9,0.14,素食,高,小吃,0.05,0.11,0.52,0.76,蔬菜,13,健康
1160,6,5.0,18-22,女,0.28,0.98,0.06,0.9,无特殊要求,高,炒菜,0.45,0.52,0.52,0.69,面食,19,不健康
1363,16,5.0,18-22,女,0.23,0.74,0.01,0.54,无特殊要求,中,小吃,0.74,0.02,0.96,0.34,牛肉,11,一般
1437,16,2.06,28-35,女,0.07,0.62,0.29,0.42,素食,高,小吃,0.74,0.02,0.96,0.34,蔬菜,11,一般
1158,7,4.89,18-22,女,0.1,0.59,0.78,0.09,荤素搭配,高,汤,0.05,0.71,0.58,0.2,面食,12,不健康
1039,13,4.28,28-35,女,0.49,0.77,0.43,0.76,素食,低,汤,0.7,0.31,0.87,0.34,蔬菜,13,一般
1415,13,5.0,23-27,女,0.4,0.52,0.78,0.34,荤素搭配,中,汤,0.7,0.31,0.87,0.34,蔬菜,13,一般
1082,5,3.84,28-35,男,0.08,0.14,0.13,0.39,素食,中,汤,0.1,0.52,0.72,0.7,牛肉,14,一般
1356,20,4.78,18-22,男,0.91,0.07,0.74,0.49,荤素搭配,低,主食,0.36,0.78,0.97,0.58,面食,5,不健康
1258,18,5.0,18-22,男,0.97,0.44,0.9,0.33,无特殊要求,高,汤,0.12,0.72,0.07,0.92,蔬菜,12,不健康
1206,15,4.0,18-22,男,0.57,0.45,0.31,0.5,荤素搭配,中,炒菜,0.24,0.95,0.36,0.65,鸡肉,7,一般
1077,18,2.39,18-22,女,0.47,0.85,0.38,0.74,无特殊要求,低,汤,0.12,0.72,0.07,0.92,猪肉,12,不健康
1477,2,3.55,28-35,女,0.14,0.09,0.44,0.58,素食,低,主食,0.02,0.44,0.25,0.68,蔬菜,12,健康
1012,10,5.0,23-27,女,0.27,0.9,0.9,0.33,荤素搭配,高,炒菜,0.1,0.34,0.75,0.63,牛肉,19,不健康
1295,13,3.93,28-35,女,0.49,0.46,0.21,0.76,素食,低,汤,0.7,0.31,0.87,0.34,蔬菜,13,一般
1450,18,5.0,23-27,女,0.37,0.01,0.69,0.98,荤素搭配,高,汤,0.12,0.72,0.07,0.92,猪肉,12,不健康
1224,15,5.0,28-35,女,0.16,0.41,0.26,0.98,素食,中,炒菜,0.24,0.95,0.36,0.65,鸡肉,7,一般
1013,12,5.0,23-27,男,0.95,0.02,0.38,0.9,荤素搭配,低,小吃,0.74,0.02,0.65,0.21,猪肉,11,一般
1046,15,3.29,28-35,女,0.35,0.99,0.41,0.01,素食,中,炒菜,0.24,0.95,0.36,0.65,蔬菜,7,一般
1155,13,5.0,23-27,女,0.14,0.82,0.29,0.34,素食,中,汤,0.7,0.31,0.87,0.34,蔬菜,13,一般
1113,18,5.0,23-27,男,0.61,0.08,1.0,0.37,荤素搭配,高,汤,0.12,0.72,0.07,0.92,猪肉,12,不健康
1233,15,3.09,23-27,女,0.35,0.76,0.61,0.1,素食,高,炒菜,0.24,0.95,0.36,0.65,蔬菜,16,一般
1017,11,5.0,28-35,女,0.09,0.56,0.11,0.14,素食,低,汤,0.42,0.96,0.73,0.06,牛肉,6,健康
1360,19,5.0,28-35,女,0.32,0.35,0.41,0.17,素食,低,小吃,0.74,0.34,0.36,0.51,蔬菜,12,不健康
1223,3,5.0,18-22,女,0.19,0.18,0.87,0.74,荤素搭配,低,小吃,0.72,0.9,0.76,0.05,蔬菜,5,不健康
1354,7,5.0,18-22,女,0.39,0.74,0.86,0.94,荤素搭配,高,汤,0.05,0.71,0.58,0.2,面食,12,不健康
1188,14,4.0,23-27,男,0.85,0.16,0.95,0.51,荤素搭配,低,小吃,0.62,0.29,0.92,0.78,猪肉,11,健康
1448,14,5.0,23-27,男,0.94,0.24,0.87,0.37,荤素搭配,低,小吃,0.62,0.29,0.92,0.78,猪肉,11,健康
1344,13,4.38,28-35,女,0.1,0.8,0.92,0.76,素食,高,汤,0.7,0.31,0.87,0.34,蔬菜,13,一般
1365,12,1.9,18-22,女,0.4,0.45,0.35,0.84,荤素搭配,中,小吃,0.74,0.02,0.65,0.21,猪肉,11,一般
1163,9,4.74,18-22,女,0.12,0.53,0.36,0.79,无特殊要求,高,小吃,0.33,0.38,0.93,0.21,蔬菜,12,不健康
1496,1,4.29,28-35,男,0.94,0.02,0.96,0.84,素食,高,主食,0.71,0.15,0.46,0.04,鸡肉,15,健康
1326,19,5.0,28-35,女,0.08,0.2,0.86,0.32,素食,中,小吃,0.74,0.34,0.36,0.51,鸡肉,18,不健康
1467,11,3.99,28-35,女,0.2,0.18,0.54,0.95,素食,高,汤,0.42,0.96,0.73,0.06,牛肉,16,健康
1414,19,3.89,23-27,女,0.22,0.33,0.96,0.52,荤素搭配,中,小吃,0.74,0.34,0.36,0.51,鸡肉,18,不健康
1455,18,4.51,28-35,女,0.03,0.55,0.0,0.04,素食,高,汤,0.12,0.72,0.07,0.92,猪肉,12,不健康
1074,12,3.46,23-27,男,1.0,0.31,0.88,0.68,无特殊要求,低,小吃,0.74,0.02,0.65,0.21,猪肉,11,一般
1233,1,4.65,23-27,女,0.35,0.76,0.61,0.1,素食,高,主食,0.71,0.15,0.46,0.04,面食,15,健康
1224,19,5.0,28-35,女,0.23,0.41,0.26,0.98,素食,中,小吃,0.74,0.34,0.36,0.51,鸡肉,18,不健康
1482,20,4.32,23-27,男,0.18,0.23,0.41,0.65,无特殊要求,中,主食,0.36,0.78,0.97,0.58,面食,5,不健康
1319,17,2.34,18-22,女,0.09,0.83,0.85,0.22,无特殊要求,中,汤,0.19,0.85,0.7,0.09,猪肉,19,一般
1412,5,4.11,18-22,男,0.41,0.19,0.53,0.33,无特殊要求,高,汤,0.1,0.52,0.72,0.7,牛肉,14,一般
1060,3,5.0,23-27,男,0.44,0.48,0.83,0.9,无特殊要求,中,小吃,0.72,0.9,0.76,0.05,蔬菜,19,不健康
1335,2,4.56,28-35,男,0.22,0.26,0.1,0.61,素食,高,主食,0.02,0.44,0.25,0.68,猪肉,18,健康
1222,3,4.98,18-22,男,0.24,0.14,0.85,0.62,无特殊要求,中,小吃,0.72,0.9,0.76,0.05,蔬菜,19,不健康
1037,8,2.95,23-27,女,0.0,0.27,0.6,0.8,荤素搭配,中,小吃,0.05,0.11,0.52,0.76,猪肉,9,健康
1477,16,4.01,28-35,女,0.46,0.09,0.44,0.58,素食,低,小吃,0.74,0.02,0.96,0.34,蔬菜,11,一般
1278,6,2.42,28-35,女,0.22,0.42,0.19,0.01,素食,中,炒菜,0.45,0.52,0.52,0.69,面食,7,不健康
1196,13,5.0,23-27,女,0.18,0.77,0.95,0.1,素食,中,汤,0.7,0.31,0.87,0.34,蔬菜,13,一般
1404,16,3.96,18-22,女,0.12,0.15,0.55,0.14,荤素搭配,高,小吃,0.74,0.02,0.96,0.34,面食,11,一般
1352,16,3.61,28-35,女,0.03,0.26,0.28,0.91,素食,低,小吃,0.74,0.02,0.96,0.34,牛肉,11,一般
1484,3,5.0,28-35,女,0.07,0.95,0.28,0.38,素食,低,小吃,0.72,0.9,0.76,0.05,蔬菜,5,不健康
1242,13,5.0,23-27,男,0.88,0.04,0.99,0.66,素食,低,汤,0.7,0.31,0.87,0.34,蔬菜,13,一般
1324,14,1.92,18-22,男,0.84,0.01,0.02,0.19,荤素搭配,高,小吃,0.62,0.29,0.92,0.78,猪肉,11,健康
1219,8,5.0,28-35,男,0.76,0.45,0.63,0.05,素食,高,小吃,0.05,0.11,0.52,0.76,面食,13,健康
1192,12,3.68,18-22,男,0.32,0.39,0.62,0.16,无特殊要求,高,小吃,0.74,0.02,0.65,0.21,面食,11,一般
1017,8,5.0,28-35,女,0.09,0.56,0.11,0.14,素食,低,小吃,0.05,0.11,0.52,0.76,猪肉,9,健康
1012,9,2.49,23-27,女,0.19,0.9,0.9,0.33,荤素搭配,高,小吃,0.33,0.38,0.93,0.21,蔬菜,12,不健康
1406,1,4.14,23-27,女,0.02,0.38,0.11,0.35,素食,中,主食,0.71,0.15,0.46,0.04,蔬菜,15,健康
1401,6,5.0,18-22,男,0.32,0.48,0.6,0.29,无特殊要求,低,炒菜,0.45,0.52,0.52,0.69,面食,7,不健康
1394,19,3.98,28-35,男,0.48,0.22,0.9,0.14,素食,高,小吃,0.74,0.34,0.36,0.51,面食,18,不健康
1374,11,4.76,23-27,女,0.14,0.49,0.26,0.75,素食,高,汤,0.42,0.96,0.73,0.06,蔬菜,17,健康
1193,11,4.49,18-22,女,0.49,0.45,0.92,0.47,荤素搭配,中,汤,0.42,0.96,0.73,0.06,牛肉,6,健康
1022,13,5.0,18-22,女,0.32,0.55,0.73,0.04,无特殊要求,高,汤,0.7,0.31,0.87,0.34,蔬菜,13,一般
1474,11,3.62,18-22,女,0.46,0.2,0.3,0.2,荤素搭配,中,汤,0.42,0.96,0.73,0.06,牛肉,6,健康
1120,18,5.0,28-35,男,0.27,0.1,0.46,0.06,素食,高,汤,0.12,0.72,0.07,0.92,猪肉,12,不健康
1210,15,5.0,28-35,女,0.45,0.73,0.1,0.4,素食,高,炒菜,0.24,0.95,0.36,0.65,鸡肉,19,一般
1306,1,1.8,18-22,女,0.32,0.27,0.65,0.99,荤素搭配,低,主食,0.71,0.15,0.46,0.04,面食,15,健康
1270,7,4.83,18-22,女,0.42,0.29,0.77,0.76,无特殊要求,高,汤,0.05,0.71,0.58,0.2,面食,12,不健康
1192,13,1.94,18-22,男,0.32,0.39,0.62,0.16,无特殊要求,高,汤,0.7,0.31,0.87,0.34,蔬菜,13,一般
1175,12,2.98,18-22,女,0.42,0.7,0.76,0.78,荤素搭配,中,小吃,0.74,0.02,0.65,0.21,猪肉,11,一般
1285,18,5.0,23-27,男,0.66,0.47,0.81,0.16,无特殊要求,低,汤,0.12,0.72,0.07,0.92,猪肉,12,不健康
1204,19,4.83,23-27,女,0.07,0.4,0.58,0.85,素食,低,小吃,0.74,0.34,0.36,0.51,蔬菜,6,不健康
1164,15,2.58,23-27,女,0.1,0.91,0.01,0.81,素食,高,炒菜,0.24,0.95,0.36,0.65,面食,19,一般
1251,8,1.66,18-22,女,0.24,0.35,0.23,0.62,荤素搭配,高,小吃,0.05,0.11,0.52,0.76,面食,18,健康
1227,19,3.43,23-27,女,0.08,0.27,0.82,1.0,荤素搭配,中,小吃,0.74,0.34,0.36,0.51,鸡肉,18,不健康
1436,10,1.67,18-22,女,0.22,0.88,0.09,0.44,荤素搭配,高,炒菜,0.1,0.34,0.75,0.63,面食,19,不健康
1381,7,3.67,23-27,女,0.49,0.57,0.31,0.22,素食,高,汤,0.05,0.71,0.58,0.2,面食,12,不健康
1460,18,5.0,28-35,女,0.28,0.43,0.64,0.18,素食,低,汤,0.12,0.72,0.07,0.92,面食,12,不健康
1007,16,2.12,28-35,女,0.15,0.11,0.63,0.19,素食,高,小吃,0.74,0.02,0.96,0.34,牛肉,11,一般
1029,20,2.51,18-22,女,0.08,0.6,0.58,0.23,无特殊要求,高,主食,0.36,0.78,0.97,0.58,面食,12,不健康
1395,6,2.84,23-27,女,0.25,0.54,0.8,0.04,荤素搭配,中,炒菜,0.45,0.52,0.52,0.69,面食,7,不健康
1033,9,3.65,18-22,女,0.03,0.31,0.18,0.86,无特殊要求,高,小吃,0.33,0.38,0.93,0.21,蔬菜,12,不健康
1134,13,1.79,18-22,男,0.29,0.32,0.44,0.31,无特殊要求,高,汤,0.7,0.31,0.87,0.34,蔬菜,13,一般
1367,8,5.0,28-35,女,0.09,0.58,0.05,0.34,素食,低,小吃,0.05,0.11,0.52,0.76,猪肉,9,健康
1079,16,5.0,18-22,男,0.85,0.22,0.02,0.22,荤素搭配,高,小吃,0.74,0.02,0.96,0.34,牛肉,11,一般
1416,13,2.13,28-35,女,0.18,0.58,0.67,0.71,素食,中,汤,0.7,0.31,0.87,0.34,蔬菜,13,一般
1435,13,4.07,23-27,女,0.39,0.27,0.31,0.53,素食,低,汤,0.7,0.31,0.87,0.34,蔬菜,13,一般
1459,17,5.0,23-27,男,0.83,0.43,0.64,0.95,无特殊要求,高,汤,0.19,0.85,0.7,0.09,猪肉,19,一般
1058,20,5.0,23-27,女,0.28,0.5,0.93,0.89,素食,高,主食,0.36,0.78,0.97,0.58,面食,13,不健康
1471,5,3.88,23-27,女,0.3,0.69,0.4,0.19,无特殊要求,高,汤,0.1,0.52,0.72,0.7,牛肉,14,一般
1026,17,3.69,18-22,女,0.14,0.71,0.07,0.11,荤素搭配,低,汤,0.19,0.85,0.7,0.09,猪肉,14,一般
1482,9,1.81,23-27,男,0.18,0.21,0.41,0.65,无特殊要求,中,小吃,0.33,0.38,0.93,0.21,蔬菜,12,不健康
1430,2,4.6,18-22,男,0.94,0.43,0.36,0.44,荤素搭配,中,主食,0.02,0.44,0.25,0.68,猪肉,18,健康
1226,18,2.46,23-27,男,0.3,0.43,0.19,0.11,无特殊要求,中,汤,0.12,0.72,0.07,0.92,猪肉,12,不健康
1285,9,5.0,23-27,男,0.66,0.47,0.81,0.16,无特殊要求,低,小吃,0.33,0.38,0.93,0.21,蔬菜,12,不健康
1004,6,4.97,23-27,女,0.44,0.07,0.4,0.76,荤素搭配,中,炒菜,0.45,0.52,0.52,0.69,面食,7,不健康
1465,11,5.0,28-35,男,0.97,0.36,0.6,0.61,素食,中,汤,0.42,0.96,0.73,0.06,牛肉,6,健康
1099,6,4.59,23-27,男,0.66,0.39,0.84,0.95,荤素搭配,高,炒菜,0.45,0.52,0.52,0.69,面食,18,不健康
1397,6,5.0,28-35,男,0.17,0.32,0.96,0.41,素食,低,炒菜,0.45,0.52,0.52,0.69,面食,7,不健康
1489,13,2.96,28-35,男,0.14,0.11,0.59,0.54,素食,中,汤,0.7,0.31,0.87,0.34,蔬菜,13,一般
1039,11,2.35,28-35,女,0.21,0.77,0.43,0.76,素食,低,汤,0.42,0.96,0.73,0.06,牛肉,6,健康
1271,14,2.55,23-27,男,0.29,0.08,0.01,0.43,素食,高,小吃,0.62,0.29,0.92,0.78,面食,11,健康
1375,2,5.0,23-27,男,0.72,0.14,0.88,0.18,无特殊要求,高,主食,0.02,0.44,0.25,0.68,猪肉,18,健康
1285,8,5.0,23-27,男,0.66,0.47,0.81,0.16,无特殊要求,低,小吃,0.05,0.11,0.52,0.76,猪肉,9,健康
1157,3,5.0,28-35,女,0.27,0.77,0.92,0.53,素食,中,小吃,0.72,0.9,0.76,0.05,蔬菜,19,不健康
1075,3,5.0,28-35,男,0.34,0.15,0.84,0.88,素食,中,小吃,0.72,0.9,0.76,0.05,蔬菜,19,不健康
1372,1,5.0,18-22,女,0.13,0.51,0.81,0.72,无特殊要求,高,主食,0.71,0.15,0.46,0.04,鸡肉,15,健康
1288,19,1.78,28-35,女,0.21,0.81,0.77,0.15,素食,高,小吃,0.74,0.34,0.36,0.51,鸡肉,18,不健康
1130,18,4.68,23-27,女,0.11,0.57,0.41,0.19,荤素搭配,中,汤,0.12,0.72,0.07,0.92,猪肉,12,不健康
1175,17,5.0,18-22,女,0.42,0.7,0.76,0.78,荤素搭配,中,汤,0.19,0.85,0.7,0.09,猪肉,19,一般
1462,20,4.51,18-22,女,0.41,1.0,0.58,0.04,无特殊要求,高,主食,0.36,0.78,0.97,0.58,面食,18,不健康
1084,13,5.0,28-35,男,0.71,0.29,0.12,0.81,素食,低,汤,0.7,0.31,0.87,0.34,蔬菜,13,一般
1022,3,5.0,18-22,女,0.32,0.55,0.73,0.04,荤素搭配,高,小吃,0.72,0.9,0.76,0.05,蔬菜,19,不健康
1459,1,5.0,23-27,男,0.83,0.43,0.64,0.95,无特殊要求,高,主食,0.71,0.15,0.46,0.04,鸡肉,15,健康
1027,4,1.83,28-35,男,0.51,0.46,0.95,0.94,素食,低,主食,0.37,0.27,0.39,0.16,蔬菜,8,健康
1195,13,2.81,23-27,男,0.11,0.39,0.59,0.28,素食,中,汤,0.7,0.31,0.87,0.34,蔬菜,13,一般
1337,17,4.79,23-27,女,0.13,0.29,0.66,0.61,荤素搭配,中,汤,0.19,0.85,0.7,0.09,猪肉,19,一般
1382,11,4.88,18-22,男,0.33,0.49,0.17,0.26,无特殊要求,中,汤,0.42,0.96,0.73,0.06,牛肉,6,健康
1236,2,4.41,18-22,男,0.01,0.13,0.25,0.43,荤素搭配,低,主食,0.02,0.44,0.25,0.68,蔬菜,10,健康
1440,16,5.0,28-35,男,0.2,0.06,0.24,0.43,素食,高,小吃,0.74,0.02,0.96,0.34,蔬菜,11,一般
1092,2,1.65,18-22,男,0.44,0.09,0.29,0.78,荤素搭配,高,主食,0.02,0.44,0.25,0.68,猪肉,18,健康
1477,19,5.0,28-35,女,0.02,0.09,0.44,0.58,素食,低,小吃,0.74,0.34,0.36,0.51,面食,13,不健康
1021,19,5.0,18-22,女,0.34,0.44,0.71,0.59,无特殊要求,中,小吃,0.74,0.34,0.36,0.51,蔬菜,18,不健康
1303,16,3.89,18-22,女,0.1,0.11,0.57,0.78,荤素搭配,高,小吃,0.74,0.02,0.96,0.34,牛肉,11,一般
1464,19,1.68,28-35,男,0.28,0.16,0.29,0.19,素食,低,小吃,0.74,0.34,0.36,0.51,面食,13,不健康
1357,9,4.69,18-22,女,0.03,0.06,0.54,0.72,荤素搭配,高,小吃,0.33,0.38,0.93,0.21,蔬菜,12,不健康
1443,1,2.54,28-35,男,0.71,0.06,0.04,0.17,素食,低,主食,0.71,0.15,0.46,0.04,鸡肉,15,健康
1084,10,4.95,28-35,男,0.71,0.32,0.12,0.81,素食,低,炒菜,0.1,0.34,0.75,0.63,牛肉,13,不健康
1262,19,5.0,23-27,男,0.78,0.14,0.54,0.8,荤素搭配,中,小吃,0.74,0.34,0.36,0.51,鸡肉,18,不健康
1147,1,1.26,23-27,男,0.01,0.49,0.18,0.47,荤素搭配,低,主食,0.71,0.15,0.46,0.04,鸡肉,15,健康
1441,2,1.69,23-27,女,0.34,0.62,0.24,0.5,无特殊要求,中,主食,0.02,0.44,0.25,0.68,猪肉,18,健康
1453,16,2.15,18-22,女,0.45,0.85,0.54,0.41,无特殊要求,低,小吃,0.74,0.02,0.96,0.34,牛肉,11,一般
1387,12,3.28,28-35,男,0.14,0.17,0.05,0.66,素食,中,小吃,0.74,0.02,0.65,0.21,猪肉,11,一般
1257,8,4.53,18-22,女,0.39,0.11,0.21,0.47,无特殊要求,中,小吃,0.05,0.11,0.52,0.76,猪肉,9,健康
1058,18,4.31,23-27,女,0.27,0.5,0.93,0.89,素食,高,汤,0.12,0.72,0.07,0.92,蔬菜,12,不健康
1380,2,3.11,23-27,男,0.91,0.17,0.93,0.81,无特殊要求,高,主食,0.02,0.44,0.25,0.68,猪肉,18,健康
1422,13,5.0,23-27,男,0.52,0.17,0.98,0.38,荤素搭配,高,汤,0.7,0.31,0.87,0.34,蔬菜,13,一般
1015,6,4.5,23-27,女,0.44,0.73,0.89,0.67,无特殊要求,低,炒菜,0.45,0.52,0.52,0.69,面食,7,不健康
1162,6,4.64,18-22,女,0.39,0.88,0.76,0.56,荤素搭配,高,炒菜,0.45,0.52,0.52,0.69,面食,16,不健康
1445,9,5.0,23-27,男,0.92,0.34,0.91,0.94,素食,低,小吃,0.33,0.38,0.93,0.21,蔬菜,12,不健康
1163,16,1.71,18-22,女,0.12,0.53,0.36,0.79,无特殊要求,高,小吃,0.74,0.02,0.96,0.34,牛肉,11,一般
1320,11,5.0,18-22,男,0.06,0.11,0.21,0.39,无特殊要求,中,汤,0.42,0.96,0.73,0.06,面食,6,健康
1497,7,4.51,28-35,男,0.36,0.07,0.57,0.56,素食,中,汤,0.05,0.71,0.58,0.2,面食,12,不健康
1281,10,5.0,28-35,女,0.11,0.91,0.19,0.61,素食,高,炒菜,0.1,0.34,0.75,0.63,蔬菜,19,不健康
1280,10,2.21,23-27,女,0.04,0.2,0.79,0.78,无特殊要求,中,炒菜,0.1,0.34,0.75,0.63,牛肉,19,不健康
1012,20,5.0,23-27,女,0.47,0.9,0.9,0.33,荤素搭配,高,主食,0.36,0.78,0.97,0.58,面食,12,不健康
1274,18,4.08,28-35,男,0.38,0.12,0.59,0.34,素食,中,汤,0.12,0.72,0.07,0.92,猪肉,12,不健康
1271,20,2.43,23-27,男,0.29,0.08,0.01,0.43,素食,高,主食,0.36,0.78,0.97,0.58,面食,18,不健康
1492,9,4.12,28-35,男,0.43,0.39,0.84,0.22,素食,高,小吃,0.33,0.38,0.93,0.21,蔬菜,12,不健康
1208,15,3.03,18-22,男,0.54,0.24,0.85,0.56,荤素搭配,低,炒菜,0.24,0.95,0.36,0.65,蔬菜,7,一般
1027,4,5.0,28-35,男,0.51,0.46,0.95,0.94,素食,低,主食,0.37,0.27,0.39,0.16,蔬菜,12,健康
1072,8,4.89,23-27,男,0.29,0.42,0.79,0.55,荤素搭配,低,小吃,0.05,0.11,0.52,0.76,猪肉,9,健康
1060,9,5.0,23-27,男,0.44,0.48,0.83,0.9,无特殊要求,中,小吃,0.33,0.38,0.93,0.21,蔬菜,12,不健康
1430,13,2.25,18-22,男,0.94,0.43,0.36,0.44,荤素搭配,中,汤,0.7,0.31,0.87,0.34,蔬菜,13,一般
1473,9,5.0,23-27,男,1.0,0.16,0.05,0.33,荤素搭配,低,小吃,0.33,0.38,0.93,0.21,蔬菜,12,不健康
1145,4,2.93,28-35,男,0.73,0.45,0.87,0.87,素食,高,主食,0.37,0.27,0.39,0.16,牛肉,19,健康
1093,17,4.29,28-35,男,0.15,0.05,0.92,0.68,素食,中,汤,0.19,0.85,0.7,0.09,猪肉,19,一般
1309,16,5.0,18-22,女,0.24,0.83,0.61,0.91,荤素搭配,中,小吃,0.74,0.02,0.96,0.34,牛肉,11,一般
1008,15,5.0,28-35,男,0.51,0.02,0.88,0.46,素食,高,炒菜,0.24,0.95,0.36,0.65,蔬菜,13,一般
1079,3,5.0,18-22,男,0.85,0.25,0.02,0.22,荤素搭配,高,小吃,0.72,0.9,0.76,0.05,蔬菜,19,不健康
1027,20,5.0,28-35,男,0.51,0.46,0.95,0.94,素食,低,主食,0.36,0.78,0.97,0.58,面食,5,不健康
1174,5,5.0,18-22,男,0.12,0.07,0.97,0.68,荤素搭配,中,汤,0.1,0.52,0.72,0.7,牛肉,14,一般
1050,5,5.0,18-22,男,0.42,0.4,0.59,0.19,荤素搭配,低,汤,0.1,0.52,0.72,0.7,蔬菜,14,一般
1500,20,5.0,18-22,女,0.18,0.5,0.92,0.63,荤素搭配,低,主食,0.36,0.78,0.97,0.58,面食,5,不健康
1199,15,2.88,23-27,女,0.32,0.65,0.08,0.24,素食,中,炒菜,0.24,0.95,0.36,0.65,蔬菜,7,一般
1387,18,2.75,28-35,男,0.14,0.17,0.05,0.66,素食,中,汤,0.12,0.72,0.07,0.92,猪肉,12,不健康
1349,15,1.88,18-22,女,0.26,0.28,0.48,0.47,荤素搭配,低,炒菜,0.24,0.95,0.36,0.65,鸡肉,7,一般
1448,2,3.79,23-27,男,0.94,0.02,0.87,0.37,荤素搭配,低,主食,0.02,0.44,0.25,0.68,猪肉,5,健康
1428,13,5.0,18-22,男,0.5,0.39,0.61,0.06,荤素搭配,中,汤,0.7,0.31,0.87,0.34,蔬菜,13,一般
1181,4,5.0,18-22,男,0.02,0.47,0.24,0.69,无特殊要求,低,主食,0.37,0.27,0.39,0.16,牛肉,6,健康
1024,10,5.0,28-35,女,0.21,0.43,0.2,0.55,素食,中,炒菜,0.1,0.34,0.75,0.63,牛肉,19,不健康
1316,13,2.04,18-22,女,0.14,0.55,0.61,0.71,无特殊要求,中,汤,0.7,0.31,0.87,0.34,蔬菜,13,一般
1378,10,5.0,18-22,男,0.11,0.07,0.74,0.71,荤素搭配,中,炒菜,0.1,0.34,0.75,0.63,牛肉,19,不健康
1387,9,3.3,28-35,男,0.14,0.17,0.05,0.66,素食,中,小吃,0.33,0.38,0.93,0.21,蔬菜,12,不健康
1404,8,1.43,18-22,女,0.24,0.15,0.55,0.14,荤素搭配,高,小吃,0.05,0.11,0.52,0.76,蔬菜,11,健康
1046,3,4.79,28-35,女,0.48,0.99,0.41,0.01,素食,中,小吃,0.72,0.9,0.76,0.05,蔬菜,19,不健康
1015,16,2.42,23-27,女,0.44,0.73,0.89,0.67,无特殊要求,低,小吃,0.74,0.02,0.96,0.34,牛肉,11,一般
1153,14,5.0,23-27,女,0.3,0.57,0.22,0.76,素食,中,小吃,0.62,0.29,0.92,0.78,面食,11,健康
1222,9,2.05,18-22,男,0.24,0.14,0.85,0.62,无特殊要求,中,小吃,0.33,0.38,0.93,0.21,蔬菜,12,不健康
1206,11,2.93,18-22,男,0.57,0.45,0.31,0.5,荤素搭配,中,汤,0.42,0.96,0.73,0.06,牛肉,6,健康
1455,3,4.99,28-35,女,0.41,0.55,0.0,0.04,素食,高,小吃,0.72,0.9,0.76,0.05,蔬菜,19,不健康
1273,5,5.0,23-27,女,0.15,0.49,0.6,0.1,荤素搭配,高,汤,0.1,0.52,0.72,0.7,牛肉,14,一般
1382,10,4.54,18-22,男,0.33,0.08,0.17,0.26,无特殊要求,中,炒菜,0.1,0.34,0.75,0.63,牛肉,19,不健康
1236,13,5.0,18-22,男,0.01,0.13,0.25,0.43,无特殊要求,低,汤,0.7,0.31,0.87,0.34,蔬菜,13,一般
1340,4,4.86,28-35,男,0.9,0.39,0.78,0.72,素食,高,主食,0.37,0.27,0.39,0.16,牛肉,19,健康
1228,13,3.17,28-35,男,0.08,0.47,0.8,0.79,素食,低,汤,0.7,0.31,0.87,0.34,蔬菜,13,一般
1009,12,4.81,23-27,男,0.28,0.23,0.87,0.17,素食,中,小吃,0.74,0.02,0.65,0.21,面食,11,一般
1166,5,2.48,28-35,女,0.02,0.63,0.63,0.99,素食,低,汤,0.1,0.52,0.72,0.7,牛肉,14,一般
1432,10,4.93,28-35,女,0.23,0.53,0.34,0.66,素食,中,炒菜,0.1,0.34,0.75,0.63,蔬菜,19,不健康
1444,9,5.0,23-27,男,0.73,0.18,0.51,0.09,无特殊要求,高,小吃,0.33,0.38,0.93,0.21,蔬菜,12,不健康
1319,20,4.63,18-22,女,0.09,0.83,0.85,0.22,无特殊要求,中,主食,0.36,0.78,0.97,0.58,面食,5,不健康
1214,7,5.0,18-22,男,0.56,0.25,0.79,0.58,荤素搭配,中,汤,0.05,0.71,0.58,0.2,面食,12,不健康
1117,2,4.36,28-35,男,0.14,0.23,0.91,0.04,素食,中,主食,0.02,0.44,0.25,0.68,猪肉,18,健康
1386,7,4.39,18-22,男,0.75,0.18,0.37,0.03,无特殊要求,中,汤,0.05,0.71,0.58,0.2,面食,12,不健康
1344,8,5.0,28-35,女,0.1,0.8,0.92,0.76,素食,高,小吃,0.05,0.11,0.52,0.76,猪肉,18,健康
1072,7,4.88,23-27,男,0.29,0.42,0.79,0.55,荤素搭配,低,汤,0.05,0.71,0.58,0.2,面食,12,不健康
1395,14,5.0,23-27,女,0.25,0.54,0.8,0.04,荤素搭配,中,小吃,0.62,0.29,0.92,0.78,猪肉,11,健康
1064,19,5.0,18-22,男,0.87,0.24,0.08,0.63,荤素搭配,中,小吃,0.74,0.34,0.36,0.51,鸡肉,18,不健康
1205,5,3.89,18-22,女,0.33,0.44,0.06,0.75,荤素搭配,高,汤,0.1,0.52,0.72,0.7,蔬菜,14,一般
1209,18,2.27,18-22,男,0.21,0.49,0.36,0.84,无特殊要求,中,汤,0.12,0.72,0.07,0.92,猪肉,12,不健康
1072,20,5.0,23-27,男,0.29,0.42,0.79,0.55,荤素搭配,低,主食,0.36,0.78,0.97,0.58,面食,5,不健康
1277,12,2.85,23-27,男,0.68,0.35,0.31,0.68,荤素搭配,中,小吃,0.74,0.02,0.65,0.21,猪肉,11,一般
1274,17,5.0,28-35,男,0.38,0.19,0.59,0.34,素食,中,汤,0.19,0.85,0.7,0.09,猪肉,19,一般
1478,13,3.26,28-35,男,0.52,0.33,0.54,0.96,素食,低,汤,0.7,0.31,0.87,0.34,蔬菜,13,一般
1320,2,4.64,18-22,男,0.06,0.34,0.21,0.39,荤素搭配,中,主食,0.02,0.44,0.25,0.68,蔬菜,18,健康
1338,13,4.44,23-27,男,0.53,0.02,0.64,0.88,荤素搭配,中,汤,0.7,0.31,0.87,0.34,蔬菜,13,一般
1366,7,5.0,23-27,男,0.76,0.32,0.1,0.07,荤素搭配,中,汤,0.05,0.71,0.58,0.2,面食,12,不健康
1495,10,1.98,18-22,女,0.19,0.5,0.85,0.24,无特殊要求,高,炒菜,0.1,0.34,0.75,0.63,牛肉,19,不健康
1095,6,5.0,18-22,男,0.72,0.17,0.66,0.41,荤素搭配,低,炒菜,0.45,0.52,0.52,0.69,面食,7,不健康
1166,3,5.0,28-35,女,0.02,0.63,0.63,0.99,素食,低,小吃,0.72,0.9,0.76,0.05,蔬菜,10,不健康
1032,3,2.46,18-22,男,0.14,0.2,0.73,0.16,荤素搭配,高,小吃,0.72,0.9,0.76,0.05,蔬菜,19,不健康
1011,18,5.0,23-27,女,0.35,0.36,0.85,0.55,荤素搭配,低,汤,0.12,0.72,0.07,0.92,猪肉,12,不健康
1301,11,2.78,28-35,男,0.22,0.37,0.98,0.65,素食,高,汤,0.42,0.96,0.73,0.06,面食,13,健康
1217,20,5.0,23-27,女,0.42,0.15,0.96,0.4,无特殊要求,中,主食,0.36,0.78,0.97,0.58,面食,5,不健康
1289,5,4.13,23-27,女,0.46,0.77,0.34,0.63,无特殊要求,中,汤,0.1,0.52,0.72,0.7,牛肉,14,一般
1102,19,3.61,23-27,女,0.24,0.21,0.97,0.03,无特殊要求,低,小吃,0.74,0.34,0.36,0.51,鸡肉,10,不健康
1425,19,5.0,18-22,女,0.01,0.86,0.6,0.57,无特殊要求,低,小吃,0.74,0.34,0.36,0.51,鸡肉,9,不健康
1392,15,2.76,23-27,男,0.61,0.18,0.38,0.47,荤素搭配,低,炒菜,0.24,0.95,0.36,0.65,鸡肉,7,一般
1267,16,4.87,18-22,男,0.08,0.04,0.71,0.33,无特殊要求,中,小吃,0.74,0.02,0.96,0.34,牛肉,11,一般
1214,9,5.0,18-22,男,0.56,0.01,0.79,0.58,荤素搭配,中,小吃,0.33,0.38,0.93,0.21,蔬菜,12,不健康
1179,4,5.0,18-22,女,0.36,0.82,0.23,0.1,无特殊要求,中,主食,0.37,0.27,0.39,0.16,牛肉,19,健康
1088,15,4.32,23-27,男,0.56,0.22,0.82,0.12,无特殊要求,低,炒菜,0.24,0.95,0.36,0.65,鸡肉,7,一般
1041,12,2.53,23-27,女,0.39,0.35,0.92,0.93,无特殊要求,高,小吃,0.74,0.02,0.65,0.21,猪肉,11,一般
1401,3,5.0,18-22,男,0.32,0.48,0.6,0.29,无特殊要求,低,小吃,0.72,0.9,0.76,0.05,蔬菜,8,不健康
1076,14,1.54,28-35,男,0.16,0.34,0.34,0.04,素食,中,小吃,0.62,0.29,0.92,0.78,猪肉,11,健康
1377,17,4.99,28-35,女,0.17,0.66,0.55,0.12,素食,高,汤,0.19,0.85,0.7,0.09,猪肉,19,一般
1046,19,3.1,28-35,女,0.33,0.99,0.41,0.01,素食,中,小吃,0.74,0.34,0.36,0.51,面食,18,不健康
1160,6,4.46,18-22,女,0.21,0.98,0.06,0.9,无特殊要求,高,炒菜,0.45,0.52,0.52,0.69,面食,12,不健康
1463,4,2.43,28-35,女,0.48,0.27,0.03,0.82,素食,低,主食,0.37,0.27,0.39,0.16,牛肉,9,健康
1080,7,5.0,18-22,男,0.07,0.03,0.76,0.11,无特殊要求,高,汤,0.05,0.71,0.58,0.2,面食,12,不健康
1310,19,3.47,18-22,男,0.23,0.12,0.01,0.51,荤素搭配,高,小吃,0.74,0.34,0.36,0.51,面食,18,不健康
1086,17,5.0,28-35,男,0.95,0.19,0.95,0.18,素食,低,汤,0.19,0.85,0.7,0.09,猪肉,12,一般
1092,16,2.87,18-22,男,0.44,0.09,0.29,0.78,荤素搭配,高,小吃,0.74,0.02,0.96,0.34,牛肉,11,一般
1148,15,4.68,23-27,男,0.87,0.23,0.48,0.13,荤素搭配,中,炒菜,0.24,0.95,0.36,0.65,鸡肉,7,一般
1161,8,5.0,28-35,女,0.28,0.31,0.97,0.29,素食,高,小吃,0.05,0.11,0.52,0.76,猪肉,12,健康
1202,19,1.96,18-22,女,0.33,0.89,0.85,0.21,荤素搭配,中,小吃,0.74,0.34,0.36,0.51,蔬菜,18,不健康
1424,8,4.27,23-27,男,0.01,0.37,0.27,0.04,荤素搭配,高,小吃,0.05,0.11,0.52,0.76,猪肉,19,健康
1416,18,5.0,28-35,女,0.18,0.58,0.67,0.71,素食,中,汤,0.12,0.72,0.07,0.92,猪肉,12,不健康
1242,16,3.83,23-27,男,0.88,0.04,0.99,0.66,素食,低,小吃,0.74,0.02,0.96,0.34,面食,11,一般
1353,20,2.52,18-22,女,0.44,0.08,0.14,0.16,荤素搭配,中,主食,0.36,0.78,0.97,0.58,面食,5,不健康
1002,19,4.19,18-22,女,0.28,0.66,0.04,0.84,无特殊要求,高,小吃,0.74,0.34,0.36,0.51,鸡肉,18,不健康
1225,10,4.3,28-35,男,0.8,0.3,0.85,0.76,素食,中,炒菜,0.1,0.34,0.75,0.63,面食,19,不健康
1289,17,2.04,23-27,女,0.46,0.77,0.34,0.63,无特殊要求,中,汤,0.19,0.85,0.7,0.09,猪肉,19,一般
1233,13,5.0,23-27,女,0.35,0.76,0.61,0.1,素食,高,汤,0.7,0.31,0.87,0.34,蔬菜,13,一般
1461,13,2.46,28-35,女,0.45,0.98,0.52,0.93,素食,低,汤,0.7,0.31,0.87,0.34,蔬菜,13,一般
1414,7,1.91,23-27,女,0.22,0.33,0.96,0.52,荤素搭配,中,汤,0.05,0.71,0.58,0.2,面食,12,不健康
1417,10,2.88,28-35,女,0.36,0.37,0.08,0.96,素食,低,炒菜,0.1,0.34,0.75,0.63,牛肉,11,不健康
1077,2,1.98,18-22,女,0.23,0.85,0.38,0.74,无特殊要求,低,主食,0.02,0.44,0.25,0.68,猪肉,6,健康
1116,4,1.56,23-27,男,0.83,0.32,0.02,0.34,素食,高,主食,0.37,0.27,0.39,0.16,面食,19,健康
1154,6,5.0,28-35,女,0.31,0.92,0.66,0.44,素食,低,炒菜,0.45,0.52,0.52,0.69,面食,7,不健康
1406,18,3.61,23-27,女,0.02,0.38,0.11,0.35,素食,中,汤,0.12,0.72,0.07,0.92,面食,12,不健康
1103,6,4.18,23-27,男,0.79,0.32,0.04,0.92,荤素搭配,中,炒菜,0.45,0.52,0.52,0.69,面食,7,不健康
1194,17,4.22,18-22,女,0.28,0.14,0.0,0.53,荤素搭配,中,汤,0.19,0.85,0.7,0.09,面食,19,一般
1166,14,4.55,28-35,女,0.02,0.63,0.63,0.99,素食,低,小吃,0.62,0.29,0.92,0.78,猪肉,11,健康
1359,11,5.0,28-35,女,0.01,0.4,0.68,0.76,素食,低,汤,0.42,0.96,0.73,0.06,牛肉,6,健康
1090,19,5.0,18-22,男,0.43,0.41,0.26,0.0,无特殊要求,中,小吃,0.74,0.34,0.36,0.51,蔬菜,18,不健康
1174,2,3.74,18-22,男,0.12,0.07,0.97,0.68,荤素搭配,中,主食,0.02,0.44,0.25,0.68,猪肉,18,健康
1122,3,5.0,23-27,女,0.39,0.77,0.93,0.26,荤素搭配,中,小吃,0.72,0.9,0.76,0.05,蔬菜,19,不健康
1498,11,4.71,18-22,女,0.12,1.0,0.51,0.35,荤素搭配,中,汤,0.42,0.96,0.73,0.06,牛肉,6,健康
1143,6,4.09,18-22,女,0.31,0.13,0.55,0.86,无特殊要求,高,炒菜,0.45,0.52,0.52,0.69,面食,10,不健康
1482,14,5.0,23-27,男,0.18,0.05,0.41,0.65,无特殊要求,中,小吃,0.62,0.29,0.92,0.78,猪肉,11,健康
1106,19,2.1,23-27,男,0.49,0.34,0.42,0.93,荤素搭配,高,小吃,0.74,0.34,0.36,0.51,鸡肉,18,不健康
1375,16,2.44,23-27,男,0.72,0.14,0.88,0.18,无特殊要求,高,小吃,0.74,0.02,0.96,0.34,牛肉,11,一般
1428,7,1.67,18-22,男,0.5,0.39,0.61,0.06,荤素搭配,中,汤,0.05,0.71,0.58,0.2,面食,12,不健康
1305,8,1.88,23-27,男,0.47,0.13,0.83,0.46,素食,高,小吃,0.05,0.11,0.52,0.76,面食,18,健康
1360,19,4.09,28-35,女,0.33,0.35,0.41,0.17,素食,低,小吃,0.74,0.34,0.36,0.51,蔬菜,6,不健康
1459,20,3.81,23-27,男,0.83,0.43,0.64,0.95,无特殊要求,高,主食,0.36,0.78,0.97,0.58,面食,13,不健康
1317,16,5.0,28-35,男,0.68,0.29,0.33,0.68,素食,高,小吃,0.74,0.02,0.96,0.34,牛肉,11,一般
1451,7,2.38,28-35,男,0.97,0.16,0.18,0.57,素食,中,汤,0.05,0.71,0.58,0.2,面食,12,不健康
1123,9,3.34,18-22,女,0.33,0.46,0.93,0.9,荤素搭配,中,小吃,0.33,0.38,0.93,0.21,蔬菜,12,不健康
1390,13,5.0,18-22,男,0.61,0.0,0.55,0.63,无特殊要求,中,汤,0.7,0.31,0.87,0.34,蔬菜,13,一般
1009,1,1.64,23-27,男,0.28,0.23,0.87,0.17,素食,中,主食,0.71,0.15,0.46,0.04,蔬菜,15,健康
1262,8,4.01,23-27,男,0.78,0.44,0.54,0.8,荤素搭配,中,小吃,0.05,0.11,0.52,0.76,猪肉,9,健康
1073,4,1.42,18-22,女,0.11,0.05,0.4,0.27,无特殊要求,中,主食,0.37,0.27,0.39,0.16,牛肉,19,健康
1359,3,2.45,28-35,女,0.06,0.4,0.68,0.76,素食,低,小吃,0.72,0.9,0.76,0.05,蔬菜,11,不健康
1223,3,3.0,18-22,女,0.19,0.18,0.87,0.74,荤素搭配,低,小吃,0.72,0.9,0.76,0.05,蔬菜,14,不健康
1416,13,5.0,28-35,女,0.18,0.58,0.67,0.71,素食,中,汤,0.7,0.31,0.87,0.34,蔬菜,13,一般
1041,8,2.27,23-27,女,0.21,0.35,0.92,0.93,无特殊要求,高,小吃,0.05,0.11,0.52,0.76,猪肉,16,健康
1370,7,5.0,28-35,女,0.21,0.52,0.92,0.64,素食,低,汤,0.05,0.71,0.58,0.2,面食,12,不健康
1204,1,5.0,23-27,女,0.07,0.4,0.58,0.85,素食,低,主食,0.71,0.15,0.46,0.04,蔬菜,15,健康
1264,16,2.28,28-35,男,0.82,0.42,0.41,0.76,素食,低,小吃,0.74,0.02,0.96,0.34,牛肉,11,一般
1328,6,3.25,23-27,男,0.43,0.47,0.99,0.43,荤素搭配,低,炒菜,0.45,0.52,0.52,0.69,面食,7,不健康
1178,7,3.3,28-35,男,0.99,0.16,1.0,0.24,素食,低,汤,0.05,0.71,0.58,0.2,面食,12,不健康
1348,12,3.44,18-22,女,0.03,0.7,0.44,0.55,无特殊要求,中,小吃,0.74,0.02,0.65,0.21,猪肉,11,一般
1318,9,4.6,28-35,女,0.35,0.21,0.37,0.27,素食,低,小吃,0.33,0.38,0.93,0.21,蔬菜,12,不健康
1084,11,3.23,28-35,男,0.71,0.25,0.12,0.81,素食,低,汤,0.42,0.96,0.73,0.06,牛肉,6,健康
1318,10,3.55,28-35,女,0.35,0.21,0.37,0.27,素食,低,炒菜,0.1,0.34,0.75,0.63,面食,12,不健康
1111,1,5.0,18-22,女,0.4,0.02,0.81,0.36,荤素搭配,中,主食,0.71,0.15,0.46,0.04,面食,15,健康
1251,18,5.0,18-22,女,0.12,0.35,0.23,0.62,荤素搭配,高,汤,0.12,0.72,0.07,0.92,蔬菜,12,不健康
1383,4,5.0,18-22,女,0.47,0.23,0.59,0.92,无特殊要求,低,主食,0.37,0.27,0.39,0.16,牛肉,8,健康
1007,5,1.7,28-35,女,0.4,0.11,0.63,0.19,素食,高,汤,0.1,0.52,0.72,0.7,牛肉,14,一般
1459,9,5.0,23-27,男,0.83,0.43,0.64,0.95,无特殊要求,高,小吃,0.33,0.38,0.93,0.21,蔬菜,12,不健康
1084,17,4.0,28-35,男,0.71,0.1,0.12,0.81,素食,低,汤,0.19,0.85,0.7,0.09,猪肉,8,一般
1208,3,5.0,18-22,男,0.54,0.24,0.85,0.56,荤素搭配,低,小吃,0.72,0.9,0.76,0.05,蔬菜,12,不健康
1388,16,2.54,23-27,女,0.45,0.37,0.87,0.21,荤素搭配,中,小吃,0.74,0.02,0.96,0.34,牛肉,11,一般
1390,5,4.29,18-22,男,0.61,0.12,0.55,0.63,无特殊要求,中,汤,0.1,0.52,0.72,0.7,牛肉,14,一般
1314,16,4.28,23-27,女,0.29,0.17,0.76,0.99,无特殊要求,中,小吃,0.74,0.02,0.96,0.34,牛肉,11,一般
1022,3,3.28,18-22,女,0.32,0.55,0.73,0.04,荤素搭配,高,小吃,0.72,0.9,0.76,0.05,蔬菜,19,不健康
1410,20,5.0,23-27,女,0.15,0.45,0.28,0.94,无特殊要求,低,主食,0.36,0.78,0.97,0.58,面食,5,不健康
1383,15,5.0,18-22,女,0.47,0.23,0.59,0.92,无特殊要求,低,炒菜,0.24,0.95,0.36,0.65,鸡肉,7,一般
1003,3,3.1,28-35,女,0.25,0.43,0.67,0.43,素食,中,小吃,0.72,0.9,0.76,0.05,蔬菜,19,不健康
1127,20,5.0,23-27,女,0.12,0.69,0.41,0.21,无特殊要求,中,主食,0.36,0.78,0.97,0.58,面食,5,不健康
1297,14,3.22,18-22,男,0.94,0.0,0.87,0.83,荤素搭配,中,小吃,0.62,0.29,0.92,0.78,面食,11,健康
1188,16,5.0,23-27,男,0.85,0.47,0.95,0.51,荤素搭配,低,小吃,0.74,0.02,0.96,0.34,牛肉,11,一般
1362,17,2.63,23-27,女,0.18,0.29,0.46,0.29,荤素搭配,中,汤,0.19,0.85,0.7,0.09,猪肉,19,一般
1014,20,3.95,23-27,男,0.27,0.27,0.3,0.61,荤素搭配,高,主食,0.36,0.78,0.97,0.58,面食,11,不健康
1459,18,3.33,23-27,男,0.83,0.43,0.64,0.95,无特殊要求,高,汤,0.12,0.72,0.07,0.92,猪肉,12,不健康
1466,18,5.0,18-22,女,0.15,0.91,0.67,0.4,无特殊要求,高,汤,0.12,0.72,0.07,0.92,猪肉,12,不健康
1012,14,2.79,23-27,女,0.28,0.9,0.9,0.33,荤素搭配,高,小吃,0.62,0.29,0.92,0.78,猪肉,11,健康
1087,18,5.0,28-35,男,0.72,0.46,0.68,0.61,素食,中,汤,0.12,0.72,0.07,0.92,猪肉,12,不健康
1012,15,4.57,23-27,女,0.05,0.9,0.9,0.33,荤素搭配,高,炒菜,0.24,0.95,0.36,0.65,鸡肉,15,一般
1397,15,4.4,28-35,男,0.17,0.15,0.96,0.41,素食,低,炒菜,0.24,0.95,0.36,0.65,鸡肉,7,一般
1025,6,3.75,28-35,女,0.12,0.02,0.05,0.95,素食,高,炒菜,0.45,0.52,0.52,0.69,面食,11,不健康
1301,15,4.75,28-35,男,0.22,0.17,0.98,0.65,素食,高,炒菜,0.24,0.95,0.36,0.65,蔬菜,17,一般
1243,18,2.59,23-27,女,0.08,0.04,0.61,0.48,荤素搭配,中,汤,0.12,0.72,0.07,0.92,猪肉,12,不健康
1122,4,3.82,23-27,女,0.01,0.77,0.93,0.26,荤素搭配,中,主食,0.37,0.27,0.39,0.16,牛肉,19,健康
1147,8,3.56,23-27,男,0.01,0.31,0.18,0.47,荤素搭配,低,小吃,0.05,0.11,0.52,0.76,猪肉,9,健康
1055,15,3.11,23-27,女,0.2,0.83,0.37,0.1,荤素搭配,低,炒菜,0.24,0.95,0.36,0.65,鸡肉,7,一般
1238,3,3.3,18-22,女,0.29,0.01,0.08,0.39,荤素搭配,低,小吃,0.72,0.9,0.76,0.05,蔬菜,6,不健康
1356,15,5.0,18-22,男,0.91,0.26,0.74,0.49,荤素搭配,低,炒菜,0.24,0.95,0.36,0.65,鸡肉,7,一般
1173,13,5.0,28-35,女,0.3,0.07,0.9,0.69,素食,高,汤,0.7,0.31,0.87,0.34,蔬菜,13,一般
1392,9,4.72,23-27,男,0.61,0.18,0.38,0.47,荤素搭配,低,小吃,0.33,0.38,0.93,0.21,蔬菜,12,不健康
1221,2,5.0,23-27,男,0.57,0.18,0.55,0.27,无特殊要求,高,主食,0.02,0.44,0.25,0.68,猪肉,18,健康
1119,8,1.53,18-22,女,0.22,0.16,0.24,0.5,无特殊要求,高,小吃,0.05,0.11,0.52,0.76,猪肉,13,健康
1309,20,2.85,18-22,女,0.24,0.83,0.61,0.91,荤素搭配,中,主食,0.36,0.78,0.97,0.58,面食,5,不健康
1183,17,2.01,23-27,男,0.19,0.09,0.42,0.09,荤素搭配,高,汤,0.19,0.85,0.7,0.09,猪肉,19,一般
1288,13,3.12,28-35,女,0.21,0.81,0.77,0.15,素食,高,汤,0.7,0.31,0.87,0.34,蔬菜,13,一般
1307,1,5.0,18-22,女,0.05,0.89,0.56,0.25,无特殊要求,低,主食,0.71,0.15,0.46,0.04,蔬菜,15,健康
1300,2,1.49,23-27,男,0.27,0.04,0.07,0.04,无特殊要求,低,主食,0.02,0.44,0.25,0.68,猪肉,10,健康
1082,15,5.0,28-35,男,0.08,0.25,0.13,0.39,素食,中,炒菜,0.24,0.95,0.36,0.65,鸡肉,7,一般
1454,12,3.5,23-27,女,0.45,0.58,0.87,0.95,荤素搭配,低,小吃,0.74,0.02,0.65,0.21,猪肉,11,一般
1402,14,4.51,23-27,女,0.22,0.3,0.06,0.0,荤素搭配,中,小吃,0.62,0.29,0.92,0.78,猪肉,11,健康
1211,2,5.0,28-35,女,0.16,0.81,0.16,0.28,素食,高,主食,0.02,0.44,0.25,0.68,面食,18,健康
1150,18,4.51,23-27,男,0.99,0.2,0.11,0.73,素食,低,汤,0.12,0.72,0.07,0.92,面食,12,不健康
1037,7,4.7,23-27,女,0.0,0.27,0.6,0.8,荤素搭配,中,汤,0.05,0.71,0.58,0.2,面食,12,不健康
1352,6,3.92,28-35,女,0.03,0.26,0.28,0.91,素食,低,炒菜,0.45,0.52,0.52,0.69,面食,7,不健康
1312,14,3.48,18-22,男,0.78,0.02,0.82,0.3,荤素搭配,中,小吃,0.62,0.29,0.92,0.78,面食,11,健康
1361,8,4.86,23-27,男,0.2,0.18,0.92,0.39,荤素搭配,中,小吃,0.05,0.11,0.52,0.76,猪肉,9,健康
1059,2,4.43,23-27,女,0.13,0.3,0.55,0.22,无特殊要求,低,主食,0.02,0.44,0.25,0.68,猪肉,5,健康
1131,17,2.39,28-35,女,0.19,0.13,0.1,0.71,素食,高,汤,0.19,0.85,0.7,0.09,面食,19,一般
1412,5,3.11,18-22,男,0.41,0.2,0.53,0.33,无特殊要求,高,汤,0.1,0.52,0.72,0.7,牛肉,14,一般
1202,14,2.41,18-22,女,0.33,0.89,0.85,0.21,荤素搭配,中,小吃,0.62,0.29,0.92,0.78,蔬菜,11,健康
1243,20,5.0,23-27,女,0.2,0.04,0.61,0.48,荤素搭配,中,主食,0.36,0.78,0.97,0.58,面食,5,不健康
1035,3,5.0,23-27,女,0.09,0.36,0.95,0.95,素食,中,小吃,0.72,0.9,0.76,0.05,蔬菜,19,不健康
1445,5,5.0,23-27,男,0.92,0.34,0.91,0.94,素食,低,汤,0.1,0.52,0.72,0.7,蔬菜,14,一般
1093,16,3.24,28-35,男,0.15,0.17,0.92,0.68,素食,中,小吃,0.74,0.02,0.96,0.34,牛肉,11,一般
1438,18,3.16,23-27,男,0.71,0.19,0.89,0.34,荤素搭配,中,汤,0.12,0.72,0.07,0.92,猪肉,12,不健康
1447,17,5.0,23-27,男,0.52,0.07,0.11,0.38,荤素搭配,低,汤,0.19,0.85,0.7,0.09,猪肉,5,一般
1207,11,3.32,18-22,男,0.34,0.21,0.54,0.88,无特殊要求,低,汤,0.42,0.96,0.73,0.06,牛肉,6,健康
1353,17,3.3,18-22,女,0.19,0.08,0.14,0.16,无特殊要求,中,汤,0.19,0.85,0.7,0.09,蔬菜,19,一般
1391,16,4.29,28-35,女,0.38,0.3,0.36,0.72,素食,中,小吃,0.74,0.02,0.96,0.34,蔬菜,11,一般
1332,2,3.21,18-22,男,0.65,0.05,0.31,0.15,荤素搭配,高,主食,0.02,0.44,0.25,0.68,猪肉,18,健康
1305,4,3.75,23-27,男,0.47,0.12,0.83,0.46,素食,高,主食,0.37,0.27,0.39,0.16,蔬菜,19,健康
1350,7,5.0,23-27,男,0.39,0.06,0.45,0.6,荤素搭配,高,汤,0.05,0.71,0.58,0.2,面食,12,不健康
1213,2,4.56,18-22,女,0.23,0.81,0.44,0.12,荤素搭配,低,主食,0.02,0.44,0.25,0.68,猪肉,9,健康
1159,6,4.0,28-35,女,0.17,0.01,0.59,0.89,素食,中,炒菜,0.45,0.52,0.52,0.69,面食,7,不健康
1442,17,3.19,23-27,女,0.26,0.82,0.32,0.98,无特殊要求,低,汤,0.19,0.85,0.7,0.09,猪肉,14,一般
1445,7,4.0,23-27,男,0.92,0.34,0.91,0.94,素食,低,汤,0.05,0.71,0.58,0.2,面食,12,不健康
1024,5,5.0,28-35,女,0.21,0.43,0.2,0.55,素食,中,汤,0.1,0.52,0.72,0.7,牛肉,14,一般
1404,5,2.62,18-22,女,0.1,0.15,0.55,0.14,无特殊要求,高,汤,0.1,0.52,0.72,0.7,面食,14,一般
1293,20,4.31,28-35,男,0.75,0.06,0.71,0.53,素食,低,主食,0.36,0.78,0.97,0.58,面食,5,不健康
1004,16,4.97,23-27,女,0.44,0.07,0.4,0.76,荤素搭配,中,小吃,0.74,0.02,0.96,0.34,牛肉,11,一般
1220,19,2.6,18-22,男,0.21,0.07,0.29,0.63,无特殊要求,高,小吃,0.74,0.34,0.36,0.51,蔬菜,18,不健康
1364,9,3.06,18-22,女,0.01,0.27,0.6,0.67,无特殊要求,中,小吃,0.33,0.38,0.93,0.21,蔬菜,12,不健康
1382,5,4.66,18-22,男,0.33,0.13,0.17,0.26,无特殊要求,中,汤,0.1,0.52,0.72,0.7,牛肉,14,一般
1020,8,2.92,23-27,女,0.01,0.88,0.2,0.95,无特殊要求,高,小吃,0.05,0.11,0.52,0.76,猪肉,15,健康
1444,9,3.8,23-27,男,0.73,0.18,0.51,0.09,无特殊要求,高,小吃,0.33,0.38,0.93,0.21,蔬菜,12,不健康
1152,5,2.48,23-27,女,0.31,0.19,0.16,0.24,荤素搭配,中,汤,0.1,0.52,0.72,0.7,牛肉,14,一般
1050,10,3.89,18-22,男,0.42,0.08,0.59,0.19,荤素搭配,低,炒菜,0.1,0.34,0.75,0.63,面食,12,不健康
1177,2,4.95,23-27,男,0.6,0.2,0.92,0.91,荤素搭配,中,主食,0.02,0.44,0.25,0.68,猪肉,18,健康
1435,9,1.75,23-27,女,0.23,0.27,0.31,0.53,素食,低,小吃,0.33,0.38,0.93,0.21,蔬菜,12,不健康
1096,11,5.0,18-22,男,0.04,0.45,0.68,0.47,荤素搭配,低,汤,0.42,0.96,0.73,0.06,蔬菜,6,健康
1105,4,3.2,23-27,男,0.05,0.12,0.07,0.76,素食,低,主食,0.37,0.27,0.39,0.16,面食,8,健康
1420,2,5.0,28-35,男,0.49,0.11,0.08,0.34,素食,低,主食,0.02,0.44,0.25,0.68,猪肉,10,健康
1250,6,5.0,23-27,男,0.76,0.07,0.01,0.9,无特殊要求,中,炒菜,0.45,0.52,0.52,0.69,面食,7,不健康
1117,14,5.0,28-35,男,0.14,0.23,0.91,0.04,素食,中,小吃,0.62,0.29,0.92,0.78,猪肉,11,健康
1354,1,5.0,18-22,女,0.17,0.74,0.86,0.94,荤素搭配,高,主食,0.71,0.15,0.46,0.04,面食,15,健康
1228,18,4.13,28-35,男,0.08,0.47,0.8,0.79,素食,低,汤,0.12,0.72,0.07,0.92,猪肉,12,不健康
1066,7,3.69,23-27,女,0.43,0.21,0.86,0.06,无特殊要求,高,汤,0.05,0.71,0.58,0.2,面食,12,不健康
1335,1,1.27,28-35,男,0.22,0.26,0.1,0.61,素食,高,主食,0.71,0.15,0.46,0.04,鸡肉,15,健康
1418,1,2.74,18-22,女,0.44,0.62,0.67,0.55,荤素搭配,高,主食,0.71,0.15,0.46,0.04,面食,15,健康
1420,1,4.41,28-35,男,0.49,0.11,0.08,0.34,素食,低,主食,0.71,0.15,0.46,0.04,鸡肉,15,健康
1262,4,3.84,23-27,男,0.78,0.1,0.54,0.8,荤素搭配,中,主食,0.37,0.27,0.39,0.16,牛肉,19,健康
1295,4,4.51,28-35,女,0.49,0.46,0.21,0.76,素食,低,主食,0.37,0.27,0.39,0.16,牛肉,12,健康
1426,18,5.0,18-22,女,0.45,0.79,0.89,0.55,荤素搭配,中,汤,0.12,0.72,0.07,0.92,面食,12,不健康
1243,11,2.8,23-27,女,0.33,0.04,0.61,0.48,荤素搭配,中,汤,0.42,0.96,0.73,0.06,牛肉,6,健康
1371,1,1.44,23-27,男,0.17,0.35,0.43,0.59,无特殊要求,高,主食,0.71,0.15,0.46,0.04,鸡肉,15,健康
1186,10,5.0,18-22,男,0.27,0.39,0.72,0.99,无特殊要求,中,炒菜,0.1,0.34,0.75,0.63,牛肉,19,不健康
1246,9,2.92,18-22,男,0.61,0.25,0.43,0.59,荤素搭配,中,小吃,0.33,0.38,0.93,0.21,蔬菜,12,不健康
1125,4,1.57,28-35,男,0.35,0.15,0.64,0.95,素食,低,主食,0.37,0.27,0.39,0.16,牛肉,10,健康
1268,6,5.0,23-27,男,0.39,0.48,0.6,0.67,素食,中,炒菜,0.45,0.52,0.52,0.69,面食,7,不健康
1131,16,2.9,28-35,女,0.31,0.13,0.1,0.71,素食,高,小吃,0.74,0.02,0.96,0.34,面食,11,一般
1237,2,3.65,28-35,女,0.49,0.14,0.67,0.6,素食,低,主食,0.02,0.44,0.25,0.68,蔬菜,10,健康
1018,18,5.0,18-22,女,0.3,0.28,0.6,0.82,荤素搭配,中,汤,0.12,0.72,0.07,0.92,猪肉,12,不健康
1040,10,2.93,18-22,男,0.37,0.24,0.73,0.42,荤素搭配,低,炒菜,0.1,0.34,0.75,0.63,蔬菜,6,不健康
1021,17,1.99,18-22,女,0.34,0.44,0.71,0.59,无特殊要求,中,汤,0.19,0.85,0.7,0.09,蔬菜,19,一般
1399,13,2.76,18-22,男,0.43,0.34,0.06,0.7,无特殊要求,高,汤,0.7,0.31,0.87,0.34,蔬菜,13,一般
1225,18,4.07,28-35,男,0.8,0.3,0.85,0.76,素食,中,汤,0.12,0.72,0.07,0.92,蔬菜,12,不健康
1355,13,4.57,28-35,女,0.2,0.31,0.24,0.36,素食,高,汤,0.7,0.31,0.87,0.34,蔬菜,13,一般
1282,17,5.0,23-27,男,0.99,0.3,0.96,0.34,荤素搭配,高,汤,0.19,0.85,0.7,0.09,猪肉,19,一般
1008,5,5.0,28-35,男,0.51,0.22,0.88,0.46,素食,高,汤,0.1,0.52,0.72,0.7,面食,14,一般
1100,11,4.3,18-22,男,0.81,0.38,0.79,0.35,无特殊要求,低,汤,0.42,0.96,0.73,0.06,牛肉,6,健康
1240,7,1.78,28-35,男,0.23,0.34,0.61,0.86,素食,高,汤,0.05,0.71,0.58,0.2,面食,12,不健康
1478,10,5.0,28-35,男,0.52,0.33,0.54,0.96,素食,低,炒菜,0.1,0.34,0.75,0.63,牛肉,13,不健康
1087,17,2.36,28-35,男,0.72,0.39,0.68,0.61,素食,中,汤,0.19,0.85,0.7,0.09,猪肉,19,一般
1298,15,3.06,23-27,男,0.36,0.42,0.16,0.54,无特殊要求,低,炒菜,0.24,0.95,0.36,0.65,鸡肉,7,一般
1428,18,1.44,18-22,男,0.5,0.39,0.61,0.06,荤素搭配,中,汤,0.12,0.72,0.07,0.92,猪肉,12,不健康
1014,19,1.71,23-27,男,0.27,0.27,0.3,0.61,荤素搭配,高,小吃,0.74,0.34,0.36,0.51,鸡肉,18,不健康
1334,2,4.79,18-22,男,0.09,0.08,0.43,0.95,无特殊要求,中,主食,0.02,0.44,0.25,0.68,猪肉,18,健康
1002,4,5.0,18-22,女,0.23,0.66,0.04,0.84,无特殊要求,高,主食,0.37,0.27,0.39,0.16,牛肉,19,健康
1375,3,5.0,23-27,男,0.72,0.14,0.88,0.18,无特殊要求,高,小吃,0.72,0.9,0.76,0.05,蔬菜,19,不健康
1293,7,3.6,28-35,男,0.75,0.06,0.71,0.53,素食,低,汤,0.05,0.71,0.58,0.2,面食,12,不健康
1325,18,4.04,28-35,男,0.65,0.38,0.98,0.67,素食,低,汤,0.12,0.72,0.07,0.92,猪肉,12,不健康
1422,10,5.0,23-27,男,0.52,0.17,0.98,0.38,荤素搭配,高,炒菜,0.1,0.34,0.75,0.63,牛肉,19,不健康
1493,7,2.88,23-27,女,0.3,0.76,0.42,0.3,素食,中,汤,0.05,0.71,0.58,0.2,面食,12,不健康
1041,8,5.0,23-27,女,0.27,0.35,0.92,0.93,无特殊要求,高,小吃,0.05,0.11,0.52,0.76,猪肉,19,健康
1318,6,4.65,28-35,女,0.35,0.21,0.37,0.27,素食,低,炒菜,0.45,0.52,0.52,0.69,面食,7,不健康
1316,1,2.49,18-22,女,0.14,0.55,0.61,0.71,无特殊要求,中,主食,0.71,0.15,0.46,0.04,面食,15,健康
1381,4,2.62,23-27,女,0.46,0.57,0.31,0.22,素食,高,主食,0.37,0.27,0.39,0.16,蔬菜,19,健康
1111,14,5.0,18-22,女,0.4,0.02,0.81,0.36,荤素搭配,中,小吃,0.62,0.29,0.92,0.78,面食,11,健康
1014,17,3.55,23-27,男,0.27,0.27,0.3,0.61,荤素搭配,高,汤,0.19,0.85,0.7,0.09,猪肉,19,一般
1231,20,3.68,18-22,男,0.99,0.13,0.46,0.61,荤素搭配,中,主食,0.36,0.78,0.97,0.58,面食,5,不健康
1473,18,3.54,23-27,男,1.0,0.16,0.05,0.33,荤素搭配,低,汤,0.12,0.72,0.07,0.92,猪肉,12,不健康
1084,11,2.23,28-35,男,0.71,0.08,0.12,0.81,素食,低,汤,0.42,0.96,0.73,0.06,牛肉,6,健康
1130,14,5.0,23-27,女,0.35,0.57,0.41,0.19,荤素搭配,中,小吃,0.62,0.29,0.92,0.78,猪肉,11,健康
1231,9,5.0,18-22,男,0.99,0.05,0.46,0.61,荤素搭配,中,小吃,0.33,0.38,0.93,0.21,蔬菜,12,不健康
1326,15,4.94,28-35,女,0.47,0.2,0.86,0.32,素食,中,炒菜,0.24,0.95,0.36,0.65,鸡肉,7,一般
1145,12,5.0,28-35,男,0.73,0.41,0.87,0.87,素食,高,小吃,0.74,0.02,0.65,0.21,猪肉,11,一般
1379,10,1.82,28-35,女,0.06,0.56,0.08,0.9,素食,低,炒菜,0.1,0.34,0.75,0.63,牛肉,10,不健康
1345,19,4.88,23-27,女,0.08,0.22,0.26,0.21,荤素搭配,高,小吃,0.74,0.34,0.36,0.51,鸡肉,18,不健康
1028,19,2.13,28-35,男,0.78,0.17,0.45,0.36,素食,高,小吃,0.74,0.34,0.36,0.51,鸡肉,18,不健康
1066,6,5.0,23-27,女,0.41,0.21,0.86,0.06,无特殊要求,高,炒菜,0.45,0.52,0.52,0.69,面食,10,不健康
1163,20,3.26,18-22,女,0.12,0.53,0.36,0.79,无特殊要求,高,主食,0.36,0.78,0.97,0.58,面食,11,不健康
1229,6,5.0,28-35,女,0.3,0.35,0.45,0.59,素食,低,炒菜,0.45,0.52,0.52,0.69,面食,7,不健康
1261,8,2.04,23-27,女,0.1,0.21,0.97,0.67,荤素搭配,低,小吃,0.05,0.11,0.52,0.76,猪肉,9,健康
1449,1,4.22,23-27,男,0.04,0.25,0.02,0.95,素食,低,主食,0.71,0.15,0.46,0.04,蔬菜,15,健康
1424,17,4.95,23-27,男,0.01,0.08,0.27,0.04,荤素搭配,高,汤,0.19,0.85,0.7,0.09,猪肉,19,一般
1460,17,4.99,28-35,女,0.46,0.43,0.64,0.18,素食,低,汤,0.19,0.85,0.7,0.09,面食,14,一般
1440,15,3.47,28-35,男,0.2,0.06,0.24,0.43,素食,高,炒菜,0.24,0.95,0.36,0.65,面食,12,一般
1164,7,1.85,23-27,女,0.07,0.91,0.01,0.81,素食,高,汤,0.05,0.71,0.58,0.2,面食,12,不健康
1301,19,2.18,28-35,男,0.22,0.39,0.98,0.65,素食,高,小吃,0.74,0.34,0.36,0.51,面食,18,不健康
1407,3,4.79,23-27,女,0.17,0.37,0.42,0.3,荤素搭配,中,小吃,0.72,0.9,0.76,0.05,蔬菜,19,不健康
1303,11,2.61,18-22,女,0.1,0.11,0.57,0.78,荤素搭配,高,汤,0.42,0.96,0.73,0.06,牛肉,16,健康
1287,20,5.0,28-35,女,0.03,0.25,0.33,0.54,素食,低,主食,0.36,0.78,0.97,0.58,面食,5,不健康
1395,19,3.68,23-27,女,0.25,0.54,0.8,0.04,荤素搭配,中,小吃,0.74,0.34,0.36,0.51,鸡肉,18,不健康
1010,9,5.0,18-22,男,0.43,0.19,0.77,0.47,荤素搭配,中,小吃,0.33,0.38,0.93,0.21,蔬菜,12,不健康
1195,10,3.76,23-27,男,0.11,0.39,0.59,0.28,素食,中,炒菜,0.1,0.34,0.75,0.63,面食,19,不健康
1118,2,2.66,18-22,女,0.22,0.31,0.62,0.53,荤素搭配,低,主食,0.02,0.44,0.25,0.68,蔬菜,11,健康
1270,1,4.73,18-22,女,0.42,0.29,0.77,0.76,无特殊要求,高,主食,0.71,0.15,0.46,0.04,鸡肉,15,健康
1080,16,1.83,18-22,男,0.07,0.28,0.76,0.11,无特殊要求,高,小吃,0.74,0.02,0.96,0.34,牛肉,11,一般
1458,18,5.0,18-22,男,0.67,0.14,0.44,0.63,无特殊要求,低,汤,0.12,0.72,0.07,0.92,猪肉,12,不健康
1093,17,3.29,28-35,男,0.15,0.19,0.92,0.68,素食,中,汤,0.19,0.85,0.7,0.09,猪肉,19,一般
1266,6,2.18,18-22,男,0.36,0.01,0.12,0.92,无特殊要求,低,炒菜,0.45,0.52,0.52,0.69,面食,7,不健康
1332,14,3.82,18-22,男,0.65,0.05,0.31,0.15,荤素搭配,高,小吃,0.62,0.29,0.92,0.78,猪肉,11,健康
1350,15,5.0,23-27,男,0.39,0.42,0.45,0.6,荤素搭配,高,炒菜,0.24,0.95,0.36,0.65,鸡肉,10,一般
1361,14,5.0,23-27,男,0.2,0.16,0.92,0.39,荤素搭配,中,小吃,0.62,0.29,0.92,0.78,猪肉,11,健康
1257,3,4.99,18-22,女,0.21,0.11,0.21,0.47,无特殊要求,中,小吃,0.72,0.9,0.76,0.05,蔬菜,19,不健康
1133,19,4.33,28-35,女,0.27,0.62,0.64,0.71,素食,中,小吃,0.74,0.34,0.36,0.51,面食,18,不健康
1276,12,3.31,28-35,男,0.96,0.17,0.72,0.61,素食,高,小吃,0.74,0.02,0.65,0.21,猪肉,11,一般
1264,2,5.0,28-35,男,0.82,0.39,0.41,0.76,素食,低,主食,0.02,0.44,0.25,0.68,猪肉,8,健康
1171,3,4.06,18-22,男,0.3,0.0,0.4,0.67,荤素搭配,高,小吃,0.72,0.9,0.76,0.05,蔬菜,19,不健康
1460,18,4.62,28-35,女,0.19,0.43,0.64,0.18,素食,低,汤,0.12,0.72,0.07,0.92,蔬菜,12,不健康
1001,1,1.35,23-27,女,0.23,0.02,0.38,0.14,荤素搭配,中,主食,0.71,0.15,0.46,0.04,鸡肉,15,健康
1313,20,4.93,28-35,男,0.15,0.23,0.47,0.42,素食,中,主食,0.36,0.78,0.97,0.58,面食,5,不健康
1064,6,4.99,18-22,男,0.87,0.24,0.08,0.63,荤素搭配,中,炒菜,0.45,0.52,0.52,0.69,面食,7,不健康
1374,5,3.98,23-27,女,0.14,0.49,0.26,0.75,素食,高,汤,0.1,0.52,0.72,0.7,面食,14,一般
1468,1,5.0,23-27,女,0.25,0.82,0.65,0.84,无特殊要求,低,主食,0.71,0.15,0.46,0.04,鸡肉,15,健康
1284,19,3.62,28-35,男,0.15,0.11,0.32,0.34,素食,中,小吃,0.74,0.34,0.36,0.51,鸡肉,18,不健康
1121,1,1.88,23-27,女,0.04,0.33,0.65,0.28,素食,低,主食,0.71,0.15,0.46,0.04,面食,15,健康
1107,16,4.64,28-35,女,0.48,0.72,0.88,0.32,素食,低,小吃,0.74,0.02,0.96,0.34,面食,11,一般
1421,12,2.89,18-22,男,0.31,0.29,0.78,0.66,无特殊要求,中,小吃,0.74,0.02,0.65,0.21,猪肉,11,一般
1175,8,5.0,18-22,女,0.42,0.7,0.76,0.78,荤素搭配,中,小吃,0.05,0.11,0.52,0.76,猪肉,9,健康
1485,16,5.0,23-27,男,0.09,0.11,0.73,0.94,素食,高,小吃,0.74,0.02,0.96,0.34,面食,11,一般
1204,1,1.41,23-27,女,0.07,0.4,0.58,0.85,素食,低,主食,0.71,0.15,0.46,0.04,面食,15,健康
1165,4,4.62,28-35,男,0.94,0.34,0.13,0.08,素食,中,主食,0.37,0.27,0.39,0.16,面食,19,健康
1305,10,4.19,23-27,男,0.47,0.25,0.83,0.46,素食,高,炒菜,0.1,0.34,0.75,0.63,面食,19,不健康
1497,11,2.67,28-35,男,0.36,0.07,0.57,0.56,素食,中,汤,0.42,0.96,0.73,0.06,蔬菜,6,健康
1120,17,4.19,28-35,男,0.27,0.4,0.46,0.06,素食,高,汤,0.19,0.85,0.7,0.09,猪肉,19,一般
1044,7,4.88,28-35,女,0.2,0.43,0.76,0.61,素食,中,汤,0.05,0.71,0.58,0.2,面食,12,不健康
1312,12,2.17,18-22,男,0.78,0.02,0.82,0.3,荤素搭配,中,小吃,0.74,0.02,0.65,0.21,面食,11,一般
1156,7,5.0,18-22,男,0.94,0.16,0.04,0.45,荤素搭配,高,汤,0.05,0.71,0.58,0.2,面食,12,不健康
1367,12,4.18,28-35,女,0.09,0.58,0.05,0.34,素食,低,小吃,0.74,0.02,0.65,0.21,猪肉,11,一般
1207,15,2.57,18-22,男,0.34,0.45,0.54,0.88,无特殊要求,低,炒菜,0.24,0.95,0.36,0.65,鸡肉,7,一般
1390,2,4.91,18-22,男,0.61,0.27,0.55,0.63,无特殊要求,中,主食,0.02,0.44,0.25,0.68,猪肉,18,健康
1108,14,3.36,23-27,女,0.38,0.61,0.62,0.48,荤素搭配,高,小吃,0.62,0.29,0.92,0.78,猪肉,11,健康
1251,13,3.93,18-22,女,0.18,0.35,0.23,0.62,荤素搭配,高,汤,0.7,0.31,0.87,0.34,蔬菜,13,一般
1445,4,5.0,23-27,男,0.92,0.34,0.91,0.94,素食,低,主食,0.37,0.27,0.39,0.16,面食,11,健康
1404,14,1.97,18-22,女,0.44,0.15,0.55,0.14,无特殊要求,高,小吃,0.62,0.29,0.92,0.78,面食,11,健康
1370,14,5.0,28-35,女,0.21,0.52,0.92,0.64,素食,低,小吃,0.62,0.29,0.92,0.78,面食,11,健康
1334,16,5.0,18-22,男,0.09,0.08,0.43,0.95,无特殊要求,中,小吃,0.74,0.02,0.96,0.34,牛肉,11,一般
1130,7,5.0,23-27,女,0.25,0.57,0.41,0.19,荤素搭配,中,汤,0.05,0.71,0.58,0.2,面食,12,不健康
1457,19,1.47,23-27,女,0.36,0.42,0.1,0.04,荤素搭配,高,小吃,0.74,0.34,0.36,0.51,鸡肉,18,不健康
1293,2,1.58,28-35,男,0.75,0.06,0.71,0.53,素食,低,主食,0.02,0.44,0.25,0.68,猪肉,7,健康
1020,10,5.0,23-27,女,0.01,0.88,0.2,0.95,无特殊要求,高,炒菜,0.1,0.34,0.75,0.63,牛肉,19,不健康
1282,18,4.13,23-27,男,0.99,0.31,0.96,0.34,荤素搭配,高,汤,0.12,0.72,0.07,0.92,猪肉,12,不健康
1285,17,5.0,23-27,男,0.66,0.47,0.81,0.16,无特殊要求,低,汤,0.19,0.85,0.7,0.09,猪肉,10,一般
1001,5,5.0,23-27,女,0.23,0.02,0.38,0.14,荤素搭配,中,汤,0.1,0.52,0.72,0.7,牛肉,14,一般
1119,12,2.43,18-22,女,0.22,0.16,0.24,0.5,无特殊要求,高,小吃,0.74,0.02,0.65,0.21,猪肉,11,一般
1035,6,5.0,23-27,女,0.46,0.36,0.95,0.95,素食,中,炒菜,0.45,0.52,0.52,0.69,面食,7,不健康
1198,9,1.82,18-22,女,0.0,0.87,0.31,0.94,荤素搭配,高,小吃,0.33,0.38,0.93,0.21,蔬菜,12,不健康
1485,20,5.0,23-27,男,0.09,0.11,0.73,0.94,素食,高,主食,0.36,0.78,0.97,0.58,面食,15,不健康
1245,1,2.66,23-27,男,0.41,0.07,0.71,0.7,无特殊要求,低,主食,0.71,0.15,0.46,0.04,鸡肉,15,健康
1059,15,4.82,23-27,女,0.22,0.3,0.55,0.22,无特殊要求,低,炒菜,0.24,0.95,0.36,0.65,鸡肉,7,一般
1325,6,5.0,28-35,男,0.65,0.38,0.98,0.67,素食,低,炒菜,0.45,0.52,0.52,0.69,面食,7,不健康
1161,19,3.2,28-35,女,0.06,0.31,0.97,0.29,素食,高,小吃,0.74,0.34,0.36,0.51,鸡肉,18,不健康
1497,18,5.0,28-35,男,0.36,0.07,0.57,0.56,素食,中,汤,0.12,0.72,0.07,0.92,面食,12,不健康
1179,6,5.0,18-22,女,0.16,0.82,0.23,0.1,无特殊要求,中,炒菜,0.45,0.52,0.52,0.69,面食,7,不健康
1206,13,5.0,18-22,男,0.57,0.45,0.31,0.5,荤素搭配,中,汤,0.7,0.31,0.87,0.34,蔬菜,13,一般
1012,1,4.07,23-27,女,0.14,0.9,0.9,0.33,荤素搭配,高,主食,0.71,0.15,0.46,0.04,鸡肉,15,健康
1490,13,5.0,28-35,男,0.1,0.32,0.05,0.4,素食,低,汤,0.7,0.31,0.87,0.34,蔬菜,13,一般
1276,7,2.71,28-35,男,0.96,0.17,0.72,0.61,素食,高,汤,0.05,0.71,0.58,0.2,面食,12,不健康
1181,15,3.99,18-22,男,0.02,0.47,0.24,0.69,无特殊要求,低,炒菜,0.24,0.95,0.36,0.65,鸡肉,7,一般
1242,12,5.0,23-27,男,0.88,0.04,0.99,0.66,素食,低,小吃,0.74,0.02,0.65,0.21,面食,11,一般
1216,1,3.99,23-27,男,0.98,0.48,0.32,0.46,素食,低,主食,0.71,0.15,0.46,0.04,面食,15,健康
1251,15,2.96,18-22,女,0.34,0.35,0.23,0.62,无特殊要求,高,炒菜,0.24,0.95,0.36,0.65,蔬菜,19,一般
1299,4,5.0,23-27,男,0.23,0.38,0.53,0.41,荤素搭配,中,主食,0.37,0.27,0.39,0.16,牛肉,19,健康
1126,13,2.63,23-27,男,1.0,0.38,0.6,0.86,无特殊要求,低,汤,0.7,0.31,0.87,0.34,蔬菜,13,一般
1482,5,3.09,23-27,男,0.18,0.32,0.41,0.65,无特殊要求,中,汤,0.1,0.52,0.72,0.7,牛肉,14,一般
1217,2,4.59,23-27,女,0.42,0.15,0.96,0.4,无特殊要求,中,主食,0.02,0.44,0.25,0.68,猪肉,18,健康
1306,1,4.8,18-22,女,0.4,0.27,0.65,0.99,无特殊要求,低,主食,0.71,0.15,0.46,0.04,面食,15,健康
1285,16,3.33,23-27,男,0.66,0.47,0.81,0.16,无特殊要求,低,小吃,0.74,0.02,0.96,0.34,牛肉,11,一般
1185,6,5.0,18-22,女,0.33,0.92,0.83,0.33,荤素搭配,高,炒菜,0.45,0.52,0.52,0.69,面食,16,不健康
1039,16,3.12,28-35,女,0.19,0.77,0.43,0.76,素食,低,小吃,0.74,0.02,0.96,0.34,牛肉,11,一般
1223,14,2.55,18-22,女,0.19,0.18,0.87,0.74,荤素搭配,低,小吃,0.62,0.29,0.92,0.78,蔬菜,11,健康
1184,3,2.54,28-35,女,0.48,0.09,0.13,0.24,素食,高,小吃,0.72,0.9,0.76,0.05,蔬菜,19,不健康
1495,15,5.0,18-22,女,0.19,0.5,0.85,0.24,无特殊要求,高,炒菜,0.24,0.95,0.36,0.65,鸡肉,15,一般
1427,3,5.0,28-35,男,0.97,0.21,0.12,0.85,素食,低,小吃,0.72,0.9,0.76,0.05,蔬菜,14,不健康
1178,2,3.82,28-35,男,0.99,0.38,1.0,0.24,素食,低,主食,0.02,0.44,0.25,0.68,猪肉,10,健康
1407,1,4.38,23-27,女,0.17,0.37,0.42,0.3,荤素搭配,中,主食,0.71,0.15,0.46,0.04,鸡肉,15,健康
1428,9,4.89,18-22,男,0.5,0.39,0.61,0.06,荤素搭配,中,小吃,0.33,0.38,0.93,0.21,蔬菜,12,不健康
1294,9,3.05,28-35,男,0.9,0.31,0.57,0.5,素食,低,小吃,0.33,0.38,0.93,0.21,蔬菜,12,不健康
1340,7,4.92,28-35,男,0.9,0.39,0.78,0.72,素食,高,汤,0.05,0.71,0.58,0.2,面食,12,不健康
1151,3,5.0,18-22,男,0.05,0.03,0.11,0.97,无特殊要求,中,小吃,0.72,0.9,0.76,0.05,蔬菜,19,不健康
1384,18,2.06,28-35,男,0.75,0.49,0.58,0.49,素食,低,汤,0.12,0.72,0.07,0.92,面食,12,不健康
1126,11,3.27,23-27,男,1.0,0.38,0.6,0.86,无特殊要求,低,汤,0.42,0.96,0.73,0.06,牛肉,6,健康
1301,7,5.0,28-35,男,0.22,0.26,0.98,0.65,素食,高,汤,0.05,0.71,0.58,0.2,面食,12,不健康
1308,9,5.0,28-35,男,0.95,0.48,0.33,0.18,素食,中,小吃,0.33,0.38,0.93,0.21,蔬菜,12,不健康
1336,1,3.99,18-22,男,0.68,0.03,0.86,0.49,无特殊要求,高,主食,0.71,0.15,0.46,0.04,蔬菜,15,健康
1434,14,4.89,18-22,女,0.29,0.28,0.67,0.02,无特殊要求,高,小吃,0.62,0.29,0.92,0.78,猪肉,11,健康
1234,20,3.09,28-35,女,0.05,0.6,0.96,0.67,素食,低,主食,0.36,0.78,0.97,0.58,面食,5,不健康
1380,6,2.82,23-27,男,0.91,0.08,0.93,0.81,无特殊要求,高,炒菜,0.45,0.52,0.52,0.69,面食,18,不健康
1375,7,4.68,23-27,男,0.72,0.14,0.88,0.18,无特殊要求,高,汤,0.05,0.71,0.58,0.2,面食,12,不健康
1008,10,5.0,28-35,男,0.51,0.07,0.88,0.46,素食,高,炒菜,0.1,0.34,0.75,0.63,面食,19,不健康
1498,7,5.0,18-22,女,0.46,1.0,0.51,0.35,荤素搭配,中,汤,0.05,0.71,0.58,0.2,面食,12,不健康
1341,2,4.95,23-27,男,0.06,0.36,0.13,0.97,素食,中,主食,0.02,0.44,0.25,0.68,面食,18,健康
1129,4,3.56,18-22,男,0.31,0.12,0.86,0.49,荤素搭配,低,主食,0.37,0.27,0.39,0.16,牛肉,12,健康
1264,17,5.0,28-35,男,0.82,0.27,0.41,0.76,素食,低,汤,0.19,0.85,0.7,0.09,猪肉,10,一般
1157,1,3.13,28-35,女,0.1,0.77,0.92,0.53,素食,中,主食,0.71,0.15,0.46,0.04,蔬菜,15,健康
1352,10,3.87,28-35,女,0.03,0.26,0.28,0.91,素食,低,炒菜,0.1,0.34,0.75,0.63,牛肉,14,不健康
1358,19,5.0,23-27,男,0.22,0.25,0.81,0.41,素食,中,小吃,0.74,0.34,0.36,0.51,面食,18,不健康
1005,15,5.0,28-35,女,0.45,0.41,0.42,0.7,素食,中,炒菜,0.24,0.95,0.36,0.65,面食,7,一般
1495,10,1.98,18-22,女,0.19,0.5,0.85,0.24,无特殊要求,高,炒菜,0.1,0.34,0.75,0.63,牛肉,19,不健康
1086,19,5.0,28-35,男,0.95,0.3,0.95,0.18,素食,低,小吃,0.74,0.34,0.36,0.51,鸡肉,7,不健康
1175,12,3.98,18-22,女,0.42,0.7,0.76,0.78,荤素搭配,中,小吃,0.74,0.02,0.65,0.21,猪肉,11,一般
1290,16,4.48,18-22,女,0.05,0.61,0.15,0.83,无特殊要求,中,小吃,0.74,0.02,0.96,0.34,牛肉,11,一般
1193,9,4.41,18-22,女,0.2,0.45,0.92,0.47,荤素搭配,中,小吃,0.33,0.38,0.93,0.21,蔬菜,12,不健康
1311,15,3.58,23-27,女,0.5,0.69,0.31,0.88,荤素搭配,低,炒菜,0.24,0.95,0.36,0.65,鸡肉,7,一般
1119,17,5.0,18-22,女,0.22,0.16,0.24,0.5,无特殊要求,高,汤,0.19,0.85,0.7,0.09,猪肉,19,一般
1218,14,5.0,23-27,女,0.37,0.19,0.55,0.02,无特殊要求,低,小吃,0.62,0.29,0.92,0.78,猪肉,11,健康
1427,18,5.0,28-35,男,0.97,0.48,0.12,0.85,素食,低,汤,0.12,0.72,0.07,0.92,猪肉,12,不健康
1458,2,5.0,18-22,男,0.67,0.08,0.44,0.63,无特殊要求,低,主食,0.02,0.44,0.25,0.68,猪肉,13,健康
1414,4,1.63,23-27,女,0.22,0.33,0.96,0.52,荤素搭配,中,主食,0.37,0.27,0.39,0.16,牛肉,19,健康
1114,18,2.3,18-22,男,0.3,0.08,1.0,0.63,荤素搭配,高,汤,0.12,0.72,0.07,0.92,蔬菜,12,不健康
1466,7,5.0,18-22,女,0.36,0.91,0.67,0.4,无特殊要求,高,汤,0.05,0.71,0.58,0.2,面食,12,不健康
1145,13,5.0,28-35,男,0.73,0.08,0.87,0.87,素食,高,汤,0.7,0.31,0.87,0.34,蔬菜,13,一般
1026,15,2.8,18-22,女,0.14,0.71,0.07,0.11,荤素搭配,低,炒菜,0.24,0.95,0.36,0.65,鸡肉,7,一般
1136,1,4.14,23-27,男,0.04,0.24,0.11,0.53,荤素搭配,低,主食,0.71,0.15,0.46,0.04,鸡肉,15,健康
1303,11,5.0,18-22,女,0.1,0.11,0.57,0.78,荤素搭配,高,汤,0.42,0.96,0.73,0.06,牛肉,15,健康
1232,10,1.27,23-27,女,0.27,0.27,0.11,0.11,素食,高,炒菜,0.1,0.34,0.75,0.63,面食,19,不健康
1369,5,3.22,23-27,男,0.25,0.0,0.75,0.4,荤素搭配,高,汤,0.1,0.52,0.72,0.7,牛肉,14,一般
1076,16,4.47,28-35,男,0.16,0.34,0.34,0.04,素食,中,小吃,0.74,0.02,0.96,0.34,牛肉,11,一般
1475,11,3.49,23-27,男,0.77,0.11,0.63,0.39,荤素搭配,中,汤,0.42,0.96,0.73,0.06,牛肉,6,健康
1328,6,5.0,23-27,男,0.43,0.47,0.99,0.43,荤素搭配,低,炒菜,0.45,0.52,0.52,0.69,面食,7,不健康
1345,9,3.64,23-27,女,0.3,0.22,0.26,0.21,荤素搭配,高,小吃,0.33,0.38,0.93,0.21,蔬菜,12,不健康
1302,13,3.57,23-27,女,0.05,0.21,0.97,0.14,素食,低,汤,0.7,0.31,0.87,0.34,蔬菜,13,一般
1452,8,2.94,18-22,男,0.64,0.23,0.18,0.96,荤素搭配,低,小吃,0.05,0.11,0.52,0.76,猪肉,9,健康
1289,14,2.31,23-27,女,0.46,0.77,0.34,0.63,无特殊要求,中,小吃,0.62,0.29,0.92,0.78,猪肉,11,健康
1001,1,5.0,23-27,女,0.23,0.02,0.38,0.14,荤素搭配,中,主食,0.71,0.15,0.46,0.04,鸡肉,15,健康
1147,17,3.01,23-27,男,0.01,0.22,0.18,0.47,荤素搭配,低,汤,0.19,0.85,0.7,0.09,猪肉,11,一般
1287,5,5.0,28-35,女,0.02,0.25,0.33,0.54,素食,低,汤,0.1,0.52,0.72,0.7,牛肉,14,一般
1464,2,1.56,28-35,男,0.28,0.18,0.29,0.19,素食,低,主食,0.02,0.44,0.25,0.68,蔬菜,8,健康
1142,9,5.0,23-27,男,0.11,0.24,0.22,0.99,荤素搭配,高,小吃,0.33,0.38,0.93,0.21,蔬菜,12,不健康
1053,4,1.64,28-35,男,0.31,0.33,0.38,0.76,素食,低,主食,0.37,0.27,0.39,0.16,牛肉,13,健康
1304,17,2.22,23-27,女,0.37,0.98,0.43,0.15,荤素搭配,高,汤,0.19,0.85,0.7,0.09,猪肉,19,一般
1069,17,4.99,18-22,男,0.83,0.26,0.39,0.56,无特殊要求,高,汤,0.19,0.85,0.7,0.09,猪肉,19,一般
1361,18,5.0,23-27,男,0.2,0.3,0.92,0.39,荤素搭配,中,汤,0.12,0.72,0.07,0.92,猪肉,12,不健康
1090,16,3.58,18-22,男,0.43,0.09,0.26,0.0,无特殊要求,中,小吃,0.74,0.02,0.96,0.34,蔬菜,11,一般
1446,8,4.75,28-35,女,0.01,0.46,0.02,0.91,素食,高,小吃,0.05,0.11,0.52,0.76,猪肉,18,健康
1220,11,1.4,18-22,男,0.21,0.07,0.29,0.63,荤素搭配,高,汤,0.42,0.96,0.73,0.06,面食,16,健康
1450,18,4.0,23-27,女,0.37,0.01,0.69,0.98,荤素搭配,高,汤,0.12,0.72,0.07,0.92,猪肉,12,不健康
1498,10,3.03,18-22,女,0.02,1.0,0.51,0.35,荤素搭配,中,炒菜,0.1,0.34,0.75,0.63,牛肉,19,不健康
1192,13,2.94,18-22,男,0.32,0.39,0.62,0.16,无特殊要求,高,汤,0.7,0.31,0.87,0.34,蔬菜,13,一般
1454,17,5.0,23-27,女,0.34,0.58,0.87,0.95,荤素搭配,低,汤,0.19,0.85,0.7,0.09,猪肉,7,一般
1063,18,4.17,18-22,男,0.1,0.42,0.31,0.91,荤素搭配,中,汤,0.12,0.72,0.07,0.92,面食,12,不健康
1073,10,5.0,18-22,女,0.28,0.05,0.4,0.27,无特殊要求,中,炒菜,0.1,0.34,0.75,0.63,牛肉,19,不健康
1161,16,4.64,28-35,女,0.3,0.31,0.97,0.29,素食,高,小吃,0.74,0.02,0.96,0.34,牛肉,11,一般
1169,20,5.0,18-22,女,0.09,0.49,0.22,0.17,荤素搭配,低,主食,0.36,0.78,0.97,0.58,面食,5,不健康
1089,5,5.0,18-22,女,0.24,0.41,0.25,0.87,无特殊要求,高,汤,0.1,0.52,0.72,0.7,牛肉,14,一般
1176,13,5.0,18-22,男,0.48,0.43,0.01,0.93,无特殊要求,中,汤,0.7,0.31,0.87,0.34,蔬菜,13,一般
1269,18,2.66,23-27,男,0.39,0.49,0.99,0.21,荤素搭配,高,汤,0.12,0.72,0.07,0.92,猪肉,12,不健康
1073,17,3.45,18-22,女,0.44,0.05,0.4,0.27,无特殊要求,中,汤,0.19,0.85,0.7,0.09,猪肉,19,一般
1245,9,5.0,23-27,男,0.41,0.07,0.71,0.7,无特殊要求,低,小吃,0.33,0.38,0.93,0.21,蔬菜,12,不健康
1077,14,5.0,18-22,女,0.23,0.85,0.38,0.74,无特殊要求,低,小吃,0.62,0.29,0.92,0.78,猪肉,11,健康
1159,17,2.53,28-35,女,0.17,0.01,0.59,0.89,素食,中,汤,0.19,0.85,0.7,0.09,猪肉,19,一般
1489,4,5.0,28-35,男,0.14,0.21,0.59,0.54,素食,中,主食,0.37,0.27,0.39,0.16,面食,19,健康
1459,18,4.33,23-27,男,0.83,0.43,0.64,0.95,无特殊要求,高,汤,0.12,0.72,0.07,0.92,猪肉,12,不健康
1324,20,3.06,18-22,男,0.84,0.13,0.02,0.19,荤素搭配,高,主食,0.36,0.78,0.97,0.58,面食,19,不健康
1098,15,3.87,23-27,女,0.17,0.51,0.13,0.22,无特殊要求,低,炒菜,0.24,0.95,0.36,0.65,鸡肉,7,一般
1381,11,4.14,23-27,女,0.09,0.57,0.31,0.22,素食,高,汤,0.42,0.96,0.73,0.06,蔬菜,19,健康
1102,12,3.82,23-27,女,0.24,0.21,0.97,0.03,无特殊要求,低,小吃,0.74,0.02,0.65,0.21,猪肉,11,一般
1494,9,2.26,18-22,女,0.47,0.09,0.05,0.11,荤素搭配,低,小吃,0.33,0.38,0.93,0.21,蔬菜,12,不健康
1132,13,5.0,28-35,男,0.21,0.31,0.48,0.45,素食,低,汤,0.7,0.31,0.87,0.34,蔬菜,13,一般
1102,15,1.63,23-27,女,0.24,0.21,0.97,0.03,无特殊要求,低,炒菜,0.24,0.95,0.36,0.65,鸡肉,7,一般
1019,15,5.0,18-22,女,0.34,0.26,0.25,0.97,荤素搭配,高,炒菜,0.24,0.95,0.36,0.65,鸡肉,18,一般
1454,5,3.69,23-27,女,0.29,0.58,0.87,0.95,荤素搭配,低,汤,0.1,0.52,0.72,0.7,牛肉,14,一般
1482,19,1.82,23-27,男,0.18,0.41,0.41,0.65,无特殊要求,中,小吃,0.74,0.34,0.36,0.51,鸡肉,18,不健康
1082,20,2.08,28-35,男,0.08,0.21,0.13,0.39,素食,中,主食,0.36,0.78,0.97,0.58,面食,5,不健康
1397,14,2.54,28-35,男,0.17,0.45,0.96,0.41,素食,低,小吃,0.62,0.29,0.92,0.78,猪肉,11,健康
1489,17,4.95,28-35,男,0.14,0.24,0.59,0.54,素食,中,汤,0.19,0.85,0.7,0.09,面食,19,一般
1279,18,2.62,28-35,女,0.25,0.43,0.97,0.14,素食,中,汤,0.12,0.72,0.07,0.92,蔬菜,12,不健康
1339,3,5.0,28-35,女,0.28,0.78,0.25,0.68,素食,低,小吃,0.72,0.9,0.76,0.05,蔬菜,7,不健康
1365,2,1.87,18-22,女,0.23,0.45,0.35,0.84,荤素搭配,中,主食,0.02,0.44,0.25,0.68,猪肉,18,健康
1331,1,4.19,23-27,男,0.0,0.11,0.19,0.19,素食,低,主食,0.71,0.15,0.46,0.04,面食,15,健康
1129,10,5.0,18-22,男,0.31,0.12,0.86,0.49,荤素搭配,低,炒菜,0.1,0.34,0.75,0.63,牛肉,14,不健康
1344,19,3.06,28-35,女,0.1,0.8,0.92,0.76,素食,高,小吃,0.74,0.34,0.36,0.51,鸡肉,18,不健康
1310,17,3.2,18-22,男,0.23,0.12,0.01,0.51,荤素搭配,高,汤,0.19,0.85,0.7,0.09,蔬菜,19,一般
1455,12,4.52,28-35,女,0.21,0.55,0.0,0.04,素食,高,小吃,0.74,0.02,0.65,0.21,猪肉,11,一般
1089,1,4.81,18-22,女,0.39,0.41,0.25,0.87,无特殊要求,高,主食,0.71,0.15,0.46,0.04,鸡肉,15,健康
1213,12,1.7,18-22,女,0.07,0.81,0.44,0.12,荤素搭配,低,小吃,0.74,0.02,0.65,0.21,猪肉,11,一般
1143,17,1.63,18-22,女,0.31,0.13,0.55,0.86,无特殊要求,高,汤,0.19,0.85,0.7,0.09,蔬菜,19,一般
1065,3,1.88,23-27,男,0.34,0.41,0.03,0.13,无特殊要求,中,小吃,0.72,0.9,0.76,0.05,蔬菜,19,不健康
1076,11,5.0,28-35,男,0.16,0.34,0.34,0.04,素食,中,汤,0.42,0.96,0.73,0.06,牛肉,6,健康
1199,17,4.69,23-27,女,0.32,0.65,0.08,0.24,素食,中,汤,0.19,0.85,0.7,0.09,蔬菜,19,一般
1143,3,1.8,18-22,女,0.31,0.13,0.55,0.86,荤素搭配,高,小吃,0.72,0.9,0.76,0.05,蔬菜,19,不健康
1405,8,2.81,18-22,男,0.61,0.42,0.2,0.76,无特殊要求,低,小吃,0.05,0.11,0.52,0.76,面食,9,健康
1403,20,5.0,23-27,男,0.1,0.25,0.96,0.43,素食,高,主食,0.36,0.78,0.97,0.58,面食,18,不健康
1316,4,3.55,18-22,女,0.14,0.55,0.61,0.71,无特殊要求,中,主食,0.37,0.27,0.39,0.16,面食,19,健康
1093,7,5.0,28-35,男,0.15,0.18,0.92,0.68,素食,中,汤,0.05,0.71,0.58,0.2,面食,12,不健康
1473,14,4.97,23-27,男,1.0,0.16,0.05,0.33,荤素搭配,低,小吃,0.62,0.29,0.92,0.78,猪肉,11,健康
1417,14,3.48,28-35,女,0.07,0.37,0.08,0.96,素食,低,小吃,0.62,0.29,0.92,0.78,猪肉,11,健康
1305,4,3.75,23-27,男,0.47,0.16,0.83,0.46,素食,高,主食,0.37,0.27,0.39,0.16,蔬菜,19,健康
1224,16,4.08,28-35,女,0.01,0.41,0.26,0.98,素食,中,小吃,0.74,0.02,0.96,0.34,牛肉,11,一般
1497,1,5.0,28-35,男,0.36,0.07,0.57,0.56,素食,中,主食,0.71,0.15,0.46,0.04,蔬菜,15,健康
1291,17,4.9,23-27,女,0.36,0.28,0.84,0.05,无特殊要求,高,汤,0.19,0.85,0.7,0.09,猪肉,19,一般
1428,10,1.68,18-22,男,0.5,0.39,0.61,0.06,荤素搭配,中,炒菜,0.1,0.34,0.75,0.63,牛肉,19,不健康
1102,16,3.12,23-27,女,0.24,0.21,0.97,0.03,无特殊要求,低,小吃,0.74,0.02,0.96,0.34,牛肉,11,一般
1474,16,2.7,18-22,女,0.46,0.2,0.3,0.2,荤素搭配,中,小吃,0.74,0.02,0.96,0.34,牛肉,11,一般
1267,8,2.73,18-22,男,0.08,0.47,0.71,0.33,无特殊要求,中,小吃,0.05,0.11,0.52,0.76,猪肉,9,健康
1355,7,2.44,28-35,女,0.2,0.31,0.24,0.36,素食,高,汤,0.05,0.71,0.58,0.2,面食,12,不健康
1456,6,1.53,28-35,女,0.2,0.19,0.25,0.3,素食,中,炒菜,0.45,0.52,0.52,0.69,面食,7,不健康
1110,16,1.76,18-22,女,0.31,0.27,0.1,0.35,无特殊要求,低,小吃,0.74,0.02,0.96,0.34,蔬菜,11,一般
1462,20,5.0,18-22,女,0.41,1.0,0.58,0.04,无特殊要求,高,主食,0.36,0.78,0.97,0.58,面食,18,不健康
1330,16,4.87,28-35,女,0.4,0.02,0.59,0.01,素食,高,小吃,0.74,0.02,0.96,0.34,牛肉,11,一般
1450,7,1.62,23-27,女,0.37,0.01,0.69,0.98,荤素搭配,高,汤,0.05,0.71,0.58,0.2,面食,12,不健康
1430,9,5.0,18-22,男,0.94,0.43,0.36,0.44,荤素搭配,中,小吃,0.33,0.38,0.93,0.21,蔬菜,12,不健康
1265,14,3.66,23-27,女,0.1,0.78,0.37,0.04,无特殊要求,中,小吃,0.62,0.29,0.92,0.78,猪肉,11,健康
1003,11,5.0,28-35,女,0.25,0.43,0.67,0.43,素食,中,汤,0.42,0.96,0.73,0.06,牛肉,6,健康
1085,14,2.21,28-35,女,0.48,0.45,0.42,0.51,素食,高,小吃,0.62,0.29,0.92,0.78,猪肉,11,健康
1282,7,4.3,23-27,男,0.99,0.0,0.96,0.34,荤素搭配,高,汤,0.05,0.71,0.58,0.2,面食,12,不健康
1328,1,5.0,23-27,男,0.43,0.47,0.99,0.43,荤素搭配,低,主食,0.71,0.15,0.46,0.04,鸡肉,15,健康
1304,13,1.99,23-27,女,0.37,0.98,0.43,0.15,荤素搭配,高,汤,0.7,0.31,0.87,0.34,蔬菜,13,一般
1450,20,2.38,23-27,女,0.37,0.01,0.69,0.98,荤素搭配,高,主食,0.36,0.78,0.97,0.58,面食,18,不健康
1454,3,4.94,23-27,女,0.26,0.58,0.87,0.95,荤素搭配,低,小吃,0.72,0.9,0.76,0.05,蔬菜,7,不健康
1412,20,2.54,18-22,男,0.41,0.07,0.53,0.33,无特殊要求,高,主食,0.36,0.78,0.97,0.58,面食,19,不健康
1117,4,2.48,28-35,男,0.14,0.23,0.91,0.04,素食,中,主食,0.37,0.27,0.39,0.16,牛肉,19,健康
1221,11,2.24,23-27,男,0.57,0.31,0.55,0.27,无特殊要求,高,汤,0.42,0.96,0.73,0.06,牛肉,17,健康
1154,2,4.88,28-35,女,0.31,0.92,0.66,0.44,素食,低,主食,0.02,0.44,0.25,0.68,蔬菜,6,健康
1153,14,4.28,23-27,女,0.31,0.57,0.22,0.76,素食,中,小吃,0.62,0.29,0.92,0.78,面食,11,健康
1012,12,5.0,23-27,女,0.36,0.9,0.9,0.33,荤素搭配,高,小吃,0.74,0.02,0.65,0.21,猪肉,11,一般
1133,17,5.0,28-35,女,0.17,0.62,0.64,0.71,素食,中,汤,0.19,0.85,0.7,0.09,面食,19,一般
1482,12,4.55,23-27,男,0.18,0.16,0.41,0.65,无特殊要求,中,小吃,0.74,0.02,0.65,0.21,猪肉,11,一般
1304,12,2.6,23-27,女,0.37,0.98,0.43,0.15,荤素搭配,高,小吃,0.74,0.02,0.65,0.21,猪肉,11,一般
1293,1,2.89,28-35,男,0.75,0.06,0.71,0.53,素食,低,主食,0.71,0.15,0.46,0.04,鸡肉,15,健康
1463,13,4.8,28-35,女,0.5,0.27,0.03,0.82,素食,低,汤,0.7,0.31,0.87,0.34,蔬菜,13,一般
1300,14,5.0,23-27,男,0.27,0.37,0.07,0.04,无特殊要求,低,小吃,0.62,0.29,0.92,0.78,猪肉,11,健康
1228,2,1.95,28-35,男,0.08,0.47,0.8,0.79,素食,低,主食,0.02,0.44,0.25,0.68,猪肉,11,健康
1271,12,2.31,23-27,男,0.29,0.08,0.01,0.43,素食,高,小吃,0.74,0.02,0.65,0.21,面食,11,一般
1043,16,4.88,18-22,女,0.45,0.74,0.47,0.23,荤素搭配,低,小吃,0.74,0.02,0.96,0.34,牛肉,11,一般
1432,4,4.68,28-35,女,0.17,0.53,0.34,0.66,素食,中,主食,0.37,0.27,0.39,0.16,面食,19,健康
1343,8,4.6,23-27,女,0.34,0.03,0.54,0.39,素食,低,小吃,0.05,0.11,0.52,0.76,面食,9,健康
1326,2,1.54,28-35,女,0.47,0.2,0.86,0.32,素食,中,主食,0.02,0.44,0.25,0.68,猪肉,18,健康
1302,10,3.98,23-27,女,0.31,0.21,0.97,0.14,素食,低,炒菜,0.1,0.34,0.75,0.63,面食,6,不健康
1498,9,5.0,18-22,女,0.04,1.0,0.51,0.35,荤素搭配,中,小吃,0.33,0.38,0.93,0.21,蔬菜,12,不健康
1364,15,4.1,18-22,女,0.12,0.27,0.6,0.67,荤素搭配,中,炒菜,0.24,0.95,0.36,0.65,蔬菜,7,一般
1379,13,5.0,28-35,女,0.06,0.56,0.08,0.9,素食,低,汤,0.7,0.31,0.87,0.34,蔬菜,13,一般
1427,17,5.0,28-35,男,0.97,0.29,0.12,0.85,素食,低,汤,0.19,0.85,0.7,0.09,猪肉,5,一般
1493,16,5.0,23-27,女,0.36,0.76,0.42,0.3,素食,中,小吃,0.74,0.02,0.96,0.34,面食,11,一般
1021,2,2.78,18-22,女,0.34,0.44,0.71,0.59,无特殊要求,中,主食,0.02,0.44,0.25,0.68,面食,18,健康
1407,20,4.93,23-27,女,0.17,0.37,0.42,0.3,荤素搭配,中,主食,0.36,0.78,0.97,0.58,面食,5,不健康
1107,20,2.93,28-35,女,0.17,0.72,0.88,0.32,素食,低,主食,0.36,0.78,0.97,0.58,面食,5,不健康
1336,14,5.0,18-22,男,0.68,0.33,0.86,0.49,荤素搭配,高,小吃,0.62,0.29,0.92,0.78,蔬菜,11,健康
1303,3,2.64,18-22,女,0.1,0.11,0.57,0.78,荤素搭配,高,小吃,0.72,0.9,0.76,0.05,蔬菜,19,不健康
1117,12,5.0,28-35,男,0.14,0.23,0.91,0.04,素食,中,小吃,0.74,0.02,0.65,0.21,猪肉,11,一般
1124,8,5.0,28-35,男,0.09,0.13,0.5,0.11,素食,中,小吃,0.05,0.11,0.52,0.76,猪肉,9,健康
1399,2,4.75,18-22,男,0.43,0.24,0.06,0.7,无特殊要求,高,主食,0.02,0.44,0.25,0.68,猪肉,18,健康
1281,4,2.46,28-35,女,0.11,0.91,0.19,0.61,素食,高,主食,0.37,0.27,0.39,0.16,面食,19,健康
1292,14,3.32,28-35,男,0.4,0.37,0.28,0.91,素食,中,小吃,0.62,0.29,0.92,0.78,蔬菜,11,健康
1203,16,5.0,18-22,男,0.62,0.07,0.84,0.17,荤素搭配,中,小吃,0.74,0.02,0.96,0.34,牛肉,11,一般
1051,19,2.81,28-35,女,0.43,0.51,0.4,0.12,素食,低,小吃,0.74,0.34,0.36,0.51,面食,13,不健康
1271,2,2.34,23-27,男,0.29,0.08,0.01,0.43,素食,高,主食,0.02,0.44,0.25,0.68,蔬菜,18,健康
1324,12,4.69,18-22,男,0.84,0.1,0.02,0.19,荤素搭配,高,小吃,0.74,0.02,0.65,0.21,猪肉,11,一般
1277,14,4.34,23-27,男,0.68,0.35,0.31,0.68,荤素搭配,中,小吃,0.62,0.29,0.92,0.78,猪肉,11,健康
1141,6,1.04,23-27,男,0.05,0.01,0.02,0.01,荤素搭配,中,炒菜,0.45,0.52,0.52,0.69,面食,7,不健康
1470,13,3.68,23-27,男,0.7,0.23,0.0,0.34,荤素搭配,高,汤,0.7,0.31,0.87,0.34,蔬菜,13,一般
1275,4,2.67,28-35,男,0.63,0.3,0.27,0.51,素食,低,主食,0.37,0.27,0.39,0.16,牛肉,14,健康
1290,18,5.0,18-22,女,0.05,0.61,0.15,0.83,无特殊要求,中,汤,0.12,0.72,0.07,0.92,猪肉,12,不健康
1334,12,1.55,18-22,男,0.09,0.08,0.43,0.95,无特殊要求,中,小吃,0.74,0.02,0.65,0.21,猪肉,11,一般
1381,20,2.17,23-27,女,0.46,0.57,0.31,0.22,素食,高,主食,0.36,0.78,0.97,0.58,面食,19,不健康
1452,19,5.0,18-22,男,0.64,0.3,0.18,0.96,荤素搭配,低,小吃,0.74,0.34,0.36,0.51,鸡肉,12,不健康
1496,8,2.29,28-35,男,0.94,0.1,0.96,0.84,素食,高,小吃,0.05,0.11,0.52,0.76,猪肉,11,健康
1373,7,5.0,23-27,女,0.46,0.15,0.84,0.94,无特殊要求,低,汤,0.05,0.71,0.58,0.2,面食,12,不健康
1052,16,1.55,18-22,女,0.42,0.07,0.1,0.42,无特殊要求,低,小吃,0.74,0.02,0.96,0.34,牛肉,11,一般
1494,19,3.45,18-22,女,0.47,0.09,0.05,0.11,荤素搭配,低,小吃,0.74,0.34,0.36,0.51,鸡肉,7,不健康
1027,6,2.61,28-35,男,0.51,0.46,0.95,0.94,素食,低,炒菜,0.45,0.52,0.52,0.69,面食,7,不健康
1157,20,5.0,28-35,女,0.46,0.77,0.92,0.53,素食,中,主食,0.36,0.78,0.97,0.58,面食,5,不健康
1239,11,5.0,28-35,女,0.15,0.38,0.63,0.55,素食,高,汤,0.42,0.96,0.73,0.06,牛肉,12,健康
1156,5,1.52,18-22,男,0.94,0.16,0.04,0.45,荤素搭配,高,汤,0.1,0.52,0.72,0.7,面食,14,一般
1291,16,5.0,23-27,女,0.36,0.28,0.84,0.05,无特殊要求,高,小吃,0.74,0.02,0.96,0.34,牛肉,11,一般
1136,7,4.34,23-27,男,0.04,0.24,0.11,0.53,荤素搭配,低,汤,0.05,0.71,0.58,0.2,面食,12,不健康
1144,5,2.12,28-35,男,0.68,0.3,0.56,0.71,素食,低,汤,0.1,0.52,0.72,0.7,蔬菜,14,一般
1106,11,1.89,23-27,男,0.49,0.34,0.42,0.93,荤素搭配,高,汤,0.42,0.96,0.73,0.06,牛肉,15,健康
1420,15,4.47,28-35,男,0.49,0.11,0.08,0.34,素食,低,炒菜,0.24,0.95,0.36,0.65,鸡肉,7,一般
1158,3,5.0,18-22,女,0.1,0.59,0.78,0.09,荤素搭配,高,小吃,0.72,0.9,0.76,0.05,蔬菜,19,不健康
1146,5,5.0,23-27,女,0.18,0.43,0.64,0.82,荤素搭配,高,汤,0.1,0.52,0.72,0.7,牛肉,14,一般
1002,5,5.0,18-22,女,0.12,0.66,0.04,0.84,无特殊要求,高,汤,0.1,0.52,0.72,0.7,牛肉,14,一般
1433,9,4.54,28-35,女,0.31,0.56,0.06,0.17,素食,低,小吃,0.33,0.38,0.93,0.21,蔬菜,12,不健康
1077,15,5.0,18-22,女,0.46,0.85,0.38,0.74,无特殊要求,低,炒菜,0.24,0.95,0.36,0.65,鸡肉,7,一般
1132,3,3.82,28-35,男,0.21,0.31,0.48,0.45,素食,低,小吃,0.72,0.9,0.76,0.05,蔬菜,9,不健康
1090,6,1.75,18-22,男,0.43,0.02,0.26,0.0,无特殊要求,中,炒菜,0.45,0.52,0.52,0.69,面食,7,不健康
1345,17,1.54,23-27,女,0.02,0.22,0.26,0.21,荤素搭配,高,汤,0.19,0.85,0.7,0.09,猪肉,19,一般
1350,8,2.8,23-27,男,0.39,0.39,0.45,0.6,荤素搭配,高,小吃,0.05,0.11,0.52,0.76,猪肉,15,健康
1459,11,4.29,23-27,男,0.83,0.43,0.64,0.95,无特殊要求,高,汤,0.42,0.96,0.73,0.06,牛肉,18,健康
1263,6,5.0,23-27,女,0.29,0.31,0.56,0.53,荤素搭配,低,炒菜,0.45,0.52,0.52,0.69,面食,7,不健康
1351,8,4.81,18-22,男,0.9,0.03,0.89,0.27,荤素搭配,低,小吃,0.05,0.11,0.52,0.76,猪肉,9,健康
1108,10,4.01,23-27,女,0.38,0.61,0.62,0.48,荤素搭配,高,炒菜,0.1,0.34,0.75,0.63,牛肉,19,不健康
1074,3,5.0,23-27,男,1.0,0.31,0.88,0.68,无特殊要求,低,小吃,0.72,0.9,0.76,0.05,蔬菜,10,不健康
1039,14,3.58,28-35,女,0.43,0.77,0.43,0.76,素食,低,小吃,0.62,0.29,0.92,0.78,猪肉,11,健康
1397,14,5.0,28-35,男,0.17,0.46,0.96,0.41,素食,低,小吃,0.62,0.29,0.92,0.78,猪肉,11,健康
1159,10,2.02,28-35,女,0.17,0.01,0.59,0.89,素食,中,炒菜,0.1,0.34,0.75,0.63,牛肉,19,不健康
1071,12,3.82,23-27,男,0.4,0.25,0.48,0.94,荤素搭配,低,小吃,0.74,0.02,0.65,0.21,猪肉,11,一般
1447,6,1.59,23-27,男,0.52,0.07,0.11,0.38,荤素搭配,低,炒菜,0.45,0.52,0.52,0.69,面食,7,不健康
1312,12,5.0,18-22,男,0.78,0.02,0.82,0.3,荤素搭配,中,小吃,0.74,0.02,0.65,0.21,面食,11,一般
1241,14,4.24,18-22,男,0.75,0.4,0.36,0.37,无特殊要求,低,小吃,0.62,0.29,0.92,0.78,猪肉,11,健康
1426,2,5.0,18-22,女,0.26,0.79,0.89,0.55,无特殊要求,中,主食,0.02,0.44,0.25,0.68,蔬菜,18,健康
1445,9,5.0,23-27,男,0.92,0.34,0.91,0.94,素食,低,小吃,0.33,0.38,0.93,0.21,蔬菜,12,不健康
1298,10,4.7,23-27,男,0.36,0.39,0.16,0.54,无特殊要求,低,炒菜,0.1,0.34,0.75,0.63,牛肉,10,不健康
1440,17,4.3,28-35,男,0.2,0.06,0.24,0.43,素食,高,汤,0.19,0.85,0.7,0.09,蔬菜,19,一般
1036,17,5.0,23-27,女,0.14,0.18,0.86,0.39,荤素搭配,高,汤,0.19,0.85,0.7,0.09,猪肉,19,一般
1084,3,5.0,28-35,男,0.71,0.26,0.12,0.81,素食,低,小吃,0.72,0.9,0.76,0.05,蔬菜,14,不健康
1452,19,5.0,18-22,男,0.64,0.06,0.18,0.96,荤素搭配,低,小吃,0.74,0.34,0.36,0.51,鸡肉,13,不健康
1374,1,1.32,23-27,女,0.14,0.49,0.26,0.75,素食,高,主食,0.71,0.15,0.46,0.04,蔬菜,15,健康
1263,12,5.0,23-27,女,0.4,0.31,0.56,0.53,荤素搭配,低,小吃,0.74,0.02,0.65,0.21,猪肉,11,一般
1310,7,4.2,18-22,男,0.23,0.12,0.01,0.51,无特殊要求,高,汤,0.05,0.71,0.58,0.2,面食,12,不健康
1385,4,2.42,28-35,男,0.19,0.31,0.25,0.09,素食,高,主食,0.37,0.27,0.39,0.16,牛肉,19,健康
1172,10,5.0,28-35,男,0.06,0.12,0.5,0.34,素食,中,炒菜,0.1,0.34,0.75,0.63,牛肉,19,不健康
1376,13,3.04,23-27,男,0.8,0.46,0.33,0.16,荤素搭配,低,汤,0.7,0.31,0.87,0.34,蔬菜,13,一般
1173,2,4.73,28-35,女,0.3,0.07,0.9,0.69,素食,高,主食,0.02,0.44,0.25,0.68,蔬菜,18,健康
1362,10,5.0,23-27,女,0.18,0.29,0.46,0.29,荤素搭配,中,炒菜,0.1,0.34,0.75,0.63,牛肉,19,不健康
1047,4,1.6,28-35,女,0.17,0.65,0.61,0.79,素食,低,主食,0.37,0.27,0.39,0.16,牛肉,14,健康
1379,18,2.24,28-35,女,0.06,0.56,0.08,0.9,素食,低,汤,0.12,0.72,0.07,0.92,猪肉,12,不健康
1141,5,2.03,23-27,男,0.05,0.01,0.02,0.01,荤素搭配,中,汤,0.1,0.52,0.72,0.7,牛肉,14,一般
1375,19,1.99,23-27,男,0.72,0.14,0.88,0.18,无特殊要求,高,小吃,0.74,0.34,0.36,0.51,鸡肉,18,不健康
1406,2,1.43,23-27,女,0.02,0.38,0.11,0.35,素食,中,主食,0.02,0.44,0.25,0.68,蔬菜,18,健康
1118,12,1.68,18-22,女,0.22,0.31,0.62,0.53,荤素搭配,低,小吃,0.74,0.02,0.65,0.21,蔬菜,11,一般
1277,17,4.7,23-27,男,0.68,0.35,0.31,0.68,荤素搭配,中,汤,0.19,0.85,0.7,0.09,猪肉,19,一般
1214,10,2.34,18-22,男,0.56,0.21,0.79,0.58,荤素搭配,中,炒菜,0.1,0.34,0.75,0.63,牛肉,19,不健康
1220,2,3.54,18-22,男,0.21,0.07,0.29,0.63,无特殊要求,高,主食,0.02,0.44,0.25,0.68,蔬菜,18,健康
1393,6,5.0,18-22,女,0.42,0.18,0.92,0.76,荤素搭配,高,炒菜,0.45,0.52,0.52,0.69,面食,12,不健康
1026,8,1.21,18-22,女,0.14,0.71,0.07,0.11,荤素搭配,低,小吃,0.05,0.11,0.52,0.76,猪肉,9,健康
1009,19,1.69,23-27,男,0.28,0.23,0.87,0.17,素食,中,小吃,0.74,0.34,0.36,0.51,蔬菜,18,不健康
1271,11,1.23,23-27,男,0.29,0.08,0.01,0.43,素食,高,汤,0.42,0.96,0.73,0.06,面食,17,健康
1010,12,3.92,18-22,男,0.43,0.19,0.77,0.47,无特殊要求,中,小吃,0.74,0.02,0.65,0.21,面食,11,一般
1472,9,1.48,18-22,女,0.36,0.17,0.11,0.91,无特殊要求,高,小吃,0.33,0.38,0.93,0.21,蔬菜,12,不健康
1378,2,1.7,18-22,男,0.11,0.07,0.74,0.71,荤素搭配,中,主食,0.02,0.44,0.25,0.68,猪肉,18,健康
1121,8,5.0,23-27,女,0.26,0.33,0.65,0.28,素食,低,小吃,0.05,0.11,0.52,0.76,蔬菜,9,健康
1125,11,3.82,28-35,男,0.35,0.15,0.64,0.95,素食,低,汤,0.42,0.96,0.73,0.06,牛肉,6,健康
1170,4,3.28,28-35,女,0.0,0.72,0.11,0.24,素食,低,主食,0.37,0.27,0.39,0.16,牛肉,6,健康
1072,10,2.11,23-27,男,0.29,0.42,0.79,0.55,荤素搭配,低,炒菜,0.1,0.34,0.75,0.63,牛肉,6,不健康
1152,20,3.78,23-27,女,0.34,0.19,0.16,0.24,荤素搭配,中,主食,0.36,0.78,0.97,0.58,面食,5,不健康
1208,16,3.41,18-22,男,0.54,0.24,0.85,0.56,荤素搭配,低,小吃,0.74,0.02,0.96,0.34,面食,11,一般
1049,8,3.95,28-35,男,0.55,0.15,0.45,0.88,素食,低,小吃,0.05,0.11,0.52,0.76,面食,9,健康
1154,4,3.69,28-35,女,0.31,0.92,0.66,0.44,素食,低,主食,0.37,0.27,0.39,0.16,面食,7,健康
1347,10,3.57,23-27,女,0.05,0.39,0.43,0.08,素食,中,炒菜,0.1,0.34,0.75,0.63,面食,19,不健康
1293,12,5.0,28-35,男,0.75,0.06,0.71,0.53,素食,低,小吃,0.74,0.02,0.65,0.21,猪肉,11,一般
1068,14,5.0,28-35,男,0.18,0.49,0.73,0.31,素食,高,小吃,0.62,0.29,0.92,0.78,猪肉,11,健康
1050,16,4.96,18-22,男,0.42,0.32,0.59,0.19,荤素搭配,低,小吃,0.74,0.02,0.96,0.34,面食,11,一般
1152,18,3.48,23-27,女,0.21,0.19,0.16,0.24,荤素搭配,中,汤,0.12,0.72,0.07,0.92,猪肉,12,不健康
1019,12,2.93,18-22,女,0.16,0.26,0.25,0.97,荤素搭配,高,小吃,0.74,0.02,0.65,0.21,猪肉,11,一般
1100,18,3.75,18-22,男,0.81,0.38,0.79,0.35,无特殊要求,低,汤,0.12,0.72,0.07,0.92,猪肉,12,不健康
1060,7,2.02,23-27,男,0.44,0.48,0.83,0.9,无特殊要求,中,汤,0.05,0.71,0.58,0.2,面食,12,不健康
1167,20,3.48,23-27,男,0.4,0.33,0.62,0.83,素食,低,主食,0.36,0.78,0.97,0.58,面食,5,不健康
1202,7,5.0,18-22,女,0.33,0.89,0.85,0.21,荤素搭配,中,汤,0.05,0.71,0.58,0.2,面食,12,不健康
1345,9,5.0,23-27,女,0.18,0.22,0.26,0.21,荤素搭配,高,小吃,0.33,0.38,0.93,0.21,蔬菜,12,不健康
1146,1,2.8,23-27,女,0.35,0.43,0.64,0.82,荤素搭配,高,主食,0.71,0.15,0.46,0.04,鸡肉,15,健康
1403,6,5.0,23-27,男,0.1,0.09,0.96,0.43,素食,高,炒菜,0.45,0.52,0.52,0.69,面食,11,不健康
1164,6,3.38,23-27,女,0.25,0.91,0.01,0.81,素食,高,炒菜,0.45,0.52,0.52,0.69,面食,15,不健康
1458,12,2.92,18-22,男,0.67,0.18,0.44,0.63,无特殊要求,低,小吃,0.74,0.02,0.65,0.21,猪肉,11,一般
1481,12,3.7,18-22,男,0.56,0.31,0.2,0.67,无特殊要求,高,小吃,0.74,0.02,0.65,0.21,猪肉,11,一般
1439,10,1.64,23-27,男,1.0,0.0,0.03,0.82,荤素搭配,高,炒菜,0.1,0.34,0.75,0.63,牛肉,19,不健康
1242,6,5.0,23-27,男,0.88,0.04,0.99,0.66,素食,低,炒菜,0.45,0.52,0.52,0.69,面食,7,不健康
1069,17,4.99,18-22,男,0.83,0.44,0.39,0.56,无特殊要求,高,汤,0.19,0.85,0.7,0.09,猪肉,19,一般
1175,19,3.22,18-22,女,0.42,0.7,0.76,0.78,荤素搭配,中,小吃,0.74,0.34,0.36,0.51,鸡肉,18,不健康
1049,18,5.0,28-35,男,0.55,0.15,0.45,0.88,素食,低,汤,0.12,0.72,0.07,0.92,面食,12,不健康
1483,6,3.55,28-35,女,0.29,0.94,0.0,0.89,素食,低,炒菜,0.45,0.52,0.52,0.69,面食,7,不健康
1108,19,1.96,23-27,女,0.38,0.61,0.62,0.48,荤素搭配,高,小吃,0.74,0.34,0.36,0.51,鸡肉,18,不健康
1226,10,5.0,23-27,男,0.3,0.43,0.19,0.11,无特殊要求,中,炒菜,0.1,0.34,0.75,0.63,牛肉,19,不健康
1161,8,4.8,28-35,女,0.02,0.31,0.97,0.29,素食,高,小吃,0.05,0.11,0.52,0.76,猪肉,17,健康
1119,6,2.65,18-22,女,0.22,0.16,0.24,0.5,无特殊要求,高,炒菜,0.45,0.52,0.52,0.69,面食,19,不健康
1149,7,1.43,18-22,男,0.4,0.18,0.36,0.37,荤素搭配,低,汤,0.05,0.71,0.58,0.2,面食,12,不健康
1465,1,5.0,28-35,男,0.97,0.36,0.6,0.61,素食,中,主食,0.71,0.15,0.46,0.04,鸡肉,15,健康
1150,18,3.51,23-27,男,0.99,0.05,0.11,0.73,素食,低,汤,0.12,0.72,0.07,0.92,面食,12,不健康
1432,20,3.42,28-35,女,0.14,0.53,0.34,0.66,素食,中,主食,0.36,0.78,0.97,0.58,面食,5,不健康
1293,12,5.0,28-35,男,0.75,0.06,0.71,0.53,素食,低,小吃,0.74,0.02,0.65,0.21,猪肉,11,一般
1143,16,2.05,18-22,女,0.31,0.13,0.55,0.86,无特殊要求,高,小吃,0.74,0.02,0.96,0.34,蔬菜,11,一般
1419,10,4.23,28-35,男,0.21,0.02,0.8,0.55,素食,中,炒菜,0.1,0.34,0.75,0.63,牛肉,19,不健康
1476,10,2.69,18-22,女,0.25,0.97,0.17,0.22,荤素搭配,低,炒菜,0.1,0.34,0.75,0.63,蔬菜,5,不健康
1455,14,5.0,28-35,女,0.41,0.55,0.0,0.04,素食,高,小吃,0.62,0.29,0.92,0.78,猪肉,11,健康
1160,20,5.0,18-22,女,0.4,0.98,0.06,0.9,无特殊要求,高,主食,0.36,0.78,0.97,0.58,面食,18,不健康
1011,10,5.0,23-27,女,0.35,0.36,0.85,0.55,荤素搭配,低,炒菜,0.1,0.34,0.75,0.63,牛肉,5,不健康
1138,10,3.53,18-22,女,0.09,0.81,0.84,0.91,荤素搭配,低,炒菜,0.1,0.34,0.75,0.63,牛肉,12,不健康
1457,11,2.63,23-27,女,0.36,0.42,0.1,0.04,荤素搭配,高,汤,0.42,0.96,0.73,0.06,牛肉,11,健康
1078,2,2.7,28-35,女,0.47,0.38,0.14,0.71,素食,低,主食,0.02,0.44,0.25,0.68,面食,14,健康
1077,20,4.68,18-22,女,0.45,0.85,0.38,0.74,无特殊要求,低,主食,0.36,0.78,0.97,0.58,面食,5,不健康
1441,8,2.61,23-27,女,0.19,0.62,0.24,0.5,无特殊要求,中,小吃,0.05,0.11,0.52,0.76,猪肉,9,健康
1254,7,1.15,18-22,男,0.33,0.08,0.07,0.2,荤素搭配,低,汤,0.05,0.71,0.58,0.2,面食,12,不健康
1409,8,5.0,28-35,男,0.27,0.29,0.57,0.46,素食,中,小吃,0.05,0.11,0.52,0.76,猪肉,9,健康
1258,1,3.23,18-22,男,0.97,0.2,0.9,0.33,荤素搭配,高,主食,0.71,0.15,0.46,0.04,面食,15,健康
1320,2,3.64,18-22,男,0.06,0.26,0.21,0.39,无特殊要求,中,主食,0.02,0.44,0.25,0.68,面食,18,健康
1291,18,5.0,23-27,女,0.36,0.28,0.84,0.05,无特殊要求,高,汤,0.12,0.72,0.07,0.92,猪肉,12,不健康
1263,15,4.98,23-27,女,0.1,0.31,0.56,0.53,荤素搭配,低,炒菜,0.24,0.95,0.36,0.65,鸡肉,7,一般
1085,1,2.62,28-35,女,0.48,0.45,0.42,0.51,素食,高,主食,0.71,0.15,0.46,0.04,鸡肉,15,健康
1146,5,5.0,23-27,女,0.26,0.43,0.64,0.82,荤素搭配,高,汤,0.1,0.52,0.72,0.7,牛肉,14,一般
1323,2,4.97,23-27,女,0.1,0.66,0.54,0.77,素食,中,主食,0.02,0.44,0.25,0.68,面食,18,健康
1042,20,4.66,28-35,女,0.24,0.8,0.43,0.92,素食,中,主食,0.36,0.78,0.97,0.58,面食,5,不健康
1374,3,1.78,23-27,女,0.14,0.49,0.26,0.75,素食,高,小吃,0.72,0.9,0.76,0.05,蔬菜,19,不健康
1125,19,3.02,28-35,男,0.35,0.15,0.64,0.95,素食,低,小吃,0.74,0.34,0.36,0.51,鸡肉,12,不健康
1167,18,2.09,23-27,男,0.4,0.33,0.62,0.83,素食,低,汤,0.12,0.72,0.07,0.92,面食,12,不健康
1425,18,4.29,18-22,女,0.04,0.86,0.6,0.57,无特殊要求,低,汤,0.12,0.72,0.07,0.92,猪肉,12,不健康
1241,14,5.0,18-22,男,0.75,0.06,0.36,0.37,无特殊要求,低,小吃,0.62,0.29,0.92,0.78,猪肉,11,健康
1459,8,5.0,23-27,男,0.83,0.43,0.64,0.95,无特殊要求,高,小吃,0.05,0.11,0.52,0.76,猪肉,19,健康
1487,12,3.31,28-35,女,0.05,0.0,0.35,0.24,素食,高,小吃,0.74,0.02,0.65,0.21,猪肉,11,一般
1280,10,4.21,23-27,女,0.05,0.2,0.79,0.78,无特殊要求,中,炒菜,0.1,0.34,0.75,0.63,牛肉,19,不健康
1188,20,4.05,23-27,男,0.85,0.27,0.95,0.51,荤素搭配,低,主食,0.36,0.78,0.97,0.58,面食,5,不健康
1302,17,5.0,23-27,女,0.3,0.21,0.97,0.14,素食,低,汤,0.19,0.85,0.7,0.09,面食,10,一般
1019,11,1.81,18-22,女,0.36,0.26,0.25,0.97,荤素搭配,高,汤,0.42,0.96,0.73,0.06,牛肉,18,健康
1068,2,1.67,28-35,男,0.18,0.3,0.73,0.31,素食,高,主食,0.02,0.44,0.25,0.68,猪肉,18,健康
1218,4,5.0,23-27,女,0.05,0.19,0.55,0.02,无特殊要求,低,主食,0.37,0.27,0.39,0.16,牛肉,13,健康
1102,1,5.0,23-27,女,0.24,0.21,0.97,0.03,无特殊要求,低,主食,0.71,0.15,0.46,0.04,鸡肉,15,健康
1042,15,3.57,28-35,女,0.24,0.8,0.43,0.92,素食,中,炒菜,0.24,0.95,0.36,0.65,鸡肉,7,一般
1288,13,4.12,28-35,女,0.21,0.81,0.77,0.15,素食,高,汤,0.7,0.31,0.87,0.34,蔬菜,13,一般
1167,8,2.01,23-27,男,0.4,0.33,0.62,0.83,素食,低,小吃,0.05,0.11,0.52,0.76,面食,9,健康
1109,4,2.8,28-35,男,0.4,0.45,0.82,0.43,素食,低,主食,0.37,0.27,0.39,0.16,牛肉,9,健康
1494,10,5.0,18-22,女,0.47,0.09,0.05,0.11,荤素搭配,低,炒菜,0.1,0.34,0.75,0.63,牛肉,14,不健康
1036,19,5.0,23-27,女,0.14,0.18,0.86,0.39,荤素搭配,高,小吃,0.74,0.34,0.36,0.51,鸡肉,18,不健康
1232,18,1.34,23-27,女,0.27,0.27,0.11,0.11,素食,高,汤,0.12,0.72,0.07,0.92,面食,12,不健康
1229,5,5.0,28-35,女,0.32,0.35,0.45,0.59,素食,低,汤,0.1,0.52,0.72,0.7,牛肉,14,一般
1353,19,5.0,18-22,女,0.38,0.08,0.14,0.16,荤素搭配,中,小吃,0.74,0.34,0.36,0.51,面食,18,不健康
1164,16,4.87,23-27,女,0.44,0.91,0.01,0.81,素食,高,小吃,0.74,0.02,0.96,0.34,蔬菜,11,一般
1387,1,3.17,28-35,男,0.14,0.17,0.05,0.66,素食,中,主食,0.71,0.15,0.46,0.04,鸡肉,15,健康
1073,12,5.0,18-22,女,0.47,0.05,0.4,0.27,无特殊要求,中,小吃,0.74,0.02,0.65,0.21,猪肉,11,一般
1136,2,4.49,23-27,男,0.04,0.24,0.11,0.53,荤素搭配,低,主食,0.02,0.44,0.25,0.68,猪肉,5,健康
1353,8,2.24,18-22,女,0.23,0.08,0.14,0.16,荤素搭配,中,小吃,0.05,0.11,0.52,0.76,面食,9,健康
1379,18,5.0,28-35,女,0.06,0.56,0.08,0.9,素食,低,汤,0.12,0.72,0.07,0.92,猪肉,12,不健康
1070,16,2.93,28-35,女,0.42,0.17,0.4,0.34,素食,低,小吃,0.74,0.02,0.96,0.34,牛肉,11,一般
1425,5,5.0,18-22,女,0.21,0.86,0.6,0.57,无特殊要求,低,汤,0.1,0.52,0.72,0.7,牛肉,14,一般
1487,13,1.42,28-35,女,0.05,0.0,0.35,0.24,素食,高,汤,0.7,0.31,0.87,0.34,蔬菜,13,一般
1196,19,4.79,23-27,女,0.18,0.77,0.95,0.1,素食,中,小吃,0.74,0.34,0.36,0.51,蔬菜,18,不健康
1269,3,5.0,23-27,男,0.39,0.49,0.99,0.21,荤素搭配,高,小吃,0.72,0.9,0.76,0.05,蔬菜,19,不健康
1049,8,1.95,28-35,男,0.55,0.15,0.45,0.88,素食,低,小吃,0.05,0.11,0.52,0.76,蔬菜,9,健康
1316,12,3.66,18-22,女,0.14,0.55,0.61,0.71,荤素搭配,中,小吃,0.74,0.02,0.65,0.21,蔬菜,11,一般
1130,2,4.49,23-27,女,0.14,0.57,0.41,0.19,荤素搭配,中,主食,0.02,0.44,0.25,0.68,猪肉,18,健康
1444,11,2.86,23-27,男,0.73,0.18,0.51,0.09,无特殊要求,高,汤,0.42,0.96,0.73,0.06,牛肉,16,健康
1005,12,5.0,28-35,女,0.19,0.41,0.42,0.7,素食,中,小吃,0.74,0.02,0.65,0.21,蔬菜,11,一般
1428,18,3.44,18-22,男,0.5,0.39,0.61,0.06,荤素搭配,中,汤,0.12,0.72,0.07,0.92,猪肉,12,不健康
1027,13,3.65,28-35,男,0.51,0.46,0.95,0.94,素食,低,汤,0.7,0.31,0.87,0.34,蔬菜,13,一般
1160,5,3.25,18-22,女,0.49,0.98,0.06,0.9,无特殊要求,高,汤,0.1,0.52,0.72,0.7,牛肉,14,一般
1149,12,1.61,18-22,男,0.4,0.18,0.36,0.37,荤素搭配,低,小吃,0.74,0.02,0.65,0.21,猪肉,11,一般
1264,2,5.0,28-35,男,0.82,0.2,0.41,0.76,素食,低,主食,0.02,0.44,0.25,0.68,猪肉,5,健康
1230,5,2.12,18-22,女,0.25,0.33,0.92,0.27,无特殊要求,中,汤,0.1,0.52,0.72,0.7,牛肉,14,一般
1200,7,5.0,28-35,男,0.77,0.36,0.93,0.43,素食,高,汤,0.05,0.71,0.58,0.2,面食,12,不健康
1050,12,1.75,18-22,男,0.42,0.11,0.59,0.19,荤素搭配,低,小吃,0.74,0.02,0.65,0.21,蔬菜,11,一般
1067,16,5.0,18-22,男,0.22,0.34,0.43,0.7,无特殊要求,中,小吃,0.74,0.02,0.96,0.34,牛肉,11,一般
1300,8,4.19,23-27,男,0.27,0.45,0.07,0.04,无特殊要求,低,小吃,0.05,0.11,0.52,0.76,猪肉,9,健康
1381,9,2.82,23-27,女,0.01,0.57,0.31,0.22,素食,高,小吃,0.33,0.38,0.93,0.21,蔬菜,12,不健康
1058,15,5.0,23-27,女,0.43,0.5,0.93,0.89,素食,高,炒菜,0.24,0.95,0.36,0.65,蔬菜,13,一般
1259,5,4.79,23-27,女,0.41,0.1,0.05,0.86,素食,高,汤,0.1,0.52,0.72,0.7,蔬菜,14,一般
1342,13,3.91,23-27,女,0.19,0.11,0.12,0.59,素食,高,汤,0.7,0.31,0.87,0.34,蔬菜,13,一般
1326,5,2.04,28-35,女,0.33,0.2,0.86,0.32,素食,中,汤,0.1,0.52,0.72,0.7,牛肉,14,一般
1130,11,4.1,23-27,女,0.47,0.57,0.41,0.19,荤素搭配,中,汤,0.42,0.96,0.73,0.06,牛肉,6,健康
1215,10,4.91,18-22,男,0.65,0.49,0.43,0.33,荤素搭配,高,炒菜,0.1,0.34,0.75,0.63,牛肉,19,不健康
1172,20,3.8,28-35,男,0.06,0.12,0.5,0.34,素食,中,主食,0.36,0.78,0.97,0.58,面食,5,不健康
1258,13,4.81,18-22,男,0.97,0.37,0.9,0.33,荤素搭配,高,汤,0.7,0.31,0.87,0.34,蔬菜,13,一般
1102,9,5.0,23-27,女,0.24,0.21,0.97,0.03,无特殊要求,低,小吃,0.33,0.38,0.93,0.21,蔬菜,12,不健康
1209,14,3.3,18-22,男,0.21,0.3,0.36,0.84,无特殊要求,中,小吃,0.62,0.29,0.92,0.78,猪肉,11,健康
1291,18,5.0,23-27,女,0.36,0.28,0.84,0.05,无特殊要求,高,汤,0.12,0.72,0.07,0.92,猪肉,12,不健康
1354,15,2.77,18-22,女,0.14,0.74,0.86,0.94,荤素搭配,高,炒菜,0.24,0.95,0.36,0.65,面食,16,一般
1471,10,5.0,23-27,女,0.28,0.69,0.4,0.19,无特殊要求,高,炒菜,0.1,0.34,0.75,0.63,牛肉,19,不健康
1286,7,1.32,18-22,女,0.48,0.06,0.19,0.66,无特殊要求,中,汤,0.05,0.71,0.58,0.2,面食,12,不健康
1116,8,5.0,23-27,男,0.83,0.17,0.02,0.34,素食,高,小吃,0.05,0.11,0.52,0.76,蔬菜,19,健康
1264,3,4.82,28-35,男,0.82,0.31,0.41,0.76,素食,低,小吃,0.72,0.9,0.76,0.05,蔬菜,5,不健康
1150,15,3.69,23-27,男,0.99,0.35,0.11,0.73,素食,低,炒菜,0.24,0.95,0.36,0.65,蔬菜,7,一般
1300,16,3.3,23-27,男,0.27,0.03,0.07,0.04,无特殊要求,低,小吃,0.74,0.02,0.96,0.34,牛肉,11,一般
1442,4,2.85,23-27,女,0.18,0.82,0.32,0.98,无特殊要求,低,主食,0.37,0.27,0.39,0.16,牛肉,10,健康
1036,6,4.87,23-27,女,0.14,0.18,0.86,0.39,荤素搭配,高,炒菜,0.45,0.52,0.52,0.69,面食,14,不健康
1453,1,1.85,18-22,女,0.43,0.85,0.54,0.41,无特殊要求,低,主食,0.71,0.15,0.46,0.04,鸡肉,15,健康
1333,4,1.72,23-27,女,0.14,0.66,0.72,0.26,荤素搭配,高,主食,0.37,0.27,0.39,0.16,牛肉,19,健康
1477,11,4.66,28-35,女,0.08,0.09,0.44,0.58,素食,低,汤,0.42,0.96,0.73,0.06,蔬菜,6,健康
1287,12,5.0,28-35,女,0.18,0.25,0.33,0.54,素食,低,小吃,0.74,0.02,0.65,0.21,猪肉,11,一般
1303,5,5.0,18-22,女,0.1,0.11,0.57,0.78,荤素搭配,高,汤,0.1,0.52,0.72,0.7,牛肉,14,一般
1311,16,5.0,23-27,女,0.34,0.69,0.31,0.88,荤素搭配,低,小吃,0.74,0.02,0.96,0.34,牛肉,11,一般
1208,13,3.38,18-22,男,0.54,0.24,0.85,0.56,无特殊要求,低,汤,0.7,0.31,0.87,0.34,蔬菜,13,一般
1106,13,5.0,23-27,男,0.49,0.34,0.42,0.93,荤素搭配,高,汤,0.7,0.31,0.87,0.34,蔬菜,13,一般
1446,17,1.49,28-35,女,0.01,0.46,0.02,0.91,素食,高,汤,0.19,0.85,0.7,0.09,猪肉,19,一般
1158,7,3.89,18-22,女,0.1,0.59,0.78,0.09,荤素搭配,高,汤,0.05,0.71,0.58,0.2,面食,12,不健康
1121,8,2.62,23-27,女,0.23,0.33,0.65,0.28,素食,低,小吃,0.05,0.11,0.52,0.76,蔬菜,9,健康
1055,13,2.98,23-27,女,0.04,0.83,0.37,0.1,荤素搭配,低,汤,0.7,0.31,0.87,0.34,蔬菜,13,一般
1400,16,5.0,23-27,男,0.05,0.41,0.82,0.24,素食,中,小吃,0.74,0.02,0.96,0.34,蔬菜,11,一般
1012,4,3.91,23-27,女,0.02,0.9,0.9,0.33,荤素搭配,高,主食,0.37,0.27,0.39,0.16,牛肉,19,健康
1145,8,3.22,28-35,男,0.73,0.45,0.87,0.87,素食,高,小吃,0.05,0.11,0.52,0.76,猪肉,19,健康
1400,16,4.92,23-27,男,0.05,0.24,0.82,0.24,素食,中,小吃,0.74,0.02,0.96,0.34,面食,11,一般
1396,10,2.7,28-35,女,0.17,0.45,0.36,0.29,素食,低,炒菜,0.1,0.34,0.75,0.63,牛肉,10,不健康
1136,12,2.22,23-27,男,0.04,0.24,0.11,0.53,荤素搭配,低,小吃,0.74,0.02,0.65,0.21,猪肉,11,一般
1468,12,3.08,23-27,女,0.31,0.82,0.65,0.84,无特殊要求,低,小吃,0.74,0.02,0.65,0.21,猪肉,11,一般
1003,5,5.0,28-35,女,0.25,0.43,0.67,0.43,素食,中,汤,0.1,0.52,0.72,0.7,牛肉,14,一般
1144,16,3.29,28-35,男,0.68,0.3,0.56,0.71,素食,低,小吃,0.74,0.02,0.96,0.34,蔬菜,11,一般
1030,1,2.34,23-27,男,0.05,0.44,0.31,0.44,无特殊要求,低,主食,0.71,0.15,0.46,0.04,鸡肉,15,健康
1237,9,5.0,28-35,女,0.49,0.14,0.67,0.6,素食,低,小吃,0.33,0.38,0.93,0.21,蔬菜,12,不健康
1279,12,4.39,28-35,女,0.23,0.43,0.97,0.14,素食,中,小吃,0.74,0.02,0.65,0.21,蔬菜,11,一般
1348,5,2.07,18-22,女,0.03,0.7,0.44,0.55,无特殊要求,中,汤,0.1,0.52,0.72,0.7,牛肉,14,一般
1115,20,5.0,23-27,女,0.25,0.78,0.36,0.57,荤素搭配,高,主食,0.36,0.78,0.97,0.58,面食,17,不健康
1104,3,5.0,23-27,女,0.14,0.55,0.27,0.07,荤素搭配,中,小吃,0.72,0.9,0.76,0.05,蔬菜,19,不健康
1118,5,3.0,18-22,女,0.22,0.31,0.62,0.53,荤素搭配,低,汤,0.1,0.52,0.72,0.7,面食,14,一般
1005,2,2.78,28-35,女,0.12,0.41,0.42,0.7,素食,中,主食,0.02,0.44,0.25,0.68,面食,18,健康
1468,14,2.88,23-27,女,0.17,0.82,0.65,0.84,无特殊要求,低,小吃,0.62,0.29,0.92,0.78,猪肉,11,健康
1360,2,2.39,28-35,女,0.08,0.35,0.41,0.17,素食,低,主食,0.02,0.44,0.25,0.68,蔬菜,10,健康
1248,13,4.8,18-22,男,0.45,0.24,0.16,0.29,荤素搭配,低,汤,0.7,0.31,0.87,0.34,蔬菜,13,一般
1364,7,2.71,18-22,女,0.23,0.27,0.6,0.67,无特殊要求,中,汤,0.05,0.71,0.58,0.2,面食,12,不健康
1321,10,3.18,23-27,女,0.06,0.23,0.79,0.8,无特殊要求,低,炒菜,0.1,0.34,0.75,0.63,牛肉,14,不健康
1121,13,5.0,23-27,女,0.13,0.33,0.65,0.28,素食,低,汤,0.7,0.31,0.87,0.34,蔬菜,13,一般
1286,16,1.99,18-22,女,0.31,0.06,0.19,0.66,荤素搭配,中,小吃,0.74,0.02,0.96,0.34,蔬菜,11,一般
1149,14,4.92,18-22,男,0.4,0.18,0.36,0.37,荤素搭配,低,小吃,0.62,0.29,0.92,0.78,猪肉,11,健康
1084,11,5.0,28-35,男,0.71,0.49,0.12,0.81,素食,低,汤,0.42,0.96,0.73,0.06,牛肉,6,健康
1454,10,5.0,23-27,女,0.22,0.58,0.87,0.95,荤素搭配,低,炒菜,0.1,0.34,0.75,0.63,牛肉,11,不健康
1406,6,3.51,23-27,女,0.02,0.38,0.11,0.35,素食,中,炒菜,0.45,0.52,0.52,0.69,面食,7,不健康
1466,4,5.0,18-22,女,0.24,0.91,0.67,0.4,无特殊要求,高,主食,0.37,0.27,0.39,0.16,牛肉,19,健康
1456,1,2.3,28-35,女,0.2,0.19,0.25,0.3,素食,中,主食,0.71,0.15,0.46,0.04,鸡肉,15,健康
1231,7,5.0,18-22,男,0.99,0.09,0.46,0.61,荤素搭配,中,汤,0.05,0.71,0.58,0.2,面食,12,不健康
1288,9,2.12,28-35,女,0.21,0.81,0.77,0.15,素食,高,小吃,0.33,0.38,0.93,0.21,蔬菜,12,不健康
1161,8,1.8,28-35,女,0.06,0.31,0.97,0.29,素食,高,小吃,0.05,0.11,0.52,0.76,猪肉,18,健康
1272,5,5.0,28-35,女,0.41,0.99,0.47,0.26,素食,中,汤,0.1,0.52,0.72,0.7,牛肉,14,一般
1460,19,5.0,28-35,女,0.48,0.43,0.64,0.18,素食,低,小吃,0.74,0.34,0.36,0.51,蔬菜,14,不健康
1038,10,3.21,18-22,女,0.13,0.11,0.92,0.75,荤素搭配,低,炒菜,0.1,0.34,0.75,0.63,牛肉,11,不健康
1500,11,2.53,18-22,女,0.44,0.5,0.92,0.63,荤素搭配,低,汤,0.42,0.96,0.73,0.06,牛肉,6,健康
1226,15,2.62,23-27,男,0.3,0.43,0.19,0.11,无特殊要求,中,炒菜,0.24,0.95,0.36,0.65,鸡肉,7,一般
1142,6,3.97,23-27,男,0.11,0.24,0.22,0.99,荤素搭配,高,炒菜,0.45,0.52,0.52,0.69,面食,11,不健康
1292,15,2.14,28-35,男,0.4,0.37,0.28,0.91,素食,中,炒菜,0.24,0.95,0.36,0.65,面食,7,一般
1481,5,5.0,18-22,男,0.56,0.49,0.2,0.67,无特殊要求,高,汤,0.1,0.52,0.72,0.7,牛肉,14,一般
1151,19,3.58,18-22,男,0.05,0.03,0.11,0.97,无特殊要求,中,小吃,0.74,0.34,0.36,0.51,鸡肉,18,不健康
1114,19,5.0,18-22,男,0.3,0.43,1.0,0.63,荤素搭配,高,小吃,0.74,0.34,0.36,0.51,蔬菜,18,不健康
1237,10,2.98,28-35,女,0.49,0.14,0.67,0.6,素食,低,炒菜,0.1,0.34,0.75,0.63,面食,11,不健康
1066,12,2.09,23-27,女,0.46,0.21,0.86,0.06,无特殊要求,高,小吃,0.74,0.02,0.65,0.21,猪肉,11,一般
1361,4,3.68,23-27,男,0.2,0.3,0.92,0.39,荤素搭配,中,主食,0.37,0.27,0.39,0.16,牛肉,19,健康
1341,18,4.33,23-27,男,0.06,0.38,0.13,0.97,素食,中,汤,0.12,0.72,0.07,0.92,蔬菜,12,不健康
1258,16,2.71,18-22,男,0.97,0.11,0.9,0.33,荤素搭配,高,小吃,0.74,0.02,0.96,0.34,面食,11,一般
1475,8,5.0,23-27,男,0.77,0.35,0.63,0.39,荤素搭配,中,小吃,0.05,0.11,0.52,0.76,猪肉,9,健康
1249,4,5.0,23-27,男,0.68,0.32,0.79,0.13,荤素搭配,低,主食,0.37,0.27,0.39,0.16,牛肉,10,健康
1457,12,4.35,23-27,女,0.36,0.42,0.1,0.04,荤素搭配,高,小吃,0.74,0.02,0.65,0.21,猪肉,11,一般
1449,2,5.0,23-27,男,0.04,0.31,0.02,0.95,素食,低,主食,0.02,0.44,0.25,0.68,蔬菜,7,健康
1331,4,4.27,23-27,男,0.0,0.15,0.19,0.19,素食,低,主食,0.37,0.27,0.39,0.16,面食,6,健康
1323,5,4.37,23-27,女,0.47,0.66,0.54,0.77,素食,中,汤,0.1,0.52,0.72,0.7,蔬菜,14,一般
1180,3,2.64,23-27,男,0.98,0.3,0.87,0.0,素食,中,小吃,0.72,0.9,0.76,0.05,蔬菜,19,不健康
1190,9,5.0,23-27,女,0.2,0.55,0.45,0.88,素食,低,小吃,0.33,0.38,0.93,0.21,蔬菜,12,不健康
1407,18,4.59,23-27,女,0.17,0.37,0.42,0.3,荤素搭配,中,汤,0.12,0.72,0.07,0.92,猪肉,12,不健康
1154,11,4.52,28-35,女,0.31,0.92,0.66,0.44,素食,低,汤,0.42,0.96,0.73,0.06,蔬菜,6,健康
1196,3,5.0,23-27,女,0.18,0.77,0.95,0.1,素食,中,小吃,0.72,0.9,0.76,0.05,蔬菜,19,不健康
1466,2,2.85,18-22,女,0.12,0.91,0.67,0.4,无特殊要求,高,主食,0.02,0.44,0.25,0.68,猪肉,18,健康
1311,9,4.07,23-27,女,0.45,0.69,0.31,0.88,荤素搭配,低,小吃,0.33,0.38,0.93,0.21,蔬菜,12,不健康
1262,14,5.0,23-27,男,0.78,0.05,0.54,0.8,荤素搭配,中,小吃,0.62,0.29,0.92,0.78,猪肉,11,健康
1419,4,3.68,28-35,男,0.21,0.33,0.8,0.55,素食,中,主食,0.37,0.27,0.39,0.16,牛肉,19,健康
1406,9,1.33,23-27,女,0.02,0.38,0.11,0.35,素食,中,小吃,0.33,0.38,0.93,0.21,蔬菜,12,不健康
1427,13,2.38,28-35,男,0.97,0.4,0.12,0.85,素食,低,汤,0.7,0.31,0.87,0.34,蔬菜,13,一般
1143,18,1.96,18-22,女,0.31,0.13,0.55,0.86,无特殊要求,高,汤,0.12,0.72,0.07,0.92,面食,12,不健康
1342,15,2.73,23-27,女,0.11,0.11,0.12,0.59,素食,高,炒菜,0.24,0.95,0.36,0.65,面食,14,一般
1316,10,2.11,18-22,女,0.14,0.55,0.61,0.71,无特殊要求,中,炒菜,0.1,0.34,0.75,0.63,面食,19,不健康
1101,16,2.81,18-22,男,0.17,0.03,0.39,0.9,无特殊要求,高,小吃,0.74,0.02,0.96,0.34,牛肉,11,一般
1244,12,1.78,23-27,男,0.11,0.28,0.89,0.55,荤素搭配,低,小吃,0.74,0.02,0.65,0.21,猪肉,11,一般
1490,20,3.57,28-35,男,0.1,0.32,0.05,0.4,素食,低,主食,0.36,0.78,0.97,0.58,面食,5,不健康
1012,5,5.0,23-27,女,0.09,0.9,0.9,0.33,荤素搭配,高,汤,0.1,0.52,0.72,0.7,牛肉,14,一般
1239,2,5.0,28-35,女,0.15,0.38,0.63,0.55,素食,高,主食,0.02,0.44,0.25,0.68,猪肉,18,健康
1049,10,2.0,28-35,男,0.55,0.15,0.45,0.88,素食,低,炒菜,0.1,0.34,0.75,0.63,蔬菜,5,不健康
1042,1,5.0,28-35,女,0.24,0.8,0.43,0.92,素食,中,主食,0.71,0.15,0.46,0.04,鸡肉,15,健康
1166,7,2.01,28-35,女,0.02,0.63,0.63,0.99,素食,低,汤,0.05,0.71,0.58,0.2,面食,12,不健康
1082,17,1.91,28-35,男,0.08,0.12,0.13,0.39,素食,中,汤,0.19,0.85,0.7,0.09,猪肉,19,一般
1429,16,4.74,18-22,女,0.24,0.87,0.21,0.43,荤素搭配,低,小吃,0.74,0.02,0.96,0.34,面食,11,一般
1291,3,5.0,23-27,女,0.36,0.28,0.84,0.05,无特殊要求,高,小吃,0.72,0.9,0.76,0.05,蔬菜,19,不健康
1158,14,5.0,18-22,女,0.1,0.59,0.78,0.09,荤素搭配,高,小吃,0.62,0.29,0.92,0.78,猪肉,11,健康
1216,10,2.92,23-27,男,0.98,0.05,0.32,0.46,素食,低,炒菜,0.1,0.34,0.75,0.63,面食,12,不健康
1490,7,4.34,28-35,男,0.1,0.32,0.05,0.4,素食,低,汤,0.05,0.71,0.58,0.2,面食,12,不健康
1158,17,2.07,18-22,女,0.1,0.59,0.78,0.09,荤素搭配,高,汤,0.19,0.85,0.7,0.09,猪肉,19,一般
1462,6,4.03,18-22,女,0.41,1.0,0.58,0.04,无特殊要求,高,炒菜,0.45,0.52,0.52,0.69,面食,19,不健康
1134,4,4.41,18-22,男,0.29,0.32,0.44,0.31,无特殊要求,高,主食,0.37,0.27,0.39,0.16,牛肉,19,健康
1067,17,5.0,18-22,男,0.22,0.33,0.43,0.7,无特殊要求,中,汤,0.19,0.85,0.7,0.09,猪肉,19,一般
1336,9,4.37,18-22,男,0.68,0.11,0.86,0.49,无特殊要求,高,小吃,0.33,0.38,0.93,0.21,蔬菜,12,不健康
1007,4,1.53,28-35,女,0.28,0.11,0.63,0.19,素食,高,主食,0.37,0.27,0.39,0.16,牛肉,19,健康
1436,7,2.78,18-22,女,0.22,0.88,0.09,0.44,荤素搭配,高,汤,0.05,0.71,0.58,0.2,面食,12,不健康
1014,2,4.61,23-27,男,0.27,0.27,0.3,0.61,荤素搭配,高,主食,0.02,0.44,0.25,0.68,猪肉,18,健康
1073,17,3.45,18-22,女,0.34,0.05,0.4,0.27,无特殊要求,中,汤,0.19,0.85,0.7,0.09,猪肉,19,一般
1399,8,1.65,18-22,男,0.43,0.44,0.06,0.7,无特殊要求,高,小吃,0.05,0.11,0.52,0.76,猪肉,16,健康
1405,15,5.0,18-22,男,0.61,0.02,0.2,0.76,荤素搭配,低,炒菜,0.24,0.95,0.36,0.65,面食,7,一般
1163,15,3.18,18-22,女,0.12,0.53,0.36,0.79,无特殊要求,高,炒菜,0.24,0.95,0.36,0.65,鸡肉,19,一般
1066,8,3.55,23-27,女,0.19,0.21,0.86,0.06,无特殊要求,高,小吃,0.05,0.11,0.52,0.76,猪肉,18,健康
1347,16,3.92,23-27,女,0.15,0.39,0.43,0.08,素食,中,小吃,0.74,0.02,0.96,0.34,蔬菜,11,一般
1130,19,3.86,23-27,女,0.21,0.57,0.41,0.19,荤素搭配,中,小吃,0.74,0.34,0.36,0.51,鸡肉,18,不健康
1419,11,5.0,28-35,男,0.21,0.05,0.8,0.55,素食,中,汤,0.42,0.96,0.73,0.06,牛肉,6,健康
1466,2,5.0,18-22,女,0.49,0.91,0.67,0.4,无特殊要求,高,主食,0.02,0.44,0.25,0.68,猪肉,18,健康
1206,17,2.75,18-22,男,0.57,0.45,0.31,0.5,荤素搭配,中,汤,0.19,0.85,0.7,0.09,猪肉,19,一般
1276,16,2.61,28-35,男,0.96,0.17,0.72,0.61,素食,高,小吃,0.74,0.02,0.96,0.34,牛肉,11,一般
1466,15,2.5,18-22,女,0.26,0.91,0.67,0.4,无特殊要求,高,炒菜,0.24,0.95,0.36,0.65,鸡肉,19,一般
1256,13,5.0,28-35,女,0.08,0.55,0.27,0.61,素食,低,汤,0.7,0.31,0.87,0.34,蔬菜,13,一般
1266,15,4.31,18-22,男,0.36,0.16,0.12,0.92,荤素搭配,低,炒菜,0.24,0.95,0.36,0.65,面食,7,一般
1025,4,3.22,28-35,女,0.12,0.02,0.05,0.95,素食,高,主食,0.37,0.27,0.39,0.16,牛肉,19,健康
1450,16,4.27,23-27,女,0.37,0.01,0.69,0.98,荤素搭配,高,小吃,0.74,0.02,0.96,0.34,牛肉,11,一般
1281,12,3.35,28-35,女,0.11,0.91,0.19,0.61,素食,高,小吃,0.74,0.02,0.65,0.21,面食,11,一般
1253,4,3.58,18-22,男,0.44,0.49,0.68,0.1,无特殊要求,中,主食,0.37,0.27,0.39,0.16,牛肉,19,健康
1310,3,5.0,18-22,男,0.23,0.12,0.01,0.51,无特殊要求,高,小吃,0.72,0.9,0.76,0.05,蔬菜,19,不健康
1289,17,5.0,23-27,女,0.46,0.77,0.34,0.63,无特殊要求,中,汤,0.19,0.85,0.7,0.09,猪肉,19,一般
1164,18,3.49,23-27,女,0.19,0.91,0.01,0.81,素食,高,汤,0.12,0.72,0.07,0.92,面食,12,不健康
1095,18,3.97,18-22,男,0.72,0.38,0.66,0.41,荤素搭配,低,汤,0.12,0.72,0.07,0.92,猪肉,12,不健康
1270,17,4.93,18-22,女,0.42,0.29,0.77,0.76,无特殊要求,高,汤,0.19,0.85,0.7,0.09,猪肉,19,一般
1321,12,1.73,23-27,女,0.06,0.23,0.79,0.8,无特殊要求,低,小吃,0.74,0.02,0.65,0.21,猪肉,11,一般
1110,4,5.0,18-22,女,0.01,0.27,0.1,0.35,无特殊要求,低,主食,0.37,0.27,0.39,0.16,面食,12,健康
1336,12,5.0,18-22,男,0.68,0.43,0.86,0.49,无特殊要求,高,小吃,0.74,0.02,0.65,0.21,面食,11,一般
1310,20,3.48,18-22,男,0.23,0.12,0.01,0.51,荤素搭配,高,主食,0.36,0.78,0.97,0.58,面食,19,不健康
1238,15,3.36,18-22,女,0.29,0.01,0.08,0.39,荤素搭配,低,炒菜,0.24,0.95,0.36,0.65,鸡肉,7,一般
1381,16,4.0,23-27,女,0.27,0.57,0.31,0.22,素食,高,小吃,0.74,0.02,0.96,0.34,蔬菜,11,一般
1436,5,4.85,18-22,女,0.22,0.88,0.09,0.44,无特殊要求,高,汤,0.1,0.52,0.72,0.7,蔬菜,14,一般
1387,15,3.64,28-35,男,0.14,0.17,0.05,0.66,素食,中,炒菜,0.24,0.95,0.36,0.65,鸡肉,7,一般
1483,17,5.0,28-35,女,0.42,0.94,0.0,0.89,素食,低,汤,0.19,0.85,0.7,0.09,猪肉,5,一般
1425,18,4.29,18-22,女,0.42,0.86,0.6,0.57,无特殊要求,低,汤,0.12,0.72,0.07,0.92,猪肉,12,不健康
1390,5,2.29,18-22,男,0.61,0.05,0.55,0.63,无特殊要求,中,汤,0.1,0.52,0.72,0.7,牛肉,14,一般
1025,13,1.46,28-35,女,0.12,0.02,0.05,0.95,素食,高,汤,0.7,0.31,0.87,0.34,蔬菜,13,一般
1141,19,2.05,23-27,男,0.05,0.01,0.02,0.01,荤素搭配,中,小吃,0.74,0.34,0.36,0.51,鸡肉,18,不健康
1117,13,3.97,28-35,男,0.14,0.23,0.91,0.04,素食,中,汤,0.7,0.31,0.87,0.34,蔬菜,13,一般
1482,18,4.09,23-27,男,0.18,0.07,0.41,0.65,无特殊要求,中,汤,0.12,0.72,0.07,0.92,猪肉,12,不健康
1392,14,5.0,23-27,男,0.61,0.18,0.38,0.47,荤素搭配,低,小吃,0.62,0.29,0.92,0.78,猪肉,11,健康
1405,4,4.68,18-22,男,0.61,0.44,0.2,0.76,荤素搭配,低,主食,0.37,0.27,0.39,0.16,蔬菜,9,健康
1482,4,3.5,23-27,男,0.18,0.26,0.41,0.65,无特殊要求,中,主食,0.37,0.27,0.39,0.16,牛肉,19,健康
1452,20,3.54,18-22,男,0.64,0.11,0.18,0.96,荤素搭配,低,主食,0.36,0.78,0.97,0.58,面食,5,不健康
1025,20,3.66,28-35,女,0.12,0.02,0.05,0.95,素食,高,主食,0.36,0.78,0.97,0.58,面食,14,不健康
1079,19,4.98,18-22,男,0.85,0.1,0.02,0.22,荤素搭配,高,小吃,0.74,0.34,0.36,0.51,鸡肉,18,不健康
1068,13,4.06,28-35,男,0.18,0.35,0.73,0.31,素食,高,汤,0.7,0.31,0.87,0.34,蔬菜,13,一般
1173,12,4.95,28-35,女,0.3,0.07,0.9,0.69,素食,高,小吃,0.74,0.02,0.65,0.21,蔬菜,11,一般
1444,7,3.48,23-27,男,0.73,0.18,0.51,0.09,无特殊要求,高,汤,0.05,0.71,0.58,0.2,面食,12,不健康
1012,12,5.0,23-27,女,0.05,0.9,0.9,0.33,荤素搭配,高,小吃,0.74,0.02,0.65,0.21,猪肉,11,一般
1288,4,4.62,28-35,女,0.21,0.81,0.77,0.15,素食,高,主食,0.37,0.27,0.39,0.16,牛肉,19,健康
1128,2,2.39,28-35,男,0.4,0.08,0.7,0.25,素食,中,主食,0.02,0.44,0.25,0.68,猪肉,18,健康
1096,2,5.0,18-22,男,0.04,0.26,0.68,0.47,无特殊要求,低,主食,0.02,0.44,0.25,0.68,面食,13,健康
1092,5,3.85,18-22,男,0.44,0.09,0.29,0.78,荤素搭配,高,汤,0.1,0.52,0.72,0.7,牛肉,14,一般
1141,10,4.03,23-27,男,0.05,0.01,0.02,0.01,荤素搭配,中,炒菜,0.1,0.34,0.75,0.63,牛肉,19,不健康
1031,10,5.0,18-22,男,0.11,0.08,0.03,0.83,荤素搭配,中,炒菜,0.1,0.34,0.75,0.63,牛肉,19,不健康
1334,9,2.66,18-22,男,0.09,0.08,0.43,0.95,无特殊要求,中,小吃,0.33,0.38,0.93,0.21,蔬菜,12,不健康
1020,13,4.78,23-27,女,0.01,0.88,0.2,0.95,无特殊要求,高,汤,0.7,0.31,0.87,0.34,蔬菜,13,一般
1146,7,5.0,23-27,女,0.47,0.43,0.64,0.82,荤素搭配,高,汤,0.05,0.71,0.58,0.2,面食,12,不健康
1477,5,5.0,28-35,女,0.28,0.09,0.44,0.58,素食,低,汤,0.1,0.52,0.72,0.7,面食,14,一般
1316,10,5.0,18-22,女,0.14,0.55,0.61,0.71,荤素搭配,中,炒菜,0.1,0.34,0.75,0.63,面食,19,不健康
1447,10,1.4,23-27,男,0.52,0.07,0.11,0.38,荤素搭配,低,炒菜,0.1,0.34,0.75,0.63,牛肉,5,不健康
1390,6,4.39,18-22,男,0.61,0.01,0.55,0.63,无特殊要求,中,炒菜,0.45,0.52,0.52,0.69,面食,7,不健康
1160,19,5.0,18-22,女,0.5,0.98,0.06,0.9,无特殊要求,高,小吃,0.74,0.34,0.36,0.51,鸡肉,18,不健康
1349,8,4.67,18-22,女,0.28,0.28,0.48,0.47,荤素搭配,低,小吃,0.05,0.11,0.52,0.76,猪肉,9,健康
1043,1,4.66,18-22,女,0.45,0.74,0.47,0.23,荤素搭配,低,主食,0.71,0.15,0.46,0.04,鸡肉,15,健康
1254,17,5.0,18-22,男,0.33,0.08,0.07,0.2,荤素搭配,低,汤,0.19,0.85,0.7,0.09,猪肉,12,一般
1130,7,3.71,23-27,女,0.29,0.57,0.41,0.19,荤素搭配,中,汤,0.05,0.71,0.58,0.2,面食,12,不健康
1060,14,3.88,23-27,男,0.44,0.48,0.83,0.9,无特殊要求,中,小吃,0.62,0.29,0.92,0.78,猪肉,11,健康
1151,17,4.2,18-22,男,0.05,0.03,0.11,0.97,无特殊要求,中,汤,0.19,0.85,0.7,0.09,猪肉,19,一般
1467,9,4.05,28-35,女,0.22,0.18,0.54,0.95,素食,高,小吃,0.33,0.38,0.93,0.21,蔬菜,12,不健康
1287,17,3.65,28-35,女,0.01,0.25,0.33,0.54,素食,低,汤,0.19,0.85,0.7,0.09,猪肉,14,一般
1499,5,1.78,28-35,男,0.19,0.0,0.51,0.56,素食,低,汤,0.1,0.52,0.72,0.7,牛肉,14,一般
1005,20,5.0,28-35,女,0.41,0.41,0.42,0.7,素食,中,主食,0.36,0.78,0.97,0.58,面食,5,不健康
1467,8,5.0,28-35,女,0.28,0.18,0.54,0.95,素食,高,小吃,0.05,0.11,0.52,0.76,猪肉,18,健康
1418,6,4.25,18-22,女,0.44,0.62,0.67,0.55,荤素搭配,高,炒菜,0.45,0.52,0.52,0.69,面食,15,不健康
1266,11,3.88,18-22,男,0.36,0.0,0.12,0.92,无特殊要求,低,汤,0.42,0.96,0.73,0.06,蔬菜,6,健康
1345,19,2.88,23-27,女,0.02,0.22,0.26,0.21,荤素搭配,高,小吃,0.74,0.34,0.36,0.51,鸡肉,18,不健康
1130,4,1.56,23-27,女,0.41,0.57,0.41,0.19,荤素搭配,中,主食,0.37,0.27,0.39,0.16,牛肉,19,健康
1382,18,3.74,18-22,男,0.33,0.42,0.17,0.26,无特殊要求,中,汤,0.12,0.72,0.07,0.92,猪肉,12,不健康
1267,1,3.54,18-22,男,0.08,0.36,0.71,0.33,无特殊要求,中,主食,0.71,0.15,0.46,0.04,鸡肉,15,健康
1178,13,5.0,28-35,男,0.99,0.18,1.0,0.24,素食,低,汤,0.7,0.31,0.87,0.34,蔬菜,13,一般
1253,14,5.0,18-22,男,0.44,0.49,0.68,0.1,无特殊要求,中,小吃,0.62,0.29,0.92,0.78,猪肉,11,健康
1415,1,2.73,23-27,女,0.4,0.52,0.78,0.34,荤素搭配,中,主食,0.71,0.15,0.46,0.04,鸡肉,15,健康
1056,11,2.65,23-27,男,0.67,0.01,0.48,0.19,素食,中,汤,0.42,0.96,0.73,0.06,面食,6,健康
1463,17,2.44,28-35,女,0.27,0.27,0.03,0.82,素食,低,汤,0.19,0.85,0.7,0.09,猪肉,9,一般
1457,4,5.0,23-27,女,0.36,0.42,0.1,0.04,荤素搭配,高,主食,0.37,0.27,0.39,0.16,牛肉,19,健康
1471,12,5.0,23-27,女,0.46,0.69,0.4,0.19,无特殊要求,高,小吃,0.74,0.02,0.65,0.21,猪肉,11,一般
1083,10,2.15,28-35,男,0.85,0.23,0.51,0.59,素食,低,炒菜,0.1,0.34,0.75,0.63,蔬菜,14,不健康
1393,6,5.0,18-22,女,0.42,0.18,0.92,0.76,荤素搭配,高,炒菜,0.45,0.52,0.52,0.69,面食,13,不健康
1099,1,4.95,23-27,男,0.66,0.39,0.84,0.95,荤素搭配,高,主食,0.71,0.15,0.46,0.04,鸡肉,15,健康
1149,7,1.43,18-22,男,0.4,0.18,0.36,0.37,荤素搭配,低,汤,0.05,0.71,0.58,0.2,面食,12,不健康
1329,16,5.0,18-22,男,0.6,0.05,0.84,0.65,荤素搭配,高,小吃,0.74,0.02,0.96,0.34,面食,11,一般
1156,14,5.0,18-22,男,0.94,0.16,0.04,0.45,无特殊要求,高,小吃,0.62,0.29,0.92,0.78,面食,11,健康
1190,20,5.0,23-27,女,0.2,0.55,0.45,0.88,素食,低,主食,0.36,0.78,0.97,0.58,面食,5,不健康
1494,20,5.0,18-22,女,0.47,0.09,0.05,0.11,荤素搭配,低,主食,0.36,0.78,0.97,0.58,面食,5,不健康
1371,6,2.06,23-27,男,0.17,0.26,0.43,0.59,无特殊要求,高,炒菜,0.45,0.52,0.52,0.69,面食,18,不健康
1263,5,3.0,23-27,女,0.04,0.31,0.56,0.53,荤素搭配,低,汤,0.1,0.52,0.72,0.7,牛肉,14,一般
1080,18,1.57,18-22,男,0.07,0.34,0.76,0.11,无特殊要求,高,汤,0.12,0.72,0.07,0.92,猪肉,12,不健康
1400,15,5.0,23-27,男,0.05,0.48,0.82,0.24,素食,中,炒菜,0.24,0.95,0.36,0.65,蔬菜,7,一般
1252,6,5.0,28-35,女,0.43,0.99,0.98,0.64,素食,低,炒菜,0.45,0.52,0.52,0.69,面食,7,不健康
1097,19,5.0,23-27,男,0.9,0.34,0.29,0.87,无特殊要求,高,小吃,0.74,0.34,0.36,0.51,鸡肉,18,不健康
1260,1,4.73,18-22,男,0.93,0.09,0.11,0.03,荤素搭配,高,主食,0.71,0.15,0.46,0.04,鸡肉,15,健康
1260,1,2.73,18-22,男,0.93,0.09,0.11,0.03,荤素搭配,高,主食,0.71,0.15,0.46,0.04,鸡肉,15,健康
1103,13,5.0,23-27,男,0.79,0.32,0.04,0.92,荤素搭配,中,汤,0.7,0.31,0.87,0.34,蔬菜,13,一般
1040,3,3.06,18-22,男,0.37,0.24,0.73,0.42,荤素搭配,低,小吃,0.72,0.9,0.76,0.05,蔬菜,12,不健康
1273,10,5.0,23-27,女,0.37,0.49,0.6,0.1,荤素搭配,高,炒菜,0.1,0.34,0.75,0.63,牛肉,19,不健康
1101,3,5.0,18-22,男,0.17,0.03,0.39,0.9,无特殊要求,高,小吃,0.72,0.9,0.76,0.05,蔬菜,19,不健康
1359,9,3.19,28-35,女,0.12,0.4,0.68,0.76,素食,低,小吃,0.33,0.38,0.93,0.21,蔬菜,12,不健康
1380,8,2.22,23-27,男,0.91,0.17,0.93,0.81,无特殊要求,高,小吃,0.05,0.11,0.52,0.76,猪肉,11,健康
1308,3,5.0,28-35,男,0.95,0.48,0.33,0.18,素食,中,小吃,0.72,0.9,0.76,0.05,蔬菜,19,不健康
1221,13,2.16,23-27,男,0.57,0.07,0.55,0.27,无特殊要求,高,汤,0.7,0.31,0.87,0.34,蔬菜,13,一般
1308,6,5.0,28-35,男,0.95,0.48,0.33,0.18,素食,中,炒菜,0.45,0.52,0.52,0.69,面食,7,不健康
1420,13,5.0,28-35,男,0.49,0.11,0.08,0.34,素食,低,汤,0.7,0.31,0.87,0.34,蔬菜,13,一般
1124,20,3.68,28-35,男,0.09,0.13,0.5,0.11,素食,中,主食,0.36,0.78,0.97,0.58,面食,5,不健康
1422,20,5.0,23-27,男,0.52,0.17,0.98,0.38,荤素搭配,高,主食,0.36,0.78,0.97,0.58,面食,18,不健康
1231,12,5.0,18-22,男,0.99,0.42,0.46,0.61,荤素搭配,中,小吃,0.74,0.02,0.65,0.21,猪肉,11,一般
1178,13,2.91,28-35,男,0.99,0.32,1.0,0.24,素食,低,汤,0.7,0.31,0.87,0.34,蔬菜,13,一般
1063,2,4.88,18-22,男,0.1,0.42,0.31,0.91,荤素搭配,中,主食,0.02,0.44,0.25,0.68,面食,18,健康
1485,16,2.09,23-27,男,0.09,0.11,0.73,0.94,素食,高,小吃,0.74,0.02,0.96,0.34,蔬菜,11,一般
1116,6,5.0,23-27,男,0.83,0.23,0.02,0.34,素食,高,炒菜,0.45,0.52,0.52,0.69,面食,12,不健康
1191,19,3.48,23-27,男,0.1,0.26,0.75,0.09,素食,中,小吃,0.74,0.34,0.36,0.51,面食,18,不健康
1062,13,4.12,23-27,女,0.05,0.02,0.4,0.99,素食,中,汤,0.7,0.31,0.87,0.34,蔬菜,13,一般
1256,17,5.0,28-35,女,0.08,0.55,0.27,0.61,素食,低,汤,0.19,0.85,0.7,0.09,面食,14,一般
1483,9,2.87,28-35,女,0.32,0.94,0.0,0.89,素食,低,小吃,0.33,0.38,0.93,0.21,蔬菜,12,不健康
1007,17,2.67,28-35,女,0.21,0.11,0.63,0.19,素食,高,汤,0.19,0.85,0.7,0.09,猪肉,19,一般
1155,2,4.68,23-27,女,0.45,0.82,0.29,0.34,素食,中,主食,0.02,0.44,0.25,0.68,蔬菜,18,健康
1092,19,1.86,18-22,男,0.44,0.09,0.29,0.78,荤素搭配,高,小吃,0.74,0.34,0.36,0.51,鸡肉,18,不健康
1470,19,3.77,23-27,男,0.7,0.23,0.0,0.34,荤素搭配,高,小吃,0.74,0.34,0.36,0.51,鸡肉,18,不健康
1014,7,4.5,23-27,男,0.27,0.27,0.3,0.61,荤素搭配,高,汤,0.05,0.71,0.58,0.2,面食,12,不健康
1455,10,5.0,28-35,女,0.2,0.55,0.0,0.04,素食,高,炒菜,0.1,0.34,0.75,0.63,牛肉,19,不健康
1229,10,3.9,28-35,女,0.04,0.35,0.45,0.59,素食,低,炒菜,0.1,0.34,0.75,0.63,牛肉,14,不健康
1086,20,2.8,28-35,男,0.95,0.27,0.95,0.18,素食,低,主食,0.36,0.78,0.97,0.58,面食,5,不健康
1133,9,2.21,28-35,女,0.14,0.62,0.64,0.71,素食,中,小吃,0.33,0.38,0.93,0.21,蔬菜,12,不健康
1183,17,3.01,23-27,男,0.19,0.11,0.42,0.09,荤素搭配,高,汤,0.19,0.85,0.7,0.09,猪肉,19,一般
1386,15,4.5,18-22,男,0.75,0.18,0.37,0.03,无特殊要求,中,炒菜,0.24,0.95,0.36,0.65,鸡肉,7,一般
1062,2,5.0,23-27,女,0.26,0.02,0.4,0.99,素食,中,主食,0.02,0.44,0.25,0.68,面食,18,健康
1219,4,3.69,28-35,男,0.76,0.4,0.63,0.05,素食,高,主食,0.37,0.27,0.39,0.16,面食,19,健康
1405,19,2.23,18-22,男,0.61,0.35,0.2,0.76,无特殊要求,低,小吃,0.74,0.34,0.36,0.51,蔬菜,8,不健康
1246,17,3.9,18-22,男,0.61,0.4,0.43,0.59,无特殊要求,中,汤,0.19,0.85,0.7,0.09,蔬菜,19,一般
1230,5,5.0,18-22,女,0.11,0.33,0.92,0.27,无特殊要求,中,汤,0.1,0.52,0.72,0.7,牛肉,14,一般
1079,7,3.59,18-22,男,0.85,0.31,0.02,0.22,荤素搭配,高,汤,0.05,0.71,0.58,0.2,面食,12,不健康
1149,18,4.54,18-22,男,0.4,0.18,0.36,0.37,荤素搭配,低,汤,0.12,0.72,0.07,0.92,猪肉,12,不健康
1138,7,3.27,18-22,女,0.12,0.81,0.84,0.91,荤素搭配,低,汤,0.05,0.71,0.58,0.2,面食,12,不健康
1471,17,4.07,23-27,女,0.49,0.69,0.4,0.19,无特殊要求,高,汤,0.19,0.85,0.7,0.09,猪肉,19,一般
1314,7,2.77,23-27,女,0.29,0.17,0.76,0.99,无特殊要求,中,汤,0.05,0.71,0.58,0.2,面食,12,不健康
1376,4,5.0,23-27,男,0.8,0.46,0.33,0.16,荤素搭配,低,主食,0.37,0.27,0.39,0.16,牛肉,5,健康
1423,8,3.19,28-35,女,0.11,0.49,0.87,0.89,素食,高,小吃,0.05,0.11,0.52,0.76,猪肉,13,健康
1389,13,3.96,23-27,女,0.33,0.15,0.62,0.42,素食,中,汤,0.7,0.31,0.87,0.34,蔬菜,13,一般
1065,4,3.34,23-27,男,0.34,0.28,0.03,0.13,无特殊要求,中,主食,0.37,0.27,0.39,0.16,牛肉,19,健康
1013,6,2.26,23-27,男,0.95,0.02,0.38,0.9,荤素搭配,低,炒菜,0.45,0.52,0.52,0.69,面食,7,不健康
1213,5,3.87,18-22,女,0.35,0.81,0.44,0.12,荤素搭配,低,汤,0.1,0.52,0.72,0.7,牛肉,14,一般
1474,12,2.58,18-22,女,0.46,0.2,0.3,0.2,荤素搭配,中,小吃,0.74,0.02,0.65,0.21,猪肉,11,一般
1242,4,1.83,23-27,男,0.88,0.04,0.99,0.66,素食,低,主食,0.37,0.27,0.39,0.16,蔬菜,9,健康
1493,9,3.98,23-27,女,0.42,0.76,0.42,0.3,素食,中,小吃,0.33,0.38,0.93,0.21,蔬菜,12,不健康
1213,4,3.6,18-22,女,0.45,0.81,0.44,0.12,荤素搭配,低,主食,0.37,0.27,0.39,0.16,牛肉,10,健康
1181,19,5.0,18-22,男,0.02,0.47,0.24,0.69,无特殊要求,低,小吃,0.74,0.34,0.36,0.51,鸡肉,12,不健康
1338,14,2.8,23-27,男,0.53,0.22,0.64,0.88,荤素搭配,中,小吃,0.62,0.29,0.92,0.78,猪肉,11,健康
1485,5,5.0,23-27,男,0.09,0.11,0.73,0.94,素食,高,汤,0.1,0.52,0.72,0.7,面食,14,一般
1173,18,5.0,28-35,女,0.3,0.07,0.9,0.69,素食,高,汤,0.12,0.72,0.07,0.92,面食,12,不健康
1160,10,5.0,18-22,女,0.15,0.98,0.06,0.9,无特殊要求,高,炒菜,0.1,0.34,0.75,0.63,牛肉,19,不健康
1164,19,5.0,23-27,女,0.15,0.91,0.01,0.81,素食,高,小吃,0.74,0.34,0.36,0.51,蔬菜,18,不健康
1465,12,5.0,28-35,男,0.97,0.36,0.6,0.61,素食,中,小吃,0.74,0.02,0.65,0.21,猪肉,11,一般
1483,18,3.62,28-35,女,0.02,0.94,0.0,0.89,素食,低,汤,0.12,0.72,0.07,0.92,猪肉,12,不健康
1497,17,3.58,28-35,男,0.36,0.07,0.57,0.56,素食,中,汤,0.19,0.85,0.7,0.09,面食,19,一般
1188,11,5.0,23-27,男,0.85,0.29,0.95,0.51,荤素搭配,低,汤,0.42,0.96,0.73,0.06,牛肉,6,健康
1395,3,5.0,23-27,女,0.25,0.54,0.8,0.04,荤素搭配,中,小吃,0.72,0.9,0.76,0.05,蔬菜,19,不健康
1191,17,3.77,23-27,男,0.1,0.26,0.75,0.09,素食,中,汤,0.19,0.85,0.7,0.09,面食,19,一般
1405,1,1.69,18-22,男,0.61,0.31,0.2,0.76,荤素搭配,低,主食,0.71,0.15,0.46,0.04,蔬菜,15,健康
1308,15,1.92,28-35,男,0.95,0.48,0.33,0.18,素食,中,炒菜,0.24,0.95,0.36,0.65,面食,7,一般
1256,9,3.61,28-35,女,0.08,0.55,0.27,0.61,素食,低,小吃,0.33,0.38,0.93,0.21,蔬菜,12,不健康
1183,15,3.01,23-27,男,0.19,0.42,0.42,0.09,荤素搭配,高,炒菜,0.24,0.95,0.36,0.65,鸡肉,16,一般
1117,3,4.0,28-35,男,0.14,0.23,0.91,0.04,素食,中,小吃,0.72,0.9,0.76,0.05,蔬菜,19,不健康
1282,19,4.55,23-27,男,0.99,0.03,0.96,0.34,荤素搭配,高,小吃,0.74,0.34,0.36,0.51,鸡肉,18,不健康
1196,13,5.0,23-27,女,0.18,0.77,0.95,0.1,素食,中,汤,0.7,0.31,0.87,0.34,蔬菜,13,一般
1034,12,1.49,23-27,女,0.4,0.4,0.17,0.38,荤素搭配,中,小吃,0.74,0.02,0.65,0.21,猪肉,11,一般
1052,20,1.55,18-22,女,0.42,0.07,0.1,0.42,无特殊要求,低,主食,0.36,0.78,0.97,0.58,面食,5,不健康
1112,1,5.0,28-35,男,0.58,0.07,0.17,0.89,素食,高,主食,0.71,0.15,0.46,0.04,蔬菜,15,健康
1252,17,4.68,28-35,女,0.02,0.99,0.98,0.64,素食,低,汤,0.19,0.85,0.7,0.09,面食,13,一般
1082,13,3.58,28-35,男,0.08,0.08,0.13,0.39,素食,中,汤,0.7,0.31,0.87,0.34,蔬菜,13,一般
1232,1,2.29,23-27,女,0.27,0.27,0.11,0.11,素食,高,主食,0.71,0.15,0.46,0.04,蔬菜,15,健康
1227,10,2.41,23-27,女,0.28,0.27,0.82,1.0,荤素搭配,中,炒菜,0.1,0.34,0.75,0.63,牛肉,19,不健康
1233,15,3.09,23-27,女,0.35,0.76,0.61,0.1,素食,高,炒菜,0.24,0.95,0.36,0.65,蔬菜,14,一般
1221,7,4.83,23-27,男,0.57,0.14,0.55,0.27,无特殊要求,高,汤,0.05,0.71,0.58,0.2,面食,12,不健康
1436,18,5.0,18-22,女,0.22,0.88,0.09,0.44,荤素搭配,高,汤,0.12,0.72,0.07,0.92,面食,12,不健康
1413,16,2.93,18-22,女,0.21,0.8,0.62,0.47,无特殊要求,低,小吃,0.74,0.02,0.96,0.34,牛肉,11,一般
1422,14,2.57,23-27,男,0.52,0.17,0.98,0.38,荤素搭配,高,小吃,0.62,0.29,0.92,0.78,猪肉,11,健康
1042,18,5.0,28-35,女,0.24,0.8,0.43,0.92,素食,中,汤,0.12,0.72,0.07,0.92,猪肉,12,不健康
1021,7,3.86,18-22,女,0.34,0.44,0.71,0.59,荤素搭配,中,汤,0.05,0.71,0.58,0.2,面食,12,不健康
1042,17,5.0,28-35,女,0.24,0.8,0.43,0.92,素食,中,汤,0.19,0.85,0.7,0.09,猪肉,19,一般
1397,18,3.03,28-35,男,0.17,0.0,0.96,0.41,素食,低,汤,0.12,0.72,0.07,0.92,猪肉,12,不健康
1113,12,2.2,23-27,男,0.61,0.09,1.0,0.37,荤素搭配,高,小吃,0.74,0.02,0.65,0.21,猪肉,11,一般
1105,8,2.63,23-27,男,0.05,0.12,0.07,0.76,素食,低,小吃,0.05,0.11,0.52,0.76,蔬菜,9,健康
1192,2,3.44,18-22,男,0.32,0.39,0.62,0.16,荤素搭配,高,主食,0.02,0.44,0.25,0.68,面食,18,健康
1017,7,3.49,28-35,女,0.09,0.56,0.11,0.14,素食,低,汤,0.05,0.71,0.58,0.2,面食,12,不健康
1120,4,1.55,28-35,男,0.27,0.31,0.46,0.06,素食,高,主食,0.37,0.27,0.39,0.16,牛肉,19,健康
1393,18,5.0,18-22,女,0.42,0.18,0.92,0.76,荤素搭配,高,汤,0.12,0.72,0.07,0.92,猪肉,12,不健康
1425,6,5.0,18-22,女,0.35,0.86,0.6,0.57,无特殊要求,低,炒菜,0.45,0.52,0.52,0.69,面食,7,不健康
1129,9,5.0,18-22,男,0.31,0.12,0.86,0.49,荤素搭配,低,小吃,0.33,0.38,0.93,0.21,蔬菜,12,不健康
1130,9,3.83,23-27,女,0.19,0.57,0.41,0.19,荤素搭配,中,小吃,0.33,0.38,0.93,0.21,蔬菜,12,不健康
1060,14,3.88,23-27,男,0.44,0.48,0.83,0.9,无特殊要求,中,小吃,0.62,0.29,0.92,0.78,猪肉,11,健康
1048,8,2.7,23-27,女,0.25,0.76,0.69,0.32,无特殊要求,低,小吃,0.05,0.11,0.52,0.76,猪肉,9,健康
1029,19,5.0,18-22,女,0.49,0.6,0.58,0.23,无特殊要求,高,小吃,0.74,0.34,0.36,0.51,面食,18,不健康
1097,3,3.22,23-27,男,0.9,0.34,0.29,0.87,无特殊要求,高,小吃,0.72,0.9,0.76,0.05,蔬菜,19,不健康
1010,18,4.67,18-22,男,0.43,0.19,0.77,0.47,无特殊要求,中,汤,0.12,0.72,0.07,0.92,蔬菜,12,不健康
1242,5,3.28,23-27,男,0.88,0.04,0.99,0.66,素食,低,汤,0.1,0.52,0.72,0.7,蔬菜,14,一般
1314,14,5.0,23-27,女,0.29,0.17,0.76,0.99,无特殊要求,中,小吃,0.62,0.29,0.92,0.78,猪肉,11,健康
1444,4,4.53,23-27,男,0.73,0.18,0.51,0.09,无特殊要求,高,主食,0.37,0.27,0.39,0.16,牛肉,19,健康
1232,7,2.29,23-27,女,0.27,0.27,0.11,0.11,素食,高,汤,0.05,0.71,0.58,0.2,面食,12,不健康
1277,20,5.0,23-27,男,0.68,0.35,0.31,0.68,荤素搭配,中,主食,0.36,0.78,0.97,0.58,面食,5,不健康
1284,12,3.4,28-35,男,0.15,0.47,0.32,0.34,素食,中,小吃,0.74,0.02,0.65,0.21,猪肉,11,一般
1203,2,3.37,18-22,男,0.62,0.07,0.84,0.17,荤素搭配,中,主食,0.02,0.44,0.25,0.68,猪肉,18,健康
1247,11,4.45,28-35,女,0.23,0.94,0.59,0.31,素食,低,汤,0.42,0.96,0.73,0.06,牛肉,6,健康
1290,14,2.99,18-22,女,0.05,0.61,0.15,0.83,无特殊要求,中,小吃,0.62,0.29,0.92,0.78,猪肉,11,健康
1264,16,5.0,28-35,男,0.82,0.15,0.41,0.76,素食,低,小吃,0.74,0.02,0.96,0.34,牛肉,11,一般
1443,20,4.44,28-35,男,0.71,0.06,0.04,0.17,素食,低,主食,0.36,0.78,0.97,0.58,面食,5,不健康
1214,6,2.56,18-22,男,0.56,0.1,0.79,0.58,荤素搭配,中,炒菜,0.45,0.52,0.52,0.69,面食,7,不健康
1200,4,3.86,28-35,男,0.77,0.13,0.93,0.43,素食,高,主食,0.37,0.27,0.39,0.16,牛肉,19,健康
1433,15,3.84,28-35,女,0.17,0.56,0.06,0.17,素食,低,炒菜,0.24,0.95,0.36,0.65,面食,7,一般
1079,1,1.72,18-22,男,0.85,0.03,0.02,0.22,荤素搭配,高,主食,0.71,0.15,0.46,0.04,鸡肉,15,健康
1401,7,1.76,18-22,男,0.32,0.48,0.6,0.29,无特殊要求,低,汤,0.05,0.71,0.58,0.2,面食,12,不健康
1444,12,2.89,23-27,男,0.73,0.18,0.51,0.09,无特殊要求,高,小吃,0.74,0.02,0.65,0.21,猪肉,11,一般
1343,10,4.69,23-27,女,0.34,0.03,0.54,0.39,素食,低,炒菜,0.1,0.34,0.75,0.63,蔬菜,8,不健康
1344,5,4.62,28-35,女,0.1,0.8,0.92,0.76,素食,高,汤,0.1,0.52,0.72,0.7,牛肉,14,一般
1173,12,5.0,28-35,女,0.3,0.07,0.9,0.69,素食,高,小吃,0.74,0.02,0.65,0.21,蔬菜,11,一般
1467,18,3.14,28-35,女,0.07,0.18,0.54,0.95,素食,高,汤,0.12,0.72,0.07,0.92,猪肉,12,不健康
1069,10,2.93,18-22,男,0.83,0.2,0.39,0.56,无特殊要求,高,炒菜,0.1,0.34,0.75,0.63,牛肉,19,不健康
1416,6,5.0,28-35,女,0.18,0.58,0.67,0.71,素食,中,炒菜,0.45,0.52,0.52,0.69,面食,7,不健康
1428,12,5.0,18-22,男,0.5,0.39,0.61,0.06,荤素搭配,中,小吃,0.74,0.02,0.65,0.21,猪肉,11,一般
1449,7,5.0,23-27,男,0.04,0.05,0.02,0.95,素食,低,汤,0.05,0.71,0.58,0.2,面食,12,不健康
1087,18,2.28,28-35,男,0.72,0.27,0.68,0.61,素食,中,汤,0.12,0.72,0.07,0.92,猪肉,12,不健康
1101,2,3.73,18-22,男,0.17,0.03,0.39,0.9,无特殊要求,高,主食,0.02,0.44,0.25,0.68,猪肉,18,健康
1008,10,2.18,28-35,男,0.51,0.05,0.88,0.46,素食,高,炒菜,0.1,0.34,0.75,0.63,蔬菜,19,不健康
1333,15,4.19,23-27,女,0.28,0.66,0.72,0.26,荤素搭配,高,炒菜,0.24,0.95,0.36,0.65,鸡肉,11,一般
1200,12,2.28,28-35,男,0.77,0.21,0.93,0.43,素食,高,小吃,0.74,0.02,0.65,0.21,猪肉,11,一般
1087,17,5.0,28-35,男,0.72,0.19,0.68,0.61,素食,中,汤,0.19,0.85,0.7,0.09,猪肉,19,一般
1043,4,3.59,18-22,女,0.45,0.74,0.47,0.23,荤素搭配,低,主食,0.37,0.27,0.39,0.16,牛肉,7,健康
1385,7,2.8,28-35,男,0.19,0.48,0.25,0.09,素食,高,汤,0.05,0.71,0.58,0.2,面食,12,不健康
1109,9,4.36,28-35,男,0.4,0.19,0.82,0.43,素食,低,小吃,0.33,0.38,0.93,0.21,蔬菜,12,不健康
1435,19,4.04,23-27,女,0.31,0.27,0.31,0.53,素食,低,小吃,0.74,0.34,0.36,0.51,蔬菜,14,不健康
1408,7,3.96,23-27,男,0.66,0.06,0.4,0.19,荤素搭配,低,汤,0.05,0.71,0.58,0.2,面食,12,不健康
1483,2,5.0,28-35,女,0.19,0.94,0.0,0.89,素食,低,主食,0.02,0.44,0.25,0.68,猪肉,5,健康
1152,6,1.77,23-27,女,0.31,0.19,0.16,0.24,荤素搭配,中,炒菜,0.45,0.52,0.52,0.69,面食,7,不健康
1017,18,2.55,28-35,女,0.09,0.56,0.11,0.14,素食,低,汤,0.12,0.72,0.07,0.92,猪肉,12,不健康
1133,6,2.46,28-35,女,0.04,0.62,0.64,0.71,素食,中,炒菜,0.45,0.52,0.52,0.69,面食,7,不健康
1148,13,2.14,23-27,男,0.87,0.23,0.48,0.13,荤素搭配,中,汤,0.7,0.31,0.87,0.34,蔬菜,13,一般
1277,19,5.0,23-27,男,0.68,0.35,0.31,0.68,荤素搭配,中,小吃,0.74,0.34,0.36,0.51,鸡肉,18,不健康
1232,2,4.23,23-27,女,0.27,0.27,0.11,0.11,素食,高,主食,0.02,0.44,0.25,0.68,蔬菜,18,健康
1314,12,5.0,23-27,女,0.29,0.17,0.76,0.99,无特殊要求,中,小吃,0.74,0.02,0.65,0.21,猪肉,11,一般
1415,15,5.0,23-27,女,0.4,0.52,0.78,0.34,荤素搭配,中,炒菜,0.24,0.95,0.36,0.65,鸡肉,7,一般
1366,14,1.71,23-27,男,0.76,0.32,0.1,0.07,荤素搭配,中,小吃,0.62,0.29,0.92,0.78,猪肉,11,健康
1228,6,2.24,28-35,男,0.08,0.47,0.8,0.79,素食,低,炒菜,0.45,0.52,0.52,0.69,面食,7,不健康
1139,18,5.0,23-27,男,0.51,0.19,0.11,0.57,素食,中,汤,0.12,0.72,0.07,0.92,面食,12,不健康
1436,5,1.85,18-22,女,0.22,0.88,0.09,0.44,无特殊要求,高,汤,0.1,0.52,0.72,0.7,面食,14,一般
1399,18,2.1,18-22,男,0.43,0.12,0.06,0.7,无特殊要求,高,汤,0.12,0.72,0.07,0.92,猪肉,12,不健康
1211,3,3.57,28-35,女,0.13,0.81,0.16,0.28,素食,高,小吃,0.72,0.9,0.76,0.05,蔬菜,19,不健康
1391,3,5.0,28-35,女,0.12,0.3,0.36,0.72,素食,中,小吃,0.72,0.9,0.76,0.05,蔬菜,19,不健康
1499,10,5.0,28-35,男,0.19,0.0,0.51,0.56,素食,低,炒菜,0.1,0.34,0.75,0.63,牛肉,10,不健康
1028,19,5.0,28-35,男,0.78,0.46,0.45,0.36,素食,高,小吃,0.74,0.34,0.36,0.51,鸡肉,18,不健康
1051,3,4.19,28-35,女,0.3,0.51,0.4,0.12,素食,低,小吃,0.72,0.9,0.76,0.05,蔬菜,9,不健康
1491,12,2.71,28-35,女,0.19,0.56,0.69,0.53,素食,低,小吃,0.74,0.02,0.65,0.21,猪肉,11,一般
1442,16,5.0,23-27,女,0.07,0.82,0.32,0.98,无特殊要求,低,小吃,0.74,0.02,0.96,0.34,牛肉,11,一般
1261,17,5.0,23-27,女,0.1,0.21,0.97,0.67,荤素搭配,低,汤,0.19,0.85,0.7,0.09,猪肉,11,一般
1261,7,2.85,23-27,女,0.1,0.21,0.97,0.67,荤素搭配,低,汤,0.05,0.71,0.58,0.2,面食,12,不健康
1350,13,2.12,23-27,男,0.39,0.47,0.45,0.6,荤素搭配,高,汤,0.7,0.31,0.87,0.34,蔬菜,13,一般
1352,2,5.0,28-35,女,0.03,0.26,0.28,0.91,素食,低,主食,0.02,0.44,0.25,0.68,猪肉,6,健康
1008,4,1.75,28-35,男,0.51,0.05,0.88,0.46,素食,高,主食,0.37,0.27,0.39,0.16,面食,19,健康
1320,10,5.0,18-22,男,0.06,0.43,0.21,0.39,无特殊要求,中,炒菜,0.1,0.34,0.75,0.63,蔬菜,19,不健康
1138,7,5.0,18-22,女,0.05,0.81,0.84,0.91,荤素搭配,低,汤,0.05,0.71,0.58,0.2,面食,12,不健康
1038,17,3.83,18-22,女,0.13,0.11,0.92,0.75,荤素搭配,低,汤,0.19,0.85,0.7,0.09,猪肉,7,一般
1111,20,5.0,18-22,女,0.4,0.02,0.81,0.36,荤素搭配,中,主食,0.36,0.78,0.97,0.58,面食,5,不健康
1480,6,4.43,28-35,男,0.55,0.1,0.02,0.17,素食,低,炒菜,0.45,0.52,0.52,0.69,面食,7,不健康
1368,19,3.31,18-22,女,0.11,0.29,0.76,0.75,荤素搭配,高,小吃,0.74,0.34,0.36,0.51,鸡肉,18,不健康
1220,5,4.71,18-22,男,0.21,0.07,0.29,0.63,荤素搭配,高,汤,0.1,0.52,0.72,0.7,面食,14,一般
1337,10,2.99,23-27,女,0.13,0.29,0.66,0.61,荤素搭配,中,炒菜,0.1,0.34,0.75,0.63,牛肉,19,不健康
1223,9,5.0,18-22,女,0.19,0.18,0.87,0.74,无特殊要求,低,小吃,0.33,0.38,0.93,0.21,蔬菜,12,不健康
1136,13,2.38,23-27,男,0.04,0.24,0.11,0.53,荤素搭配,低,汤,0.7,0.31,0.87,0.34,蔬菜,13,一般
1256,19,4.65,28-35,女,0.08,0.55,0.27,0.61,素食,低,小吃,0.74,0.34,0.36,0.51,面食,5,不健康
1360,6,3.96,28-35,女,0.13,0.35,0.41,0.17,素食,低,炒菜,0.45,0.52,0.52,0.69,面食,7,不健康
1409,4,1.63,28-35,男,0.27,0.08,0.57,0.46,素食,中,主食,0.37,0.27,0.39,0.16,牛肉,19,健康
1329,3,2.15,18-22,男,0.6,0.05,0.84,0.65,无特殊要求,高,小吃,0.72,0.9,0.76,0.05,蔬菜,19,不健康
1450,3,3.85,23-27,女,0.37,0.01,0.69,0.98,荤素搭配,高,小吃,0.72,0.9,0.76,0.05,蔬菜,19,不健康
1463,4,1.43,28-35,女,0.11,0.27,0.03,0.82,素食,低,主食,0.37,0.27,0.39,0.16,牛肉,14,健康
1434,5,5.0,18-22,女,0.29,0.28,0.67,0.02,无特殊要求,高,汤,0.1,0.52,0.72,0.7,牛肉,14,一般
1451,8,5.0,28-35,男,0.97,0.16,0.18,0.57,素食,中,小吃,0.05,0.11,0.52,0.76,猪肉,9,健康
1049,16,5.0,28-35,男,0.55,0.15,0.45,0.88,素食,低,小吃,0.74,0.02,0.96,0.34,蔬菜,11,一般
1292,3,4.88,28-35,男,0.4,0.37,0.28,0.91,素食,中,小吃,0.72,0.9,0.76,0.05,蔬菜,19,不健康
1382,12,2.42,18-22,男,0.33,0.13,0.17,0.26,无特殊要求,中,小吃,0.74,0.02,0.65,0.21,猪肉,11,一般
1324,8,4.29,18-22,男,0.84,0.35,0.02,0.19,荤素搭配,高,小吃,0.05,0.11,0.52,0.76,猪肉,12,健康
1078,13,5.0,28-35,女,0.44,0.38,0.14,0.71,素食,低,汤,0.7,0.31,0.87,0.34,蔬菜,13,一般
1105,4,4.2,23-27,男,0.05,0.12,0.07,0.76,素食,低,主食,0.37,0.27,0.39,0.16,蔬菜,14,健康
1169,14,2.01,18-22,女,0.05,0.49,0.22,0.17,无特殊要求,低,小吃,0.62,0.29,0.92,0.78,面食,11,健康
1217,14,3.5,23-27,女,0.42,0.15,0.96,0.4,无特殊要求,中,小吃,0.62,0.29,0.92,0.78,猪肉,11,健康
1378,13,2.98,18-22,男,0.11,0.07,0.74,0.71,荤素搭配,中,汤,0.7,0.31,0.87,0.34,蔬菜,13,一般
1119,6,5.0,18-22,女,0.22,0.16,0.24,0.5,无特殊要求,高,炒菜,0.45,0.52,0.52,0.69,面食,15,不健康
1190,17,4.9,23-27,女,0.2,0.55,0.45,0.88,素食,低,汤,0.19,0.85,0.7,0.09,面食,9,一般
1255,4,1.64,18-22,男,0.49,0.01,0.49,0.34,荤素搭配,中,主食,0.37,0.27,0.39,0.16,牛肉,19,健康
1370,8,5.0,28-35,女,0.21,0.52,0.92,0.64,素食,低,小吃,0.05,0.11,0.52,0.76,面食,9,健康
1266,17,3.75,18-22,男,0.36,0.19,0.12,0.92,无特殊要求,低,汤,0.19,0.85,0.7,0.09,蔬菜,8,一般
1149,3,4.74,18-22,男,0.4,0.18,0.36,0.37,荤素搭配,低,小吃,0.72,0.9,0.76,0.05,蔬菜,8,不健康
1164,17,5.0,23-27,女,0.38,0.91,0.01,0.81,素食,高,汤,0.19,0.85,0.7,0.09,蔬菜,19,一般
1140,9,4.89,23-27,男,0.25,0.43,0.63,0.26,素食,低,小吃,0.33,0.38,0.93,0.21,蔬菜,12,不健康
1347,2,2.35,23-27,女,0.45,0.39,0.43,0.08,素食,中,主食,0.02,0.44,0.25,0.68,蔬菜,18,健康
1488,13,1.51,23-27,女,0.06,0.18,0.12,0.91,荤素搭配,中,汤,0.7,0.31,0.87,0.34,蔬菜,13,一般
1258,20,5.0,18-22,男,0.97,0.03,0.9,0.33,荤素搭配,高,主食,0.36,0.78,0.97,0.58,面食,15,不健康
1374,2,3.79,23-27,女,0.14,0.49,0.26,0.75,素食,高,主食,0.02,0.44,0.25,0.68,面食,18,健康
1269,20,2.6,23-27,男,0.39,0.49,0.99,0.21,荤素搭配,高,主食,0.36,0.78,0.97,0.58,面食,17,不健康
1181,11,1.68,18-22,男,0.02,0.47,0.24,0.69,无特殊要求,低,汤,0.42,0.96,0.73,0.06,牛肉,6,健康
1160,15,3.7,18-22,女,0.1,0.98,0.06,0.9,无特殊要求,高,炒菜,0.24,0.95,0.36,0.65,鸡肉,17,一般
1351,11,3.88,18-22,男,0.9,0.43,0.89,0.27,荤素搭配,低,汤,0.42,0.96,0.73,0.06,牛肉,6,健康
1400,3,3.41,23-27,男,0.05,0.26,0.82,0.24,素食,中,小吃,0.72,0.9,0.76,0.05,蔬菜,19,不健康
1288,3,5.0,28-35,女,0.21,0.81,0.77,0.15,素食,高,小吃,0.72,0.9,0.76,0.05,蔬菜,19,不健康
1288,12,4.7,28-35,女,0.21,0.81,0.77,0.15,素食,高,小吃,0.74,0.02,0.65,0.21,猪肉,11,一般
1380,5,2.69,23-27,男,0.91,0.18,0.93,0.81,无特殊要求,高,汤,0.1,0.52,0.72,0.7,牛肉,14,一般
1226,20,4.69,23-27,男,0.3,0.43,0.19,0.11,无特殊要求,中,主食,0.36,0.78,0.97,0.58,面食,5,不健康
1011,7,4.88,23-27,女,0.35,0.36,0.85,0.55,荤素搭配,低,汤,0.05,0.71,0.58,0.2,面食,12,不健康
1010,7,2.7,18-22,男,0.43,0.19,0.77,0.47,荤素搭配,中,汤,0.05,0.71,0.58,0.2,面食,12,不健康
1271,13,4.38,23-27,男,0.29,0.08,0.01,0.43,素食,高,汤,0.7,0.31,0.87,0.34,蔬菜,13,一般
1273,9,2.06,23-27,女,0.04,0.49,0.6,0.1,荤素搭配,高,小吃,0.33,0.38,0.93,0.21,蔬菜,12,不健康
1424,13,1.53,23-27,男,0.01,0.18,0.27,0.04,荤素搭配,高,汤,0.7,0.31,0.87,0.34,蔬菜,13,一般
1402,12,3.48,23-27,女,0.09,0.3,0.06,0.0,荤素搭配,中,小吃,0.74,0.02,0.65,0.21,猪肉,11,一般
1183,13,5.0,23-27,男,0.19,0.48,0.42,0.09,荤素搭配,高,汤,0.7,0.31,0.87,0.34,蔬菜,13,一般
1457,10,4.28,23-27,女,0.36,0.42,0.1,0.04,荤素搭配,高,炒菜,0.1,0.34,0.75,0.63,牛肉,19,不健康
1153,1,5.0,23-27,女,0.36,0.57,0.22,0.76,素食,中,主食,0.71,0.15,0.46,0.04,蔬菜,15,健康
1488,8,5.0,23-27,女,0.06,0.18,0.12,0.91,荤素搭配,中,小吃,0.05,0.11,0.52,0.76,猪肉,9,健康
1315,16,5.0,28-35,男,0.78,0.3,0.24,0.22,素食,低,小吃,0.74,0.02,0.96,0.34,牛肉,11,一般
1334,13,5.0,18-22,男,0.09,0.08,0.43,0.95,无特殊要求,中,汤,0.7,0.31,0.87,0.34,蔬菜,13,一般
1124,3,1.57,28-35,男,0.09,0.13,0.5,0.11,素食,中,小吃,0.72,0.9,0.76,0.05,蔬菜,19,不健康
1473,3,4.92,23-27,男,1.0,0.16,0.05,0.33,荤素搭配,低,小吃,0.72,0.9,0.76,0.05,蔬菜,10,不健康
1114,5,4.64,18-22,男,0.3,0.05,1.0,0.63,无特殊要求,高,汤,0.1,0.52,0.72,0.7,面食,14,一般
1278,11,5.0,28-35,女,0.22,0.42,0.19,0.01,素食,中,汤,0.42,0.96,0.73,0.06,面食,6,健康
1500,7,4.06,18-22,女,0.24,0.5,0.92,0.63,荤素搭配,低,汤,0.05,0.71,0.58,0.2,面食,12,不健康
1414,10,2.18,23-27,女,0.22,0.33,0.96,0.52,荤素搭配,中,炒菜,0.1,0.34,0.75,0.63,牛肉,19,不健康
1468,10,2.36,23-27,女,0.23,0.82,0.65,0.84,无特殊要求,低,炒菜,0.1,0.34,0.75,0.63,牛肉,8,不健康
1213,20,3.31,18-22,女,0.12,0.81,0.44,0.12,荤素搭配,低,主食,0.36,0.78,0.97,0.58,面食,5,不健康
1172,2,5.0,28-35,男,0.06,0.12,0.5,0.34,素食,中,主食,0.02,0.44,0.25,0.68,猪肉,18,健康
1288,3,3.47,28-35,女,0.21,0.81,0.77,0.15,素食,高,小吃,0.72,0.9,0.76,0.05,蔬菜,19,不健康
1435,8,3.63,23-27,女,0.36,0.27,0.31,0.53,素食,低,小吃,0.05,0.11,0.52,0.76,面食,9,健康
1174,11,4.87,18-22,男,0.12,0.07,0.97,0.68,荤素搭配,中,汤,0.42,0.96,0.73,0.06,牛肉,6,健康
1113,13,3.72,23-27,男,0.61,0.22,1.0,0.37,荤素搭配,高,汤,0.7,0.31,0.87,0.34,蔬菜,13,一般
1376,7,1.59,23-27,男,0.8,0.46,0.33,0.16,荤素搭配,低,汤,0.05,0.71,0.58,0.2,面食,12,不健康
1405,13,5.0,18-22,男,0.61,0.12,0.2,0.76,无特殊要求,低,汤,0.7,0.31,0.87,0.34,蔬菜,13,一般
1483,2,4.04,28-35,女,0.23,0.94,0.0,0.89,素食,低,主食,0.02,0.44,0.25,0.68,猪肉,8,健康
1122,6,2.32,23-27,女,0.28,0.77,0.93,0.26,荤素搭配,中,炒菜,0.45,0.52,0.52,0.69,面食,7,不健康
1032,9,5.0,18-22,男,0.14,0.3,0.73,0.16,荤素搭配,高,小吃,0.33,0.38,0.93,0.21,蔬菜,12,不健康
1222,20,5.0,18-22,男,0.24,0.14,0.85,0.62,无特殊要求,中,主食,0.36,0.78,0.97,0.58,面食,5,不健康
1119,2,4.47,18-22,女,0.22,0.16,0.24,0.5,无特殊要求,高,主食,0.02,0.44,0.25,0.68,猪肉,18,健康
1039,18,5.0,28-35,女,0.44,0.77,0.43,0.76,素食,低,汤,0.12,0.72,0.07,0.92,猪肉,12,不健康
1497,16,5.0,28-35,男,0.36,0.07,0.57,0.56,素食,中,小吃,0.74,0.02,0.96,0.34,面食,11,一般
1268,12,5.0,23-27,男,0.39,0.3,0.6,0.67,素食,中,小吃,0.74,0.02,0.65,0.21,蔬菜,11,一般
1233,7,4.93,23-27,女,0.35,0.76,0.61,0.1,素食,高,汤,0.05,0.71,0.58,0.2,面食,12,不健康
1431,7,4.03,28-35,男,0.52,0.22,0.8,0.45,素食,低,汤,0.05,0.71,0.58,0.2,面食,12,不健康
1018,17,5.0,18-22,女,0.3,0.28,0.6,0.82,荤素搭配,中,汤,0.19,0.85,0.7,0.09,猪肉,19,一般
1149,13,1.77,18-22,男,0.4,0.18,0.36,0.37,荤素搭配,低,汤,0.7,0.31,0.87,0.34,蔬菜,13,一般
1397,11,3.56,28-35,男,0.17,0.27,0.96,0.41,素食,低,汤,0.42,0.96,0.73,0.06,牛肉,6,健康
1149,6,3.72,18-22,男,0.4,0.18,0.36,0.37,荤素搭配,低,炒菜,0.45,0.52,0.52,0.69,面食,7,不健康
1126,14,5.0,23-27,男,1.0,0.38,0.6,0.86,无特殊要求,低,小吃,0.62,0.29,0.92,0.78,猪肉,11,健康
1392,6,5.0,23-27,男,0.61,0.18,0.38,0.47,荤素搭配,低,炒菜,0.45,0.52,0.52,0.69,面食,7,不健康
1302,6,4.11,23-27,女,0.03,0.21,0.97,0.14,素食,低,炒菜,0.45,0.52,0.52,0.69,面食,7,不健康
1360,2,2.39,28-35,女,0.04,0.35,0.41,0.17,素食,低,主食,0.02,0.44,0.25,0.68,面食,7,健康
1238,20,4.42,18-22,女,0.29,0.01,0.08,0.39,荤素搭配,低,主食,0.36,0.78,0.97,0.58,面食,5,不健康
1135,15,2.07,23-27,男,0.98,0.38,0.16,0.01,无特殊要求,低,炒菜,0.24,0.95,0.36,0.65,鸡肉,7,一般
1151,17,5.0,18-22,男,0.05,0.03,0.11,0.97,无特殊要求,中,汤,0.19,0.85,0.7,0.09,猪肉,19,一般
1236,8,2.47,18-22,男,0.01,0.13,0.25,0.43,无特殊要求,低,小吃,0.05,0.11,0.52,0.76,蔬菜,9,健康
1224,5,2.15,28-35,女,0.14,0.41,0.26,0.98,素食,中,汤,0.1,0.52,0.72,0.7,牛肉,14,一般
1203,17,3.78,18-22,男,0.62,0.07,0.84,0.17,荤素搭配,中,汤,0.19,0.85,0.7,0.09,猪肉,19,一般
1256,20,5.0,28-35,女,0.08,0.55,0.27,0.61,素食,低,主食,0.36,0.78,0.97,0.58,面食,5,不健康
1086,1,5.0,28-35,男,0.95,0.29,0.95,0.18,素食,低,主食,0.71,0.15,0.46,0.04,鸡肉,15,健康
1150,18,4.51,23-27,男,0.99,0.3,0.11,0.73,素食,低,汤,0.12,0.72,0.07,0.92,面食,12,不健康
1235,15,5.0,23-27,女,0.18,0.47,0.65,0.03,荤素搭配,高,炒菜,0.24,0.95,0.36,0.65,鸡肉,16,一般
1345,5,2.53,23-27,女,0.21,0.22,0.26,0.21,荤素搭配,高,汤,0.1,0.52,0.72,0.7,牛肉,14,一般
1022,7,1.84,18-22,女,0.32,0.55,0.73,0.04,荤素搭配,高,汤,0.05,0.71,0.58,0.2,面食,12,不健康
1348,18,2.04,18-22,女,0.03,0.7,0.44,0.55,无特殊要求,中,汤,0.12,0.72,0.07,0.92,猪肉,12,不健康
1285,6,5.0,23-27,男,0.66,0.47,0.81,0.16,无特殊要求,低,炒菜,0.45,0.52,0.52,0.69,面食,7,不健康
1269,5,4.15,23-27,男,0.39,0.49,0.99,0.21,荤素搭配,高,汤,0.1,0.52,0.72,0.7,牛肉,14,一般
1466,19,5.0,18-22,女,0.36,0.91,0.67,0.4,无特殊要求,高,小吃,0.74,0.34,0.36,0.51,鸡肉,18,不健康
1258,10,3.24,18-22,男,0.97,0.29,0.9,0.33,荤素搭配,高,炒菜,0.1,0.34,0.75,0.63,蔬菜,19,不健康
1029,15,5.0,18-22,女,0.2,0.6,0.58,0.23,无特殊要求,高,炒菜,0.24,0.95,0.36,0.65,面食,14,一般
1213,10,2.73,18-22,女,0.01,0.81,0.44,0.12,荤素搭配,低,炒菜,0.1,0.34,0.75,0.63,牛肉,12,不健康
1463,16,1.75,28-35,女,0.43,0.27,0.03,0.82,素食,低,小吃,0.74,0.02,0.96,0.34,牛肉,11,一般
1436,12,4.33,18-22,女,0.22,0.88,0.09,0.44,荤素搭配,高,小吃,0.74,0.02,0.65,0.21,面食,11,一般
1283,18,2.91,18-22,女,0.11,0.19,0.5,0.79,无特殊要求,高,汤,0.12,0.72,0.07,0.92,蔬菜,12,不健康
1050,1,5.0,18-22,男,0.42,0.13,0.59,0.19,荤素搭配,低,主食,0.71,0.15,0.46,0.04,面食,15,健康
1095,16,5.0,18-22,男,0.72,0.31,0.66,0.41,荤素搭配,低,小吃,0.74,0.02,0.96,0.34,牛肉,11,一般
1463,6,3.99,28-35,女,0.08,0.27,0.03,0.82,素食,低,炒菜,0.45,0.52,0.52,0.69,面食,7,不健康
1499,3,5.0,28-35,男,0.19,0.0,0.51,0.56,素食,低,小吃,0.72,0.9,0.76,0.05,蔬菜,12,不健康
1407,2,2.48,23-27,女,0.17,0.37,0.42,0.3,荤素搭配,中,主食,0.02,0.44,0.25,0.68,猪肉,18,健康
1088,2,4.68,23-27,男,0.56,0.1,0.82,0.12,无特殊要求,低,主食,0.02,0.44,0.25,0.68,猪肉,10,健康
1044,13,5.0,28-35,女,0.2,0.43,0.76,0.61,素食,中,汤,0.7,0.31,0.87,0.34,蔬菜,13,一般
1461,9,5.0,28-35,女,0.37,0.98,0.52,0.93,素食,低,小吃,0.33,0.38,0.93,0.21,蔬菜,12,不健康
1278,16,4.36,28-35,女,0.22,0.42,0.19,0.01,素食,中,小吃,0.74,0.02,0.96,0.34,蔬菜,11,一般
1171,5,5.0,18-22,男,0.3,0.1,0.4,0.67,荤素搭配,高,汤,0.1,0.52,0.72,0.7,蔬菜,14,一般
1421,7,3.27,18-22,男,0.31,0.37,0.78,0.66,无特殊要求,中,汤,0.05,0.71,0.58,0.2,面食,12,不健康
1189,13,5.0,23-27,男,0.91,0.35,0.85,0.31,素食,高,汤,0.7,0.31,0.87,0.34,蔬菜,13,一般
1353,20,1.52,18-22,女,0.11,0.08,0.14,0.16,荤素搭配,中,主食,0.36,0.78,0.97,0.58,面食,5,不健康
1184,13,1.56,28-35,女,0.48,0.09,0.13,0.24,素食,高,汤,0.7,0.31,0.87,0.34,蔬菜,13,一般
1003,7,2.79,28-35,女,0.25,0.43,0.67,0.43,素食,中,汤,0.05,0.71,0.58,0.2,面食,12,不健康
1191,10,2.72,23-27,男,0.1,0.26,0.75,0.09,素食,中,炒菜,0.1,0.34,0.75,0.63,面食,19,不健康
1118,15,4.92,18-22,女,0.22,0.31,0.62,0.53,荤素搭配,低,炒菜,0.24,0.95,0.36,0.65,面食,7,一般
1019,6,5.0,18-22,女,0.22,0.26,0.25,0.97,荤素搭配,高,炒菜,0.45,0.52,0.52,0.69,面食,18,不健康
1023,5,5.0,23-27,男,0.01,0.46,0.13,0.66,荤素搭配,低,汤,0.1,0.52,0.72,0.7,牛肉,14,一般
1413,2,3.83,18-22,女,0.21,0.8,0.62,0.47,无特殊要求,低,主食,0.02,0.44,0.25,0.68,猪肉,7,健康
1030,15,4.31,23-27,男,0.05,0.32,0.31,0.44,无特殊要求,低,炒菜,0.24,0.95,0.36,0.65,鸡肉,7,一般
1295,16,1.83,28-35,女,0.49,0.46,0.21,0.76,素食,低,小吃,0.74,0.02,0.96,0.34,牛肉,11,一般
1108,19,3.96,23-27,女,0.38,0.61,0.62,0.48,荤素搭配,高,小吃,0.74,0.34,0.36,0.51,鸡肉,18,不健康
1367,9,3.37,28-35,女,0.09,0.58,0.05,0.34,素食,低,小吃,0.33,0.38,0.93,0.21,蔬菜,12,不健康
1281,19,1.77,28-35,女,0.11,0.91,0.19,0.61,素食,高,小吃,0.74,0.34,0.36,0.51,蔬菜,18,不健康
1128,7,1.53,28-35,男,0.4,0.08,0.7,0.25,素食,中,汤,0.05,0.71,0.58,0.2,面食,12,不健康
1229,4,3.65,28-35,女,0.39,0.35,0.45,0.59,素食,低,主食,0.37,0.27,0.39,0.16,牛肉,8,健康
1111,3,5.0,18-22,女,0.4,0.02,0.81,0.36,无特殊要求,中,小吃,0.72,0.9,0.76,0.05,蔬菜,19,不健康
1136,20,3.62,23-27,男,0.04,0.24,0.11,0.53,荤素搭配,低,主食,0.36,0.78,0.97,0.58,面食,5,不健康
1362,11,4.71,23-27,女,0.18,0.29,0.46,0.29,荤素搭配,中,汤,0.42,0.96,0.73,0.06,牛肉,6,健康
1186,1,4.64,18-22,男,0.27,0.33,0.72,0.99,无特殊要求,中,主食,0.71,0.15,0.46,0.04,鸡肉,15,健康
1144,6,5.0,28-35,男,0.68,0.3,0.56,0.71,素食,低,炒菜,0.45,0.52,0.52,0.69,面食,7,不健康
1072,11,3.13,23-27,男,0.29,0.42,0.79,0.55,荤素搭配,低,汤,0.42,0.96,0.73,0.06,牛肉,6,健康
1129,1,4.65,18-22,男,0.31,0.12,0.86,0.49,荤素搭配,低,主食,0.71,0.15,0.46,0.04,鸡肉,15,健康
1364,7,5.0,18-22,女,0.23,0.27,0.6,0.67,无特殊要求,中,汤,0.05,0.71,0.58,0.2,面食,12,不健康
1261,6,3.12,23-27,女,0.1,0.21,0.97,0.67,荤素搭配,低,炒菜,0.45,0.52,0.52,0.69,面食,7,不健康
1003,14,3.23,28-35,女,0.25,0.43,0.67,0.43,素食,中,小吃,0.62,0.29,0.92,0.78,猪肉,11,健康
1449,2,5.0,23-27,男,0.04,0.23,0.02,0.95,素食,低,主食,0.02,0.44,0.25,0.68,面食,9,健康
1388,4,3.78,23-27,女,0.11,0.37,0.87,0.21,荤素搭配,中,主食,0.37,0.27,0.39,0.16,牛肉,19,健康
1104,11,1.79,23-27,女,0.14,0.55,0.27,0.07,荤素搭配,中,汤,0.42,0.96,0.73,0.06,牛肉,6,健康
1483,15,4.71,28-35,女,0.4,0.94,0.0,0.89,素食,低,炒菜,0.24,0.95,0.36,0.65,鸡肉,7,一般
1224,18,4.29,28-35,女,0.32,0.41,0.26,0.98,素食,中,汤,0.12,0.72,0.07,0.92,猪肉,12,不健康
1320,1,2.27,18-22,男,0.06,0.37,0.21,0.39,无特殊要求,中,主食,0.71,0.15,0.46,0.04,蔬菜,15,健康
1362,3,2.75,23-27,女,0.18,0.29,0.46,0.29,荤素搭配,中,小吃,0.72,0.9,0.76,0.05,蔬菜,19,不健康
1354,3,3.82,18-22,女,0.1,0.74,0.86,0.94,荤素搭配,高,小吃,0.72,0.9,0.76,0.05,蔬菜,19,不健康
1491,7,5.0,28-35,女,0.19,0.56,0.69,0.53,素食,低,汤,0.05,0.71,0.58,0.2,面食,12,不健康
1473,1,5.0,23-27,男,1.0,0.16,0.05,0.33,荤素搭配,低,主食,0.71,0.15,0.46,0.04,鸡肉,15,健康
1010,11,1.95,18-22,男,0.43,0.19,0.77,0.47,荤素搭配,中,汤,0.42,0.96,0.73,0.06,蔬菜,6,健康
1405,6,3.39,18-22,男,0.61,0.36,0.2,0.76,荤素搭配,低,炒菜,0.45,0.52,0.52,0.69,面食,7,不健康
1384,20,5.0,28-35,男,0.75,0.5,0.58,0.49,素食,低,主食,0.36,0.78,0.97,0.58,面食,5,不健康
1302,3,3.57,23-27,女,0.33,0.21,0.97,0.14,素食,低,小吃,0.72,0.9,0.76,0.05,蔬菜,14,不健康
1231,19,5.0,18-22,男,0.99,0.12,0.46,0.61,荤素搭配,中,小吃,0.74,0.34,0.36,0.51,鸡肉,18,不健康
1219,2,2.46,28-35,男,0.76,0.18,0.63,0.05,素食,高,主食,0.02,0.44,0.25,0.68,蔬菜,18,健康
1411,18,5.0,18-22,女,0.06,0.08,0.52,0.23,荤素搭配,中,汤,0.12,0.72,0.07,0.92,猪肉,12,不健康
1066,12,3.09,23-27,女,0.42,0.21,0.86,0.06,无特殊要求,高,小吃,0.74,0.02,0.65,0.21,猪肉,11,一般
1425,10,5.0,18-22,女,0.32,0.86,0.6,0.57,无特殊要求,低,炒菜,0.1,0.34,0.75,0.63,牛肉,5,不健康
1112,5,1.84,28-35,男,0.58,0.07,0.17,0.89,素食,高,汤,0.1,0.52,0.72,0.7,蔬菜,14,一般
1013,9,4.86,23-27,男,0.95,0.02,0.38,0.9,荤素搭配,低,小吃,0.33,0.38,0.93,0.21,蔬菜,12,不健康
1393,2,5.0,18-22,女,0.42,0.18,0.92,0.76,荤素搭配,高,主食,0.02,0.44,0.25,0.68,猪肉,18,健康
1500,2,3.89,18-22,女,0.24,0.5,0.92,0.63,荤素搭配,低,主食,0.02,0.44,0.25,0.68,猪肉,10,健康
1420,6,4.55,28-35,男,0.49,0.11,0.08,0.34,素食,低,炒菜,0.45,0.52,0.52,0.69,面食,7,不健康
1086,10,3.11,28-35,男,0.95,0.17,0.95,0.18,素食,低,炒菜,0.1,0.34,0.75,0.63,牛肉,11,不健康
1234,18,2.22,28-35,女,0.38,0.6,0.96,0.67,素食,低,汤,0.12,0.72,0.07,0.92,猪肉,12,不健康
1090,12,2.5,18-22,男,0.43,0.3,0.26,0.0,无特殊要求,中,小吃,0.74,0.02,0.65,0.21,面食,11,一般
1314,4,2.61,23-27,女,0.29,0.17,0.76,0.99,无特殊要求,中,主食,0.37,0.27,0.39,0.16,牛肉,19,健康
1054,17,4.96,28-35,女,0.38,0.7,0.26,0.94,素食,低,汤,0.19,0.85,0.7,0.09,猪肉,7,一般
1012,15,2.57,23-27,女,0.31,0.9,0.9,0.33,荤素搭配,高,炒菜,0.24,0.95,0.36,0.65,鸡肉,11,一般
1209,6,4.18,18-22,男,0.21,0.09,0.36,0.84,无特殊要求,中,炒菜,0.45,0.52,0.52,0.69,面食,7,不健康
1462,16,2.89,18-22,女,0.41,1.0,0.58,0.04,无特殊要求,高,小吃,0.74,0.02,0.96,0.34,牛肉,11,一般
1014,17,1.55,23-27,男,0.27,0.27,0.3,0.61,荤素搭配,高,汤,0.19,0.85,0.7,0.09,猪肉,19,一般
1121,3,4.33,23-27,女,0.36,0.33,0.65,0.28,素食,低,小吃,0.72,0.9,0.76,0.05,蔬菜,13,不健康
1418,10,3.1,18-22,女,0.44,0.62,0.67,0.55,荤素搭配,高,炒菜,0.1,0.34,0.75,0.63,面食,19,不健康
1437,5,1.91,28-35,女,0.44,0.62,0.29,0.42,素食,高,汤,0.1,0.52,0.72,0.7,面食,14,一般
1377,14,4.9,28-35,女,0.17,0.66,0.55,0.12,素食,高,小吃,0.62,0.29,0.92,0.78,猪肉,11,健康
1020,13,2.78,23-27,女,0.01,0.88,0.2,0.95,无特殊要求,高,汤,0.7,0.31,0.87,0.34,蔬菜,13,一般
1075,6,3.48,28-35,男,0.34,0.2,0.84,0.88,素食,中,炒菜,0.45,0.52,0.52,0.69,面食,7,不健康
1400,12,1.64,23-27,男,0.05,0.49,0.82,0.24,素食,中,小吃,0.74,0.02,0.65,0.21,面食,11,一般
1243,8,2.72,23-27,女,0.32,0.04,0.61,0.48,荤素搭配,中,小吃,0.05,0.11,0.52,0.76,猪肉,9,健康
1223,5,4.26,18-22,女,0.19,0.18,0.87,0.74,无特殊要求,低,汤,0.1,0.52,0.72,0.7,面食,14,一般
1070,15,2.67,28-35,女,0.3,0.17,0.4,0.34,素食,低,炒菜,0.24,0.95,0.36,0.65,鸡肉,7,一般
1312,16,5.0,18-22,男,0.78,0.02,0.82,0.3,无特殊要求,中,小吃,0.74,0.02,0.96,0.34,蔬菜,11,一般
1211,1,3.9,28-35,女,0.03,0.81,0.16,0.28,素食,高,主食,0.71,0.15,0.46,0.04,面食,15,健康
1101,16,1.81,18-22,男,0.17,0.03,0.39,0.9,无特殊要求,高,小吃,0.74,0.02,0.96,0.34,牛肉,11,一般
1186,5,4.52,18-22,男,0.27,0.39,0.72,0.99,无特殊要求,中,汤,0.1,0.52,0.72,0.7,牛肉,14,一般
1132,3,5.0,28-35,男,0.21,0.31,0.48,0.45,素食,低,小吃,0.72,0.9,0.76,0.05,蔬菜,13,不健康
1111,20,5.0,18-22,女,0.4,0.02,0.81,0.36,荤素搭配,中,主食,0.36,0.78,0.97,0.58,面食,5,不健康
1381,15,3.0,23-27,女,0.07,0.57,0.31,0.22,素食,高,炒菜,0.24,0.95,0.36,0.65,蔬菜,19,一般
1132,13,2.81,28-35,男,0.21,0.31,0.48,0.45,素食,低,汤,0.7,0.31,0.87,0.34,蔬菜,13,一般
1020,16,4.54,23-27,女,0.01,0.88,0.2,0.95,无特殊要求,高,小吃,0.74,0.02,0.96,0.34,牛肉,11,一般
1394,11,4.52,28-35,男,0.48,0.31,0.9,0.14,素食,高,汤,0.42,0.96,0.73,0.06,面食,19,健康
1024,2,4.62,28-35,女,0.21,0.43,0.2,0.55,素食,中,主食,0.02,0.44,0.25,0.68,猪肉,18,健康
1227,6,5.0,23-27,女,0.19,0.27,0.82,1.0,荤素搭配,中,炒菜,0.45,0.52,0.52,0.69,面食,7,不健康
1154,6,3.26,28-35,女,0.31,0.92,0.66,0.44,素食,低,炒菜,0.45,0.52,0.52,0.69,面食,7,不健康
1293,14,3.55,28-35,男,0.75,0.06,0.71,0.53,素食,低,小吃,0.62,0.29,0.92,0.78,猪肉,11,健康
1230,11,3.41,18-22,女,0.28,0.33,0.92,0.27,无特殊要求,中,汤,0.42,0.96,0.73,0.06,牛肉,6,健康
1469,8,1.53,18-22,女,0.46,0.27,0.17,0.48,无特殊要求,低,小吃,0.05,0.11,0.52,0.76,面食,9,健康
1310,8,5.0,18-22,男,0.23,0.12,0.01,0.51,荤素搭配,高,小吃,0.05,0.11,0.52,0.76,面食,13,健康
1488,1,2.16,23-27,女,0.06,0.18,0.12,0.91,荤素搭配,中,主食,0.71,0.15,0.46,0.04,鸡肉,15,健康
1359,7,5.0,28-35,女,0.07,0.4,0.68,0.76,素食,低,汤,0.05,0.71,0.58,0.2,面食,12,不健康
1405,6,3.39,18-22,男,0.61,0.15,0.2,0.76,无特殊要求,低,炒菜,0.45,0.52,0.52,0.69,面食,7,不健康
1202,8,3.72,18-22,女,0.33,0.89,0.85,0.21,荤素搭配,中,小吃,0.05,0.11,0.52,0.76,面食,9,健康
1038,19,5.0,18-22,女,0.13,0.11,0.92,0.75,荤素搭配,低,小吃,0.74,0.34,0.36,0.51,鸡肉,11,不健康
1430,20,5.0,18-22,男,0.94,0.43,0.36,0.44,荤素搭配,中,主食,0.36,0.78,0.97,0.58,面食,5,不健康
1260,8,1.14,18-22,男,0.93,0.09,0.11,0.03,荤素搭配,高,小吃,0.05,0.11,0.52,0.76,猪肉,15,健康
1188,14,5.0,23-27,男,0.85,0.07,0.95,0.51,荤素搭配,低,小吃,0.62,0.29,0.92,0.78,猪肉,11,健康
1057,18,5.0,18-22,女,0.01,0.98,0.46,0.82,荤素搭配,中,汤,0.12,0.72,0.07,0.92,猪肉,12,不健康
1429,16,2.74,18-22,女,0.04,0.87,0.21,0.43,无特殊要求,低,小吃,0.74,0.02,0.96,0.34,蔬菜,11,一般
1020,9,5.0,23-27,女,0.01,0.88,0.2,0.95,无特殊要求,高,小吃,0.33,0.38,0.93,0.21,蔬菜,12,不健康
1273,15,1.96,23-27,女,0.27,0.49,0.6,0.1,荤素搭配,高,炒菜,0.24,0.95,0.36,0.65,鸡肉,10,一般
1119,10,5.0,18-22,女,0.22,0.16,0.24,0.5,无特殊要求,高,炒菜,0.1,0.34,0.75,0.63,牛肉,19,不健康
1071,16,3.09,23-27,男,0.4,0.3,0.48,0.94,荤素搭配,低,小吃,0.74,0.02,0.96,0.34,牛肉,11,一般
1004,4,4.46,23-27,女,0.44,0.07,0.4,0.76,荤素搭配,中,主食,0.37,0.27,0.39,0.16,牛肉,19,健康
1221,20,4.37,23-27,男,0.57,0.02,0.55,0.27,无特殊要求,高,主食,0.36,0.78,0.97,0.58,面食,13,不健康
1014,13,4.74,23-27,男,0.27,0.27,0.3,0.61,荤素搭配,高,汤,0.7,0.31,0.87,0.34,蔬菜,13,一般
1003,5,3.03,28-35,女,0.25,0.43,0.67,0.43,素食,中,汤,0.1,0.52,0.72,0.7,牛肉,14,一般
1216,7,2.94,23-27,男,0.98,0.4,0.32,0.46,素食,低,汤,0.05,0.71,0.58,0.2,面食,12,不健康
1229,9,1.93,28-35,女,0.38,0.35,0.45,0.59,素食,低,小吃,0.33,0.38,0.93,0.21,蔬菜,12,不健康
1336,8,5.0,18-22,男,0.68,0.22,0.86,0.49,无特殊要求,高,小吃,0.05,0.11,0.52,0.76,面食,17,健康
1186,16,5.0,18-22,男,0.27,0.34,0.72,0.99,无特殊要求,中,小吃,0.74,0.02,0.96,0.34,牛肉,11,一般
1055,6,4.93,23-27,女,0.41,0.83,0.37,0.1,荤素搭配,低,炒菜,0.45,0.52,0.52,0.69,面食,7,不健康
1500,16,4.71,18-22,女,0.24,0.5,0.92,0.63,荤素搭配,低,小吃,0.74,0.02,0.96,0.34,牛肉,11,一般
1388,6,4.17,23-27,女,0.24,0.37,0.87,0.21,荤素搭配,中,炒菜,0.45,0.52,0.52,0.69,面食,7,不健康
1376,14,2.06,23-27,男,0.8,0.46,0.33,0.16,荤素搭配,低,小吃,0.62,0.29,0.92,0.78,猪肉,11,健康
1254,1,2.29,18-22,男,0.33,0.08,0.07,0.2,荤素搭配,低,主食,0.71,0.15,0.46,0.04,鸡肉,15,健康
1024,9,1.53,28-35,女,0.21,0.43,0.2,0.55,素食,中,小吃,0.33,0.38,0.93,0.21,蔬菜,12,不健康
1162,13,5.0,18-22,女,0.05,0.88,0.76,0.56,无特殊要求,高,汤,0.7,0.31,0.87,0.34,蔬菜,13,一般
1158,19,2.6,18-22,女,0.1,0.59,0.78,0.09,荤素搭配,高,小吃,0.74,0.34,0.36,0.51,鸡肉,18,不健康
1082,17,1.91,28-35,男,0.08,0.07,0.13,0.39,素食,中,汤,0.19,0.85,0.7,0.09,猪肉,19,一般
1403,11,5.0,23-27,男,0.1,0.26,0.96,0.43,素食,高,汤,0.42,0.96,0.73,0.06,面食,10,健康
1159,8,5.0,28-35,女,0.17,0.01,0.59,0.89,素食,中,小吃,0.05,0.11,0.52,0.76,猪肉,9,健康
1188,5,4.48,23-27,男,0.85,0.04,0.95,0.51,荤素搭配,低,汤,0.1,0.52,0.72,0.7,牛肉,14,一般
1060,10,2.4,23-27,男,0.44,0.48,0.83,0.9,无特殊要求,中,炒菜,0.1,0.34,0.75,0.63,牛肉,19,不健康
1403,7,5.0,23-27,男,0.1,0.0,0.96,0.43,素食,高,汤,0.05,0.71,0.58,0.2,面食,12,不健康
1305,10,5.0,23-27,男,0.47,0.26,0.83,0.46,素食,高,炒菜,0.1,0.34,0.75,0.63,蔬菜,19,不健康
1319,4,3.62,18-22,女,0.09,0.83,0.85,0.22,无特殊要求,中,主食,0.37,0.27,0.39,0.16,牛肉,19,健康
1366,9,3.48,23-27,男,0.76,0.32,0.1,0.07,荤素搭配,中,小吃,0.33,0.38,0.93,0.21,蔬菜,12,不健康
1211,14,4.21,28-35,女,0.4,0.81,0.16,0.28,素食,高,小吃,0.62,0.29,0.92,0.78,面食,11,健康
1406,2,1.43,23-27,女,0.02,0.38,0.11,0.35,素食,中,主食,0.02,0.44,0.25,0.68,蔬菜,18,健康
1152,9,3.58,23-27,女,0.1,0.19,0.16,0.24,荤素搭配,中,小吃,0.33,0.38,0.93,0.21,蔬菜,12,不健康
1109,1,4.83,28-35,男,0.4,0.5,0.82,0.43,素食,低,主食,0.71,0.15,0.46,0.04,鸡肉,15,健康
1076,10,5.0,28-35,男,0.16,0.34,0.34,0.04,素食,中,炒菜,0.1,0.34,0.75,0.63,牛肉,19,不健康
1030,10,3.84,23-27,男,0.05,0.15,0.31,0.44,无特殊要求,低,炒菜,0.1,0.34,0.75,0.63,牛肉,14,不健康
1314,20,5.0,23-27,女,0.29,0.17,0.76,0.99,无特殊要求,中,主食,0.36,0.78,0.97,0.58,面食,5,不健康
1486,3,3.68,28-35,女,0.07,0.72,0.76,0.26,素食,高,小吃,0.72,0.9,0.76,0.05,蔬菜,19,不健康
1117,6,2.68,28-35,男,0.14,0.23,0.91,0.04,素食,中,炒菜,0.45,0.52,0.52,0.69,面食,7,不健康
1415,6,4.09,23-27,女,0.4,0.52,0.78,0.34,荤素搭配,中,炒菜,0.45,0.52,0.52,0.69,面食,7,不健康
1356,2,5.0,18-22,男,0.91,0.11,0.74,0.49,荤素搭配,低,主食,0.02,0.44,0.25,0.68,猪肉,13,健康
1192,18,2.51,18-22,男,0.32,0.39,0.62,0.16,无特殊要求,高,汤,0.12,0.72,0.07,0.92,面食,12,不健康
1019,2,3.85,18-22,女,0.36,0.26,0.25,0.97,荤素搭配,高,主食,0.02,0.44,0.25,0.68,猪肉,18,健康
1432,12,5.0,28-35,女,0.19,0.53,0.34,0.66,素食,中,小吃,0.74,0.02,0.65,0.21,蔬菜,11,一般
1173,5,4.2,28-35,女,0.3,0.07,0.9,0.69,素食,高,汤,0.1,0.52,0.72,0.7,蔬菜,14,一般
1228,20,5.0,28-35,男,0.08,0.47,0.8,0.79,素食,低,主食,0.36,0.78,0.97,0.58,面食,5,不健康
1350,7,2.98,23-27,男,0.39,0.49,0.45,0.6,荤素搭配,高,汤,0.05,0.71,0.58,0.2,面食,12,不健康
1183,16,3.59,23-27,男,0.19,0.1,0.42,0.09,荤素搭配,高,小吃,0.74,0.02,0.96,0.34,牛肉,11,一般
1113,20,4.15,23-27,男,0.61,0.05,1.0,0.37,荤素搭配,高,主食,0.36,0.78,0.97,0.58,面食,18,不健康
1183,1,3.45,23-27,男,0.19,0.07,0.42,0.09,荤素搭配,高,主食,0.71,0.15,0.46,0.04,鸡肉,15,健康
1481,1,1.62,18-22,男,0.56,0.1,0.2,0.67,无特殊要求,高,主食,0.71,0.15,0.46,0.04,鸡肉,15,健康
1146,17,3.0,23-27,女,0.16,0.43,0.64,0.82,荤素搭配,高,汤,0.19,0.85,0.7,0.09,猪肉,19,一般
1319,1,2.59,18-22,女,0.09,0.83,0.85,0.22,无特殊要求,中,主食,0.71,0.15,0.46,0.04,鸡肉,15,健康
1116,20,5.0,23-27,男,0.83,0.3,0.02,0.34,素食,高,主食,0.36,0.78,0.97,0.58,面食,14,不健康
1113,13,3.72,23-27,男,0.61,0.37,1.0,0.37,荤素搭配,高,汤,0.7,0.31,0.87,0.34,蔬菜,13,一般
1251,9,5.0,18-22,女,0.45,0.35,0.23,0.62,荤素搭配,高,小吃,0.33,0.38,0.93,0.21,蔬菜,12,不健康
1476,15,4.34,18-22,女,0.25,0.97,0.17,0.22,无特殊要求,低,炒菜,0.24,0.95,0.36,0.65,面食,7,一般
1251,3,1.94,18-22,女,0.15,0.35,0.23,0.62,荤素搭配,高,小吃,0.72,0.9,0.76,0.05,蔬菜,19,不健康
1303,14,5.0,18-22,女,0.1,0.11,0.57,0.78,荤素搭配,高,小吃,0.62,0.29,0.92,0.78,猪肉,11,健康
1459,11,5.0,23-27,男,0.83,0.43,0.64,0.95,无特殊要求,高,汤,0.42,0.96,0.73,0.06,牛肉,13,健康
1313,12,5.0,28-35,男,0.15,0.23,0.47,0.42,素食,中,小吃,0.74,0.02,0.65,0.21,面食,11,一般
1118,13,5.0,18-22,女,0.22,0.31,0.62,0.53,荤素搭配,低,汤,0.7,0.31,0.87,0.34,蔬菜,13,一般
1301,13,2.53,28-35,男,0.22,0.43,0.98,0.65,素食,高,汤,0.7,0.31,0.87,0.34,蔬菜,13,一般
1161,1,5.0,28-35,女,0.47,0.31,0.97,0.29,素食,高,主食,0.71,0.15,0.46,0.04,鸡肉,15,健康
1401,10,2.83,18-22,男,0.32,0.48,0.6,0.29,无特殊要求,低,炒菜,0.1,0.34,0.75,0.63,牛肉,8,不健康
1198,3,5.0,18-22,女,0.0,0.87,0.31,0.94,荤素搭配,高,小吃,0.72,0.9,0.76,0.05,蔬菜,19,不健康
1260,4,2.42,18-22,男,0.93,0.09,0.11,0.03,荤素搭配,高,主食,0.37,0.27,0.39,0.16,牛肉,19,健康
1148,16,3.15,23-27,男,0.87,0.23,0.48,0.13,荤素搭配,中,小吃,0.74,0.02,0.96,0.34,牛肉,11,一般
1240,8,5.0,28-35,男,0.23,0.34,0.61,0.86,素食,高,小吃,0.05,0.11,0.52,0.76,面食,17,健康
1047,16,4.99,28-35,女,0.17,0.65,0.61,0.79,素食,低,小吃,0.74,0.02,0.96,0.34,牛肉,11,一般
1475,17,3.23,23-27,男,0.77,0.46,0.63,0.39,荤素搭配,中,汤,0.19,0.85,0.7,0.09,猪肉,19,一般
1399,19,3.89,18-22,男,0.43,0.03,0.06,0.7,无特殊要求,高,小吃,0.74,0.34,0.36,0.51,鸡肉,18,不健康
1198,15,3.55,18-22,女,0.0,0.87,0.31,0.94,荤素搭配,高,炒菜,0.24,0.95,0.36,0.65,鸡肉,12,一般
1047,16,5.0,28-35,女,0.17,0.65,0.61,0.79,素食,低,小吃,0.74,0.02,0.96,0.34,牛肉,11,一般
1078,15,2.02,28-35,女,0.19,0.38,0.14,0.71,素食,低,炒菜,0.24,0.95,0.36,0.65,蔬菜,7,一般
1124,2,2.26,28-35,男,0.09,0.13,0.5,0.11,素食,中,主食,0.02,0.44,0.25,0.68,猪肉,18,健康
1075,11,5.0,28-35,男,0.34,0.29,0.84,0.88,素食,中,汤,0.42,0.96,0.73,0.06,牛肉,6,健康
1359,1,3.94,28-35,女,0.32,0.4,0.68,0.76,素食,低,主食,0.71,0.15,0.46,0.04,鸡肉,15,健康
1137,15,4.25,23-27,女,0.26,0.74,0.22,0.4,素食,高,炒菜,0.24,0.95,0.36,0.65,蔬菜,10,一般
1090,19,1.69,18-22,男,0.43,0.42,0.26,0.0,无特殊要求,中,小吃,0.74,0.34,0.36,0.51,面食,18,不健康
1400,4,1.6,23-27,男,0.05,0.09,0.82,0.24,素食,中,主食,0.37,0.27,0.39,0.16,蔬菜,19,健康
1325,11,3.39,28-35,男,0.65,0.38,0.98,0.67,素食,低,汤,0.42,0.96,0.73,0.06,牛肉,6,健康
1500,5,5.0,18-22,女,0.29,0.5,0.92,0.63,荤素搭配,低,汤,0.1,0.52,0.72,0.7,牛肉,14,一般
1061,3,4.98,23-27,男,0.41,0.02,0.86,0.17,荤素搭配,中,小吃,0.72,0.9,0.76,0.05,蔬菜,19,不健康
1138,13,4.65,18-22,女,0.26,0.81,0.84,0.91,荤素搭配,低,汤,0.7,0.31,0.87,0.34,蔬菜,13,一般
1050,10,1.89,18-22,男,0.42,0.09,0.59,0.19,无特殊要求,低,炒菜,0.1,0.34,0.75,0.63,蔬菜,12,不健康
1259,11,4.6,23-27,女,0.2,0.1,0.05,0.86,素食,高,汤,0.42,0.96,0.73,0.06,面食,14,健康
1461,18,5.0,28-35,女,0.14,0.98,0.52,0.93,素食,低,汤,0.12,0.72,0.07,0.92,蔬菜,12,不健康
1107,2,3.77,28-35,女,0.2,0.72,0.88,0.32,素食,低,主食,0.02,0.44,0.25,0.68,蔬菜,7,健康
1113,7,4.36,23-27,男,0.61,0.47,1.0,0.37,荤素搭配,高,汤,0.05,0.71,0.58,0.2,面食,12,不健康
1350,9,5.0,23-27,男,0.39,0.24,0.45,0.6,荤素搭配,高,小吃,0.33,0.38,0.93,0.21,蔬菜,12,不健康
1254,10,3.24,18-22,男,0.33,0.08,0.07,0.2,荤素搭配,低,炒菜,0.1,0.34,0.75,0.63,牛肉,14,不健康
1118,18,5.0,18-22,女,0.22,0.31,0.62,0.53,无特殊要求,低,汤,0.12,0.72,0.07,0.92,面食,12,不健康
1493,7,3.88,23-27,女,0.42,0.76,0.42,0.3,素食,中,汤,0.05,0.71,0.58,0.2,面食,12,不健康
1198,7,2.99,18-22,女,0.0,0.87,0.31,0.94,荤素搭配,高,汤,0.05,0.71,0.58,0.2,面食,12,不健康
1337,3,5.0,23-27,女,0.13,0.29,0.66,0.61,荤素搭配,中,小吃,0.72,0.9,0.76,0.05,蔬菜,19,不健康
1365,12,4.9,18-22,女,0.09,0.45,0.35,0.84,荤素搭配,中,小吃,0.74,0.02,0.65,0.21,猪肉,11,一般
1051,7,2.65,28-35,女,0.28,0.51,0.4,0.12,素食,低,汤,0.05,0.71,0.58,0.2,面食,12,不健康
1245,17,4.7,23-27,男,0.41,0.07,0.71,0.7,无特殊要求,低,汤,0.19,0.85,0.7,0.09,猪肉,5,一般
1403,1,3.65,23-27,男,0.1,0.37,0.96,0.43,素食,高,主食,0.71,0.15,0.46,0.04,蔬菜,15,健康
1426,5,5.0,18-22,女,0.25,0.79,0.89,0.55,荤素搭配,中,汤,0.1,0.52,0.72,0.7,面食,14,一般
1035,16,3.89,23-27,女,0.2,0.36,0.95,0.95,素食,中,小吃,0.74,0.02,0.96,0.34,蔬菜,11,一般
1302,15,5.0,23-27,女,0.45,0.21,0.97,0.14,素食,低,炒菜,0.24,0.95,0.36,0.65,面食,7,一般
1410,2,1.91,23-27,女,0.15,0.45,0.28,0.94,无特殊要求,低,主食,0.02,0.44,0.25,0.68,猪肉,13,健康
1499,9,4.65,28-35,男,0.19,0.0,0.51,0.56,素食,低,小吃,0.33,0.38,0.93,0.21,蔬菜,12,不健康
1069,7,1.81,18-22,男,0.83,0.25,0.39,0.56,无特殊要求,高,汤,0.05,0.71,0.58,0.2,面食,12,不健康
1349,4,4.55,18-22,女,0.35,0.28,0.48,0.47,荤素搭配,低,主食,0.37,0.27,0.39,0.16,牛肉,7,健康
1320,20,5.0,18-22,男,0.06,0.15,0.21,0.39,荤素搭配,中,主食,0.36,0.78,0.97,0.58,面食,5,不健康
1421,18,5.0,18-22,男,0.31,0.12,0.78,0.66,无特殊要求,中,汤,0.12,0.72,0.07,0.92,猪肉,12,不健康
1468,4,3.84,23-27,女,0.3,0.82,0.65,0.84,无特殊要求,低,主食,0.37,0.27,0.39,0.16,牛肉,10,健康
1049,13,3.12,28-35,男,0.55,0.15,0.45,0.88,素食,低,汤,0.7,0.31,0.87,0.34,蔬菜,13,一般
1405,1,2.7,18-22,男,0.61,0.04,0.2,0.76,荤素搭配,低,主食,0.71,0.15,0.46,0.04,面食,15,健康
1074,3,3.7,23-27,男,1.0,0.31,0.88,0.68,无特殊要求,低,小吃,0.72,0.9,0.76,0.05,蔬菜,8,不健康
1192,16,3.89,18-22,男,0.32,0.39,0.62,0.16,荤素搭配,高,小吃,0.74,0.02,0.96,0.34,蔬菜,11,一般
1261,4,1.58,23-27,女,0.1,0.21,0.97,0.67,荤素搭配,低,主食,0.37,0.27,0.39,0.16,牛肉,5,健康
1356,16,3.56,18-22,男,0.91,0.43,0.74,0.49,荤素搭配,低,小吃,0.74,0.02,0.96,0.34,牛肉,11,一般
1070,19,1.8,28-35,女,0.27,0.17,0.4,0.34,素食,低,小吃,0.74,0.34,0.36,0.51,鸡肉,11,不健康
1090,1,3.55,18-22,男,0.43,0.05,0.26,0.0,无特殊要求,中,主食,0.71,0.15,0.46,0.04,面食,15,健康
1260,5,3.24,18-22,男,0.93,0.09,0.11,0.03,荤素搭配,高,汤,0.1,0.52,0.72,0.7,牛肉,14,一般
1126,19,5.0,23-27,男,1.0,0.38,0.6,0.86,无特殊要求,低,小吃,0.74,0.34,0.36,0.51,鸡肉,14,不健康
1231,11,3.43,18-22,男,0.99,0.01,0.46,0.61,荤素搭配,中,汤,0.42,0.96,0.73,0.06,牛肉,6,健康
1295,13,5.0,28-35,女,0.49,0.46,0.21,0.76,素食,低,汤,0.7,0.31,0.87,0.34,蔬菜,13,一般
1498,20,3.78,18-22,女,0.39,1.0,0.51,0.35,荤素搭配,中,主食,0.36,0.78,0.97,0.58,面食,5,不健康
1419,5,4.38,28-35,男,0.21,0.02,0.8,0.55,素食,中,汤,0.1,0.52,0.72,0.7,牛肉,14,一般
1129,4,3.56,18-22,男,0.31,0.12,0.86,0.49,荤素搭配,低,主食,0.37,0.27,0.39,0.16,牛肉,12,健康
1280,4,4.71,23-27,女,0.35,0.2,0.79,0.78,无特殊要求,中,主食,0.37,0.27,0.39,0.16,牛肉,19,健康
1313,4,4.37,28-35,男,0.15,0.23,0.47,0.42,素食,中,主食,0.37,0.27,0.39,0.16,蔬菜,19,健康
1100,4,3.77,18-22,男,0.81,0.38,0.79,0.35,无特殊要求,低,主食,0.37,0.27,0.39,0.16,牛肉,5,健康
1326,20,4.52,28-35,女,0.35,0.2,0.86,0.32,素食,中,主食,0.36,0.78,0.97,0.58,面食,5,不健康
1297,18,2.41,18-22,男,0.94,0.28,0.87,0.83,无特殊要求,中,汤,0.12,0.72,0.07,0.92,面食,12,不健康
1182,18,1.5,28-35,女,0.36,0.08,0.16,0.39,素食,高,汤,0.12,0.72,0.07,0.92,猪肉,12,不健康
1174,16,5.0,18-22,男,0.12,0.07,0.97,0.68,荤素搭配,中,小吃,0.74,0.02,0.96,0.34,牛肉,11,一般
1316,9,4.97,18-22,女,0.14,0.55,0.61,0.71,无特殊要求,中,小吃,0.33,0.38,0.93,0.21,蔬菜,12,不健康
1364,18,4.95,18-22,女,0.33,0.27,0.6,0.67,无特殊要求,中,汤,0.12,0.72,0.07,0.92,蔬菜,12,不健康
1188,2,3.9,23-27,男,0.85,0.39,0.95,0.51,荤素搭配,低,主食,0.02,0.44,0.25,0.68,猪肉,6,健康
1057,4,3.81,18-22,女,0.45,0.98,0.46,0.82,荤素搭配,中,主食,0.37,0.27,0.39,0.16,牛肉,19,健康
1031,12,5.0,18-22,男,0.11,0.45,0.03,0.83,荤素搭配,中,小吃,0.74,0.02,0.65,0.21,猪肉,11,一般
1084,7,4.86,28-35,男,0.71,0.03,0.12,0.81,素食,低,汤,0.05,0.71,0.58,0.2,面食,12,不健康
1152,15,1.62,23-27,女,0.3,0.19,0.16,0.24,荤素搭配,中,炒菜,0.24,0.95,0.36,0.65,鸡肉,7,一般
1473,7,2.26,23-27,男,1.0,0.16,0.05,0.33,荤素搭配,低,汤,0.05,0.71,0.58,0.2,面食,12,不健康
1036,17,5.0,23-27,女,0.14,0.18,0.86,0.39,荤素搭配,高,汤,0.19,0.85,0.7,0.09,猪肉,19,一般
1213,16,2.86,18-22,女,0.06,0.81,0.44,0.12,荤素搭配,低,小吃,0.74,0.02,0.96,0.34,牛肉,11,一般
1414,19,1.89,23-27,女,0.22,0.33,0.96,0.52,荤素搭配,中,小吃,0.74,0.34,0.36,0.51,鸡肉,18,不健康
1408,9,1.98,23-27,男,0.66,0.04,0.4,0.19,荤素搭配,低,小吃,0.33,0.38,0.93,0.21,蔬菜,12,不健康
1364,14,3.64,18-22,女,0.01,0.27,0.6,0.67,无特殊要求,中,小吃,0.62,0.29,0.92,0.78,面食,11,健康
1106,17,5.0,23-27,男,0.49,0.34,0.42,0.93,荤素搭配,高,汤,0.19,0.85,0.7,0.09,猪肉,19,一般
1414,5,3.25,23-27,女,0.22,0.33,0.96,0.52,荤素搭配,中,汤,0.1,0.52,0.72,0.7,牛肉,14,一般
1342,2,5.0,23-27,女,0.03,0.11,0.12,0.59,素食,高,主食,0.02,0.44,0.25,0.68,面食,18,健康
1220,20,5.0,18-22,男,0.21,0.07,0.29,0.63,无特殊要求,高,主食,0.36,0.78,0.97,0.58,面食,19,不健康
1391,16,4.29,28-35,女,0.18,0.3,0.36,0.72,素食,中,小吃,0.74,0.02,0.96,0.34,蔬菜,11,一般
1163,14,5.0,18-22,女,0.12,0.53,0.36,0.79,无特殊要求,高,小吃,0.62,0.29,0.92,0.78,猪肉,11,健康
1439,14,5.0,23-27,男,1.0,0.0,0.03,0.82,荤素搭配,高,小吃,0.62,0.29,0.92,0.78,猪肉,11,健康
1220,1,1.32,18-22,男,0.21,0.07,0.29,0.63,荤素搭配,高,主食,0.71,0.15,0.46,0.04,蔬菜,15,健康
1270,3,4.19,18-22,女,0.42,0.29,0.77,0.76,无特殊要求,高,小吃,0.72,0.9,0.76,0.05,蔬菜,19,不健康
1120,7,4.97,28-35,男,0.27,0.31,0.46,0.06,素食,高,汤,0.05,0.71,0.58,0.2,面食,12,不健康
1394,15,5.0,28-35,男,0.48,0.43,0.9,0.14,素食,高,炒菜,0.24,0.95,0.36,0.65,蔬菜,16,一般
1336,19,5.0,18-22,男,0.68,0.47,0.86,0.49,荤素搭配,高,小吃,0.74,0.34,0.36,0.51,面食,18,不健康
1400,20,3.59,23-27,男,0.05,0.13,0.82,0.24,素食,中,主食,0.36,0.78,0.97,0.58,面食,5,不健康
1182,2,2.35,28-35,女,0.43,0.08,0.16,0.39,素食,高,主食,0.02,0.44,0.25,0.68,猪肉,18,健康
1479,19,5.0,23-27,女,0.21,0.65,0.04,0.07,无特殊要求,高,小吃,0.74,0.34,0.36,0.51,鸡肉,18,不健康
1106,9,5.0,23-27,男,0.49,0.34,0.42,0.93,荤素搭配,高,小吃,0.33,0.38,0.93,0.21,蔬菜,12,不健康
1217,19,2.91,23-27,女,0.42,0.15,0.96,0.4,无特殊要求,中,小吃,0.74,0.34,0.36,0.51,鸡肉,18,不健康
1205,5,4.89,18-22,女,0.08,0.44,0.06,0.75,无特殊要求,高,汤,0.1,0.52,0.72,0.7,蔬菜,14,一般
1070,18,1.53,28-35,女,0.35,0.17,0.4,0.34,素食,低,汤,0.12,0.72,0.07,0.92,猪肉,12,不健康
1044,16,3.09,28-35,女,0.2,0.43,0.76,0.61,素食,中,小吃,0.74,0.02,0.96,0.34,面食,11,一般
1329,4,4.67,18-22,男,0.6,0.05,0.84,0.65,无特殊要求,高,主食,0.37,0.27,0.39,0.16,蔬菜,19,健康
1301,12,4.96,28-35,男,0.22,0.41,0.98,0.65,素食,高,小吃,0.74,0.02,0.65,0.21,面食,11,一般
1228,7,4.96,28-35,男,0.08,0.47,0.8,0.79,素食,低,汤,0.05,0.71,0.58,0.2,面食,12,不健康
1184,14,3.63,28-35,女,0.48,0.09,0.13,0.24,素食,高,小吃,0.62,0.29,0.92,0.78,猪肉,11,健康
1107,12,4.33,28-35,女,0.08,0.72,0.88,0.32,素食,低,小吃,0.74,0.02,0.65,0.21,面食,11,一般
1084,3,5.0,28-35,男,0.71,0.07,0.12,0.81,素食,低,小吃,0.72,0.9,0.76,0.05,蔬菜,6,不健康
1338,5,5.0,23-27,男,0.53,0.01,0.64,0.88,荤素搭配,中,汤,0.1,0.52,0.72,0.7,牛肉,14,一般
1250,17,3.29,23-27,男,0.76,0.07,0.01,0.9,无特殊要求,中,汤,0.19,0.85,0.7,0.09,猪肉,19,一般
1363,10,2.62,18-22,女,0.23,0.74,0.01,0.54,无特殊要求,中,炒菜,0.1,0.34,0.75,0.63,牛肉,19,不健康
1441,10,3.78,23-27,女,0.2,0.62,0.24,0.5,无特殊要求,中,炒菜,0.1,0.34,0.75,0.63,牛肉,19,不健康
1021,11,5.0,18-22,女,0.34,0.44,0.71,0.59,荤素搭配,中,汤,0.42,0.96,0.73,0.06,蔬菜,6,健康
1196,17,2.36,23-27,女,0.18,0.77,0.95,0.1,素食,中,汤,0.19,0.85,0.7,0.09,蔬菜,19,一般
1178,5,4.44,28-35,男,0.99,0.29,1.0,0.24,素食,低,汤,0.1,0.52,0.72,0.7,牛肉,14,一般
1417,13,5.0,28-35,女,0.32,0.37,0.08,0.96,素食,低,汤,0.7,0.31,0.87,0.34,蔬菜,13,一般
1475,10,5.0,23-27,男,0.77,0.18,0.63,0.39,荤素搭配,中,炒菜,0.1,0.34,0.75,0.63,牛肉,19,不健康
1007,9,4.87,28-35,女,0.37,0.11,0.63,0.19,素食,高,小吃,0.33,0.38,0.93,0.21,蔬菜,12,不健康
1070,17,1.57,28-35,女,0.25,0.17,0.4,0.34,素食,低,汤,0.19,0.85,0.7,0.09,猪肉,14,一般
1127,1,5.0,23-27,女,0.12,0.69,0.41,0.21,无特殊要求,中,主食,0.71,0.15,0.46,0.04,鸡肉,15,健康
1399,4,2.45,18-22,男,0.43,0.36,0.06,0.7,无特殊要求,高,主食,0.37,0.27,0.39,0.16,牛肉,19,健康
1466,4,5.0,18-22,女,0.18,0.91,0.67,0.4,无特殊要求,高,主食,0.37,0.27,0.39,0.16,牛肉,19,健康
1160,18,2.62,18-22,女,0.21,0.98,0.06,0.9,无特殊要求,高,汤,0.12,0.72,0.07,0.92,猪肉,12,不健康
1248,9,4.67,18-22,男,0.45,0.11,0.16,0.29,无特殊要求,低,小吃,0.33,0.38,0.93,0.21,蔬菜,12,不健康
1203,18,5.0,18-22,男,0.62,0.07,0.84,0.17,荤素搭配,中,汤,0.12,0.72,0.07,0.92,猪肉,12,不健康
1148,14,3.15,23-27,男,0.87,0.23,0.48,0.13,荤素搭配,中,小吃,0.62,0.29,0.92,0.78,猪肉,11,健康
1472,15,4.88,18-22,女,0.36,0.17,0.11,0.91,无特殊要求,高,炒菜,0.24,0.95,0.36,0.65,鸡肉,13,一般
1143,6,3.09,18-22,女,0.31,0.13,0.55,0.86,无特殊要求,高,炒菜,0.45,0.52,0.52,0.69,面食,11,不健康
1432,10,3.93,28-35,女,0.02,0.53,0.34,0.66,素食,中,炒菜,0.1,0.34,0.75,0.63,面食,19,不健康
1199,15,2.88,23-27,女,0.32,0.65,0.08,0.24,素食,中,炒菜,0.24,0.95,0.36,0.65,面食,7,一般
1405,4,4.68,18-22,男,0.61,0.1,0.2,0.76,荤素搭配,低,主食,0.37,0.27,0.39,0.16,蔬菜,13,健康
1426,18,4.23,18-22,女,0.48,0.79,0.89,0.55,无特殊要求,中,汤,0.12,0.72,0.07,0.92,蔬菜,12,不健康
1154,18,5.0,28-35,女,0.31,0.92,0.66,0.44,素食,低,汤,0.12,0.72,0.07,0.92,面食,12,不健康
1492,17,5.0,28-35,男,0.43,0.39,0.84,0.22,素食,高,汤,0.19,0.85,0.7,0.09,面食,19,一般
1376,12,3.85,23-27,男,0.8,0.46,0.33,0.16,荤素搭配,低,小吃,0.74,0.02,0.65,0.21,猪肉,11,一般
1384,7,2.95,28-35,男,0.75,0.23,0.58,0.49,素食,低,汤,0.05,0.71,0.58,0.2,面食,12,不健康
1142,16,1.63,23-27,男,0.11,0.24,0.22,0.99,荤素搭配,高,小吃,0.74,0.02,0.96,0.34,牛肉,11,一般
1313,11,1.65,28-35,男,0.15,0.23,0.47,0.42,素食,中,汤,0.42,0.96,0.73,0.06,蔬菜,6,健康
1165,14,1.99,28-35,男,0.94,0.17,0.13,0.08,素食,中,小吃,0.62,0.29,0.92,0.78,蔬菜,11,健康
1314,3,1.99,23-27,女,0.29,0.17,0.76,0.99,无特殊要求,中,小吃,0.72,0.9,0.76,0.05,蔬菜,19,不健康
1021,19,5.0,18-22,女,0.34,0.44,0.71,0.59,无特殊要求,中,小吃,0.74,0.34,0.36,0.51,面食,18,不健康
1082,18,2.03,28-35,男,0.08,0.01,0.13,0.39,素食,中,汤,0.12,0.72,0.07,0.92,猪肉,12,不健康
1069,10,3.93,18-22,男,0.83,0.09,0.39,0.56,无特殊要求,高,炒菜,0.1,0.34,0.75,0.63,牛肉,19,不健康
1131,6,1.95,28-35,女,0.24,0.13,0.1,0.71,素食,高,炒菜,0.45,0.52,0.52,0.69,面食,11,不健康
1087,13,5.0,28-35,男,0.72,0.1,0.68,0.61,素食,中,汤,0.7,0.31,0.87,0.34,蔬菜,13,一般
1218,10,1.58,23-27,女,0.29,0.19,0.55,0.02,无特殊要求,低,炒菜,0.1,0.34,0.75,0.63,牛肉,9,不健康
1421,18,3.38,18-22,男,0.31,0.48,0.78,0.66,无特殊要求,中,汤,0.12,0.72,0.07,0.92,猪肉,12,不健康
1472,20,3.9,18-22,女,0.36,0.17,0.11,0.91,无特殊要求,高,主食,0.36,0.78,0.97,0.58,面食,10,不健康
1305,16,4.31,23-27,男,0.47,0.04,0.83,0.46,素食,高,小吃,0.74,0.02,0.96,0.34,面食,11,一般
1403,6,5.0,23-27,男,0.1,0.17,0.96,0.43,素食,高,炒菜,0.45,0.52,0.52,0.69,面食,16,不健康
1371,13,4.9,23-27,男,0.17,0.4,0.43,0.59,无特殊要求,高,汤,0.7,0.31,0.87,0.34,蔬菜,13,一般
1345,4,3.5,23-27,女,0.14,0.22,0.26,0.21,荤素搭配,高,主食,0.37,0.27,0.39,0.16,牛肉,19,健康
1341,14,3.08,23-27,男,0.06,0.36,0.13,0.97,素食,中,小吃,0.62,0.29,0.92,0.78,面食,11,健康
1384,1,1.92,28-35,男,0.75,0.12,0.58,0.49,素食,低,主食,0.71,0.15,0.46,0.04,面食,15,健康
1396,20,4.22,28-35,女,0.49,0.45,0.36,0.29,素食,低,主食,0.36,0.78,0.97,0.58,面食,5,不健康
1445,5,3.58,23-27,男,0.92,0.34,0.91,0.94,素食,低,汤,0.1,0.52,0.72,0.7,面食,14,一般
1425,8,1.88,18-22,女,0.2,0.86,0.6,0.57,无特殊要求,低,小吃,0.05,0.11,0.52,0.76,猪肉,9,健康
1161,12,5.0,28-35,女,0.02,0.31,0.97,0.29,素食,高,小吃,0.74,0.02,0.65,0.21,猪肉,11,一般
1178,2,3.82,28-35,男,0.99,0.1,1.0,0.24,素食,低,主食,0.02,0.44,0.25,0.68,猪肉,7,健康
1117,12,3.71,28-35,男,0.14,0.23,0.91,0.04,素食,中,小吃,0.74,0.02,0.65,0.21,猪肉,11,一般
1196,5,3.17,23-27,女,0.18,0.77,0.95,0.1,素食,中,汤,0.1,0.52,0.72,0.7,面食,14,一般
1383,5,5.0,18-22,女,0.47,0.23,0.59,0.92,无特殊要求,低,汤,0.1,0.52,0.72,0.7,牛肉,14,一般
1490,13,5.0,28-35,男,0.1,0.32,0.05,0.4,素食,低,汤,0.7,0.31,0.87,0.34,蔬菜,13,一般
1327,9,5.0,23-27,女,0.49,0.16,0.52,0.79,无特殊要求,低,小吃,0.33,0.38,0.93,0.21,蔬菜,12,不健康
1086,10,4.11,28-35,男,0.95,0.5,0.95,0.18,素食,低,炒菜,0.1,0.34,0.75,0.63,牛肉,13,不健康
1289,1,4.62,23-27,女,0.46,0.77,0.34,0.63,无特殊要求,中,主食,0.71,0.15,0.46,0.04,鸡肉,15,健康
1081,3,2.68,28-35,男,0.84,0.06,0.69,0.97,素食,中,小吃,0.72,0.9,0.76,0.05,蔬菜,19,不健康
1152,18,5.0,23-27,女,0.25,0.19,0.16,0.24,荤素搭配,中,汤,0.12,0.72,0.07,0.92,猪肉,12,不健康
1061,12,4.9,23-27,男,0.41,0.02,0.86,0.17,荤素搭配,中,小吃,0.74,0.02,0.65,0.21,猪肉,11,一般
1061,3,1.98,23-27,男,0.41,0.02,0.86,0.17,荤素搭配,中,小吃,0.72,0.9,0.76,0.05,蔬菜,19,不健康
1354,9,3.49,18-22,女,0.08,0.74,0.86,0.94,荤素搭配,高,小吃,0.33,0.38,0.93,0.21,蔬菜,12,不健康
1028,2,4.64,28-35,男,0.78,0.38,0.45,0.36,素食,高,主食,0.02,0.44,0.25,0.68,猪肉,18,健康
1442,3,5.0,23-27,女,0.34,0.82,0.32,0.98,无特殊要求,低,小吃,0.72,0.9,0.76,0.05,蔬菜,14,不健康
1043,14,2.11,18-22,女,0.45,0.74,0.47,0.23,荤素搭配,低,小吃,0.62,0.29,0.92,0.78,猪肉,11,健康
1169,4,4.56,18-22,女,0.41,0.49,0.22,0.17,荤素搭配,低,主食,0.37,0.27,0.39,0.16,蔬菜,8,健康
1423,19,3.02,28-35,女,0.11,0.49,0.87,0.89,素食,高,小吃,0.74,0.34,0.36,0.51,鸡肉,18,不健康
1086,13,5.0,28-35,男,0.95,0.29,0.95,0.18,素食,低,汤,0.7,0.31,0.87,0.34,蔬菜,13,一般
1177,7,1.89,23-27,男,0.6,0.2,0.92,0.91,荤素搭配,中,汤,0.05,0.71,0.58,0.2,面食,12,不健康
1017,12,4.18,28-35,女,0.09,0.56,0.11,0.14,素食,低,小吃,0.74,0.02,0.65,0.21,猪肉,11,一般
1098,3,5.0,23-27,女,0.28,0.51,0.13,0.22,无特殊要求,低,小吃,0.72,0.9,0.76,0.05,蔬菜,7,不健康
1454,9,4.55,23-27,女,0.11,0.58,0.87,0.95,荤素搭配,低,小吃,0.33,0.38,0.93,0.21,蔬菜,12,不健康
1494,2,1.14,18-22,女,0.47,0.09,0.05,0.11,荤素搭配,低,主食,0.02,0.44,0.25,0.68,猪肉,7,健康
1198,9,1.82,18-22,女,0.0,0.87,0.31,0.94,荤素搭配,高,小吃,0.33,0.38,0.93,0.21,蔬菜,12,不健康
1098,12,1.73,23-27,女,0.25,0.51,0.13,0.22,无特殊要求,低,小吃,0.74,0.02,0.65,0.21,猪肉,11,一般
1065,12,1.31,23-27,男,0.34,0.39,0.03,0.13,无特殊要求,中,小吃,0.74,0.02,0.65,0.21,猪肉,11,一般
1330,15,4.33,28-35,女,0.4,0.02,0.59,0.01,素食,高,炒菜,0.24,0.95,0.36,0.65,鸡肉,14,一般
1341,2,5.0,23-27,男,0.06,0.18,0.13,0.97,素食,中,主食,0.02,0.44,0.25,0.68,蔬菜,18,健康
1005,18,3.08,28-35,女,0.48,0.41,0.42,0.7,素食,中,汤,0.12,0.72,0.07,0.92,面食,12,不健康
1002,13,5.0,18-22,女,0.35,0.66,0.04,0.84,无特殊要求,高,汤,0.7,0.31,0.87,0.34,蔬菜,13,一般
1022,14,2.06,18-22,女,0.32,0.55,0.73,0.04,荤素搭配,高,小吃,0.62,0.29,0.92,0.78,蔬菜,11,健康
1112,5,4.84,28-35,男,0.58,0.07,0.17,0.89,素食,高,汤,0.1,0.52,0.72,0.7,面食,14,一般
1057,10,5.0,18-22,女,0.14,0.98,0.46,0.82,荤素搭配,中,炒菜,0.1,0.34,0.75,0.63,牛肉,19,不健康
1066,12,2.09,23-27,女,0.14,0.21,0.86,0.06,无特殊要求,高,小吃,0.74,0.02,0.65,0.21,猪肉,11,一般
1330,10,4.5,28-35,女,0.4,0.02,0.59,0.01,素食,高,炒菜,0.1,0.34,0.75,0.63,牛肉,19,不健康
1098,11,1.93,23-27,女,0.45,0.51,0.13,0.22,无特殊要求,低,汤,0.42,0.96,0.73,0.06,牛肉,6,健康
1144,2,5.0,28-35,男,0.68,0.3,0.56,0.71,素食,低,主食,0.02,0.44,0.25,0.68,蔬菜,8,健康
1368,5,4.3,18-22,女,0.28,0.29,0.76,0.75,荤素搭配,高,汤,0.1,0.52,0.72,0.7,牛肉,14,一般
1435,7,4.52,23-27,女,0.5,0.27,0.31,0.53,素食,低,汤,0.05,0.71,0.58,0.2,面食,12,不健康
1125,6,2.22,28-35,男,0.35,0.15,0.64,0.95,素食,低,炒菜,0.45,0.52,0.52,0.69,面食,7,不健康
1167,3,2.1,23-27,男,0.4,0.33,0.62,0.83,素食,低,小吃,0.72,0.9,0.76,0.05,蔬菜,10,不健康
1086,13,5.0,28-35,男,0.95,0.4,0.95,0.18,素食,低,汤,0.7,0.31,0.87,0.34,蔬菜,13,一般
1076,3,2.68,28-35,男,0.16,0.34,0.34,0.04,素食,中,小吃,0.72,0.9,0.76,0.05,蔬菜,19,不健康
1344,6,2.46,28-35,女,0.1,0.8,0.92,0.76,素食,高,炒菜,0.45,0.52,0.52,0.69,面食,14,不健康
1495,11,5.0,18-22,女,0.19,0.5,0.85,0.24,无特殊要求,高,汤,0.42,0.96,0.73,0.06,牛肉,17,健康
1424,17,1.95,23-27,男,0.01,0.44,0.27,0.04,荤素搭配,高,汤,0.19,0.85,0.7,0.09,猪肉,19,一般
1294,10,2.94,28-35,男,0.9,0.31,0.57,0.5,素食,低,炒菜,0.1,0.34,0.75,0.63,面食,13,不健康
1444,12,3.89,23-27,男,0.73,0.18,0.51,0.09,无特殊要求,高,小吃,0.74,0.02,0.65,0.21,猪肉,11,一般
1059,17,2.81,23-27,女,0.08,0.3,0.55,0.22,无特殊要求,低,汤,0.19,0.85,0.7,0.09,猪肉,10,一般
1138,4,5.0,18-22,女,0.39,0.81,0.84,0.91,荤素搭配,低,主食,0.37,0.27,0.39,0.16,牛肉,12,健康
1099,2,5.0,23-27,男,0.66,0.39,0.84,0.95,荤素搭配,高,主食,0.02,0.44,0.25,0.68,猪肉,18,健康
1192,11,2.97,18-22,男,0.32,0.39,0.62,0.16,荤素搭配,高,汤,0.42,0.96,0.73,0.06,面食,14,健康
1243,7,3.51,23-27,女,0.44,0.04,0.61,0.48,荤素搭配,中,汤,0.05,0.71,0.58,0.2,面食,12,不健康
1319,2,1.73,18-22,女,0.09,0.83,0.85,0.22,无特殊要求,中,主食,0.02,0.44,0.25,0.68,猪肉,18,健康
1049,18,5.0,28-35,男,0.55,0.15,0.45,0.88,素食,低,汤,0.12,0.72,0.07,0.92,面食,12,不健康
1448,4,2.93,23-27,男,0.94,0.07,0.87,0.37,荤素搭配,低,主食,0.37,0.27,0.39,0.16,牛肉,13,健康
1032,8,3.61,18-22,男,0.14,0.42,0.73,0.16,荤素搭配,高,小吃,0.05,0.11,0.52,0.76,猪肉,19,健康
1391,20,3.34,28-35,女,0.14,0.3,0.36,0.72,素食,中,主食,0.36,0.78,0.97,0.58,面食,5,不健康
1277,14,5.0,23-27,男,0.68,0.35,0.31,0.68,荤素搭配,中,小吃,0.62,0.29,0.92,0.78,猪肉,11,健康
1020,12,4.35,23-27,女,0.01,0.88,0.2,0.95,无特殊要求,高,小吃,0.74,0.02,0.65,0.21,猪肉,11,一般
1154,18,2.15,28-35,女,0.31,0.92,0.66,0.44,素食,低,汤,0.12,0.72,0.07,0.92,面食,12,不健康
1383,11,3.9,18-22,女,0.47,0.23,0.59,0.92,无特殊要求,低,汤,0.42,0.96,0.73,0.06,牛肉,6,健康
1068,8,2.69,28-35,男,0.18,0.17,0.73,0.31,素食,高,小吃,0.05,0.11,0.52,0.76,猪肉,18,健康
1366,2,4.23,23-27,男,0.76,0.32,0.1,0.07,荤素搭配,中,主食,0.02,0.44,0.25,0.68,猪肉,18,健康
1372,15,3.42,18-22,女,0.44,0.51,0.81,0.72,无特殊要求,高,炒菜,0.24,0.95,0.36,0.65,鸡肉,17,一般
1214,9,5.0,18-22,男,0.56,0.3,0.79,0.58,荤素搭配,中,小吃,0.33,0.38,0.93,0.21,蔬菜,12,不健康
1143,19,5.0,18-22,女,0.31,0.13,0.55,0.86,无特殊要求,高,小吃,0.74,0.34,0.36,0.51,面食,18,不健康
1376,20,3.06,23-27,男,0.8,0.46,0.33,0.16,荤素搭配,低,主食,0.36,0.78,0.97,0.58,面食,5,不健康
1232,8,5.0,23-27,女,0.27,0.27,0.11,0.11,素食,高,小吃,0.05,0.11,0.52,0.76,面食,11,健康
1213,19,3.87,18-22,女,0.42,0.81,0.44,0.12,荤素搭配,低,小吃,0.74,0.34,0.36,0.51,鸡肉,11,不健康
1079,5,5.0,18-22,男,0.85,0.26,0.02,0.22,荤素搭配,高,汤,0.1,0.52,0.72,0.7,牛肉,14,一般
1214,11,5.0,18-22,男,0.56,0.43,0.79,0.58,荤素搭配,中,汤,0.42,0.96,0.73,0.06,牛肉,6,健康
1116,15,4.08,23-27,男,0.83,0.32,0.02,0.34,素食,高,炒菜,0.24,0.95,0.36,0.65,蔬菜,10,一般
1092,8,2.78,18-22,男,0.44,0.09,0.29,0.78,荤素搭配,高,小吃,0.05,0.11,0.52,0.76,猪肉,14,健康
1270,19,3.07,18-22,女,0.42,0.29,0.77,0.76,无特殊要求,高,小吃,0.74,0.34,0.36,0.51,鸡肉,18,不健康
1411,8,4.5,18-22,女,0.3,0.08,0.52,0.23,荤素搭配,中,小吃,0.05,0.11,0.52,0.76,猪肉,9,健康
1381,19,2.03,23-27,女,0.09,0.57,0.31,0.22,素食,高,小吃,0.74,0.34,0.36,0.51,蔬菜,18,不健康
1489,18,1.94,28-35,男,0.14,0.33,0.59,0.54,素食,中,汤,0.12,0.72,0.07,0.92,蔬菜,12,不健康
1168,10,3.09,18-22,女,0.34,0.8,0.43,0.63,荤素搭配,低,炒菜,0.1,0.34,0.75,0.63,牛肉,12,不健康
1058,7,5.0,23-27,女,0.28,0.5,0.93,0.89,素食,高,汤,0.05,0.71,0.58,0.2,面食,12,不健康
1284,9,1.67,28-35,男,0.15,0.4,0.32,0.34,素食,中,小吃,0.33,0.38,0.93,0.21,蔬菜,12,不健康
1026,1,5.0,18-22,女,0.14,0.71,0.07,0.11,荤素搭配,低,主食,0.71,0.15,0.46,0.04,鸡肉,15,健康
1369,19,2.91,23-27,男,0.25,0.31,0.75,0.4,荤素搭配,高,小吃,0.74,0.34,0.36,0.51,鸡肉,18,不健康
1447,5,5.0,23-27,男,0.52,0.07,0.11,0.38,荤素搭配,低,汤,0.1,0.52,0.72,0.7,牛肉,14,一般
1066,19,4.92,23-27,女,0.39,0.21,0.86,0.06,无特殊要求,高,小吃,0.74,0.34,0.36,0.51,鸡肉,18,不健康
1409,1,5.0,28-35,男,0.27,0.35,0.57,0.46,素食,中,主食,0.71,0.15,0.46,0.04,鸡肉,15,健康
1248,15,2.12,18-22,男,0.45,0.42,0.16,0.29,无特殊要求,低,炒菜,0.24,0.95,0.36,0.65,蔬菜,7,一般
1254,16,1.38,18-22,男,0.33,0.08,0.07,0.2,荤素搭配,低,小吃,0.74,0.02,0.96,0.34,牛肉,11,一般
1387,7,3.29,28-35,男,0.14,0.17,0.05,0.66,素食,中,汤,0.05,0.71,0.58,0.2,面食,12,不健康
1456,12,2.38,28-35,女,0.2,0.19,0.25,0.3,素食,中,小吃,0.74,0.02,0.65,0.21,猪肉,11,一般
1044,8,4.92,28-35,女,0.2,0.43,0.76,0.61,素食,中,小吃,0.05,0.11,0.52,0.76,面食,9,健康
1097,5,3.08,23-27,男,0.9,0.34,0.29,0.87,无特殊要求,高,汤,0.1,0.52,0.72,0.7,牛肉,14,一般
1042,10,5.0,28-35,女,0.24,0.8,0.43,0.92,素食,中,炒菜,0.1,0.34,0.75,0.63,牛肉,19,不健康
1500,5,5.0,18-22,女,0.49,0.5,0.92,0.63,荤素搭配,低,汤,0.1,0.52,0.72,0.7,牛肉,14,一般
1227,17,5.0,23-27,女,0.13,0.27,0.82,1.0,荤素搭配,中,汤,0.19,0.85,0.7,0.09,猪肉,19,一般
1262,5,2.43,23-27,男,0.78,0.06,0.54,0.8,荤素搭配,中,汤,0.1,0.52,0.72,0.7,牛肉,14,一般
1167,15,5.0,23-27,男,0.4,0.33,0.62,0.83,素食,低,炒菜,0.24,0.95,0.36,0.65,面食,7,一般
1436,13,1.65,18-22,女,0.22,0.88,0.09,0.44,无特殊要求,高,汤,0.7,0.31,0.87,0.34,蔬菜,13,一般
1279,1,2.2,28-35,女,0.5,0.43,0.97,0.14,素食,中,主食,0.71,0.15,0.46,0.04,蔬菜,15,健康
1089,11,3.99,18-22,女,0.15,0.41,0.25,0.87,无特殊要求,高,汤,0.42,0.96,0.73,0.06,牛肉,16,健康
1379,1,1.2,28-35,女,0.06,0.56,0.08,0.9,素食,低,主食,0.71,0.15,0.46,0.04,鸡肉,15,健康
1178,11,4.0,28-35,男,0.99,0.06,1.0,0.24,素食,低,汤,0.42,0.96,0.73,0.06,牛肉,6,健康
1427,18,5.0,28-35,男,0.97,0.17,0.12,0.85,素食,低,汤,0.12,0.72,0.07,0.92,猪肉,12,不健康
1403,18,2.04,23-27,男,0.1,0.36,0.96,0.43,素食,高,汤,0.12,0.72,0.07,0.92,面食,12,不健康
1197,16,2.51,18-22,女,0.16,0.96,0.04,0.98,荤素搭配,中,小吃,0.74,0.02,0.96,0.34,牛肉,11,一般
1307,13,5.0,18-22,女,0.05,0.89,0.56,0.25,荤素搭配,低,汤,0.7,0.31,0.87,0.34,蔬菜,13,一般
1267,7,5.0,18-22,男,0.08,0.01,0.71,0.33,无特殊要求,中,汤,0.05,0.71,0.58,0.2,面食,12,不健康
1268,1,5.0,23-27,男,0.39,0.38,0.6,0.67,素食,中,主食,0.71,0.15,0.46,0.04,蔬菜,15,健康
1074,16,3.82,23-27,男,1.0,0.31,0.88,0.68,无特殊要求,低,小吃,0.74,0.02,0.96,0.34,牛肉,11,一般
1008,1,5.0,28-35,男,0.51,0.42,0.88,0.46,素食,高,主食,0.71,0.15,0.46,0.04,面食,15,健康
1408,17,5.0,23-27,男,0.66,0.28,0.4,0.19,荤素搭配,低,汤,0.19,0.85,0.7,0.09,猪肉,12,一般
1476,6,5.0,18-22,女,0.25,0.97,0.17,0.22,荤素搭配,低,炒菜,0.45,0.52,0.52,0.69,面食,7,不健康
1297,2,2.09,18-22,男,0.94,0.38,0.87,0.83,无特殊要求,中,主食,0.02,0.44,0.25,0.68,蔬菜,18,健康
1164,17,2.0,23-27,女,0.41,0.91,0.01,0.81,素食,高,汤,0.19,0.85,0.7,0.09,蔬菜,19,一般
1485,6,2.13,23-27,男,0.09,0.11,0.73,0.94,素食,高,炒菜,0.45,0.52,0.52,0.69,面食,18,不健康
1085,14,5.0,28-35,女,0.48,0.45,0.42,0.51,素食,高,小吃,0.62,0.29,0.92,0.78,猪肉,11,健康
1072,18,2.9,23-27,男,0.29,0.42,0.79,0.55,荤素搭配,低,汤,0.12,0.72,0.07,0.92,猪肉,12,不健康
1055,6,1.93,23-27,女,0.22,0.83,0.37,0.1,荤素搭配,低,炒菜,0.45,0.52,0.52,0.69,面食,7,不健康
1393,10,5.0,18-22,女,0.42,0.18,0.92,0.76,荤素搭配,高,炒菜,0.1,0.34,0.75,0.63,牛肉,19,不健康
1047,18,5.0,28-35,女,0.17,0.65,0.61,0.79,素食,低,汤,0.12,0.72,0.07,0.92,猪肉,12,不健康
1399,9,5.0,18-22,男,0.43,0.31,0.06,0.7,无特殊要求,高,小吃,0.33,0.38,0.93,0.21,蔬菜,12,不健康
1432,8,5.0,28-35,女,0.12,0.53,0.34,0.66,素食,中,小吃,0.05,0.11,0.52,0.76,蔬菜,9,健康
1238,10,3.34,18-22,女,0.29,0.01,0.08,0.39,荤素搭配,低,炒菜,0.1,0.34,0.75,0.63,牛肉,12,不健康
1104,17,4.69,23-27,女,0.14,0.55,0.27,0.07,荤素搭配,中,汤,0.19,0.85,0.7,0.09,猪肉,19,一般
1210,6,2.91,28-35,女,0.45,0.73,0.1,0.4,素食,高,炒菜,0.45,0.52,0.52,0.69,面食,15,不健康
1042,14,3.49,28-35,女,0.24,0.8,0.43,0.92,素食,中,小吃,0.62,0.29,0.92,0.78,猪肉,11,健康
1316,6,2.16,18-22,女,0.14,0.55,0.61,0.71,荤素搭配,中,炒菜,0.45,0.52,0.52,0.69,面食,7,不健康
1468,7,4.16,23-27,女,0.29,0.82,0.65,0.84,无特殊要求,低,汤,0.05,0.71,0.58,0.2,面食,12,不健康
1454,12,3.5,23-27,女,0.17,0.58,0.87,0.95,荤素搭配,低,小吃,0.74,0.02,0.65,0.21,猪肉,11,一般
1268,3,5.0,23-27,男,0.39,0.26,0.6,0.67,素食,中,小吃,0.72,0.9,0.76,0.05,蔬菜,19,不健康
1386,14,5.0,18-22,男,0.75,0.18,0.37,0.03,无特殊要求,中,小吃,0.62,0.29,0.92,0.78,猪肉,11,健康
1263,19,2.02,23-27,女,0.33,0.31,0.56,0.53,荤素搭配,低,小吃,0.74,0.34,0.36,0.51,鸡肉,5,不健康
1336,16,5.0,18-22,男,0.68,0.5,0.86,0.49,无特殊要求,高,小吃,0.74,0.02,0.96,0.34,蔬菜,11,一般
1387,7,2.29,28-35,男,0.14,0.17,0.05,0.66,素食,中,汤,0.05,0.71,0.58,0.2,面食,12,不健康
1365,8,3.9,18-22,女,0.41,0.45,0.35,0.84,荤素搭配,中,小吃,0.05,0.11,0.52,0.76,猪肉,9,健康
1259,18,1.99,23-27,女,0.36,0.1,0.05,0.86,素食,高,汤,0.12,0.72,0.07,0.92,面食,12,不健康
1283,13,2.84,18-22,女,0.11,0.19,0.5,0.79,荤素搭配,高,汤,0.7,0.31,0.87,0.34,蔬菜,13,一般
1114,9,2.49,18-22,男,0.3,0.11,1.0,0.63,无特殊要求,高,小吃,0.33,0.38,0.93,0.21,蔬菜,12,不健康
1363,10,2.62,18-22,女,0.23,0.74,0.01,0.54,无特殊要求,中,炒菜,0.1,0.34,0.75,0.63,牛肉,19,不健康
1040,9,5.0,18-22,男,0.37,0.24,0.73,0.42,无特殊要求,低,小吃,0.33,0.38,0.93,0.21,蔬菜,12,不健康
1486,15,4.27,28-35,女,0.45,0.72,0.76,0.26,素食,高,炒菜,0.24,0.95,0.36,0.65,蔬菜,14,一般
1417,20,5.0,28-35,女,0.49,0.37,0.08,0.96,素食,低,主食,0.36,0.78,0.97,0.58,面食,5,不健康
1220,2,2.54,18-22,男,0.21,0.07,0.29,0.63,无特殊要求,高,主食,0.02,0.44,0.25,0.68,面食,18,健康
1129,13,5.0,18-22,男,0.31,0.12,0.86,0.49,荤素搭配,低,汤,0.7,0.31,0.87,0.34,蔬菜,13,一般
1008,2,5.0,28-35,男,0.51,0.01,0.88,0.46,素食,高,主食,0.02,0.44,0.25,0.68,面食,18,健康
1101,19,4.74,18-22,男,0.17,0.03,0.39,0.9,无特殊要求,高,小吃,0.74,0.34,0.36,0.51,鸡肉,18,不健康
1416,2,2.91,28-35,女,0.18,0.58,0.67,0.71,素食,中,主食,0.02,0.44,0.25,0.68,猪肉,18,健康
1380,3,5.0,23-27,男,0.91,0.31,0.93,0.81,无特殊要求,高,小吃,0.72,0.9,0.76,0.05,蔬菜,19,不健康
1176,6,5.0,18-22,男,0.48,0.43,0.01,0.93,无特殊要求,中,炒菜,0.45,0.52,0.52,0.69,面食,7,不健康
1107,3,3.99,28-35,女,0.16,0.72,0.88,0.32,素食,低,小吃,0.72,0.9,0.76,0.05,蔬菜,14,不健康
1101,10,4.89,18-22,男,0.17,0.03,0.39,0.9,无特殊要求,高,炒菜,0.1,0.34,0.75,0.63,牛肉,19,不健康
1260,6,5.0,18-22,男,0.93,0.09,0.11,0.03,荤素搭配,高,炒菜,0.45,0.52,0.52,0.69,面食,19,不健康
1478,16,3.24,28-35,男,0.52,0.33,0.54,0.96,素食,低,小吃,0.74,0.02,0.96,0.34,牛肉,11,一般
1454,17,5.0,23-27,女,0.32,0.58,0.87,0.95,荤素搭配,低,汤,0.19,0.85,0.7,0.09,猪肉,6,一般
1366,19,1.74,23-27,男,0.76,0.32,0.1,0.07,荤素搭配,中,小吃,0.74,0.34,0.36,0.51,鸡肉,18,不健康
1246,3,3.25,18-22,男,0.61,0.33,0.43,0.59,无特殊要求,中,小吃,0.72,0.9,0.76,0.05,蔬菜,19,不健康
1275,18,5.0,28-35,男,0.63,0.29,0.27,0.51,素食,低,汤,0.12,0.72,0.07,0.92,猪肉,12,不健康
1032,7,2.09,18-22,男,0.14,0.07,0.73,0.16,荤素搭配,高,汤,0.05,0.71,0.58,0.2,面食,12,不健康
1137,9,5.0,23-27,女,0.08,0.74,0.22,0.4,素食,高,小吃,0.33,0.38,0.93,0.21,蔬菜,12,不健康
1012,20,5.0,23-27,女,0.34,0.9,0.9,0.33,荤素搭配,高,主食,0.36,0.78,0.97,0.58,面食,15,不健康
1395,12,4.72,23-27,女,0.25,0.54,0.8,0.04,荤素搭配,中,小吃,0.74,0.02,0.65,0.21,猪肉,11,一般
1302,5,1.99,23-27,女,0.44,0.21,0.97,0.14,素食,低,汤,0.1,0.52,0.72,0.7,面食,14,一般
1375,3,4.32,23-27,男,0.72,0.14,0.88,0.18,无特殊要求,高,小吃,0.72,0.9,0.76,0.05,蔬菜,19,不健康
1016,11,5.0,28-35,女,0.2,0.93,0.26,0.15,素食,中,汤,0.42,0.96,0.73,0.06,面食,6,健康
1129,4,5.0,18-22,男,0.31,0.12,0.86,0.49,荤素搭配,低,主食,0.37,0.27,0.39,0.16,牛肉,9,健康
1063,5,3.09,18-22,男,0.1,0.42,0.31,0.91,荤素搭配,中,汤,0.1,0.52,0.72,0.7,蔬菜,14,一般
1109,1,1.83,28-35,男,0.4,0.06,0.82,0.43,素食,低,主食,0.71,0.15,0.46,0.04,鸡肉,15,健康
1375,18,3.41,23-27,男,0.72,0.14,0.88,0.18,无特殊要求,高,汤,0.12,0.72,0.07,0.92,猪肉,12,不健康
1021,12,2.85,18-22,女,0.34,0.44,0.71,0.59,荤素搭配,中,小吃,0.74,0.02,0.65,0.21,蔬菜,11,一般
1158,13,1.96,18-22,女,0.1,0.59,0.78,0.09,荤素搭配,高,汤,0.7,0.31,0.87,0.34,蔬菜,13,一般
1269,9,5.0,23-27,男,0.39,0.49,0.99,0.21,荤素搭配,高,小吃,0.33,0.38,0.93,0.21,蔬菜,12,不健康
1162,2,4.98,18-22,女,0.42,0.88,0.76,0.56,无特殊要求,高,主食,0.02,0.44,0.25,0.68,面食,18,健康
1260,5,1.24,18-22,男,0.93,0.09,0.11,0.03,荤素搭配,高,汤,0.1,0.52,0.72,0.7,牛肉,14,一般
1412,13,4.13,18-22,男,0.41,0.41,0.53,0.33,无特殊要求,高,汤,0.7,0.31,0.87,0.34,蔬菜,13,一般
1102,16,2.12,23-27,女,0.24,0.21,0.97,0.03,无特殊要求,低,小吃,0.74,0.02,0.96,0.34,牛肉,11,一般
1223,16,3.23,18-22,女,0.19,0.18,0.87,0.74,荤素搭配,低,小吃,0.74,0.02,0.96,0.34,面食,11,一般
1059,3,3.27,23-27,女,0.28,0.3,0.55,0.22,无特殊要求,低,小吃,0.72,0.9,0.76,0.05,蔬菜,11,不健康
1247,4,4.62,28-35,女,0.23,0.94,0.59,0.31,素食,低,主食,0.37,0.27,0.39,0.16,牛肉,7,健康
1128,11,1.77,28-35,男,0.4,0.08,0.7,0.25,素食,中,汤,0.42,0.96,0.73,0.06,牛肉,6,健康
1283,14,5.0,18-22,女,0.11,0.19,0.5,0.79,荤素搭配,高,小吃,0.62,0.29,0.92,0.78,蔬菜,11,健康
1325,3,4.59,28-35,男,0.65,0.38,0.98,0.67,素食,低,小吃,0.72,0.9,0.76,0.05,蔬菜,10,不健康
1025,16,2.46,28-35,女,0.12,0.02,0.05,0.95,素食,高,小吃,0.74,0.02,0.96,0.34,牛肉,11,一般
1131,15,5.0,28-35,女,0.45,0.13,0.1,0.71,素食,高,炒菜,0.24,0.95,0.36,0.65,蔬菜,14,一般
1353,10,5.0,18-22,女,0.12,0.08,0.14,0.16,无特殊要求,中,炒菜,0.1,0.34,0.75,0.63,蔬菜,19,不健康
1196,9,2.26,23-27,女,0.18,0.77,0.95,0.1,素食,中,小吃,0.33,0.38,0.93,0.21,蔬菜,12,不健康
1281,11,2.1,28-35,女,0.11,0.91,0.19,0.61,素食,高,汤,0.42,0.96,0.73,0.06,面食,19,健康
1404,16,5.0,18-22,女,0.21,0.15,0.55,0.14,无特殊要求,高,小吃,0.74,0.02,0.96,0.34,面食,11,一般
1418,10,2.1,18-22,女,0.44,0.62,0.67,0.55,荤素搭配,高,炒菜,0.1,0.34,0.75,0.63,蔬菜,19,不健康
1154,17,3.34,28-35,女,0.31,0.92,0.66,0.44,素食,低,汤,0.19,0.85,0.7,0.09,蔬菜,6,一般
1382,19,3.65,18-22,男,0.33,0.2,0.17,0.26,无特殊要求,中,小吃,0.74,0.34,0.36,0.51,鸡肉,18,不健康
1133,2,3.93,28-35,女,0.29,0.62,0.64,0.71,素食,中,主食,0.02,0.44,0.25,0.68,面食,18,健康
1227,2,5.0,23-27,女,0.43,0.27,0.82,1.0,荤素搭配,中,主食,0.02,0.44,0.25,0.68,猪肉,18,健康
1189,6,3.57,23-27,男,0.91,0.0,0.85,0.31,素食,高,炒菜,0.45,0.52,0.52,0.69,面食,13,不健康
1476,19,2.18,18-22,女,0.18,0.97,0.17,0.22,荤素搭配,低,小吃,0.74,0.34,0.36,0.51,面食,5,不健康
1477,8,1.71,28-35,女,0.11,0.09,0.44,0.58,素食,低,小吃,0.05,0.11,0.52,0.76,面食,9,健康
1265,3,5.0,23-27,女,0.1,0.78,0.37,0.04,无特殊要求,中,小吃,0.72,0.9,0.76,0.05,蔬菜,19,不健康
1372,14,5.0,18-22,女,0.4,0.51,0.81,0.72,无特殊要求,高,小吃,0.62,0.29,0.92,0.78,猪肉,11,健康
1486,16,2.28,28-35,女,0.46,0.72,0.76,0.26,素食,高,小吃,0.74,0.02,0.96,0.34,面食,11,一般
1434,1,1.56,18-22,女,0.29,0.28,0.67,0.02,无特殊要求,高,主食,0.71,0.15,0.46,0.04,鸡肉,15,健康
1134,3,2.85,18-22,男,0.29,0.32,0.44,0.31,无特殊要求,高,小吃,0.72,0.9,0.76,0.05,蔬菜,19,不健康
1211,18,4.97,28-35,女,0.27,0.81,0.16,0.28,素食,高,汤,0.12,0.72,0.07,0.92,面食,12,不健康
1060,9,3.29,23-27,男,0.44,0.48,0.83,0.9,无特殊要求,中,小吃,0.33,0.38,0.93,0.21,蔬菜,12,不健康
1428,6,1.79,18-22,男,0.5,0.39,0.61,0.06,荤素搭配,中,炒菜,0.45,0.52,0.52,0.69,面食,7,不健康
1377,1,5.0,28-35,女,0.17,0.66,0.55,0.12,素食,高,主食,0.71,0.15,0.46,0.04,鸡肉,15,健康
1395,10,5.0,23-27,女,0.25,0.54,0.8,0.04,荤素搭配,中,炒菜,0.1,0.34,0.75,0.63,牛肉,19,不健康
1450,6,2.21,23-27,女,0.37,0.01,0.69,0.98,荤素搭配,高,炒菜,0.45,0.52,0.52,0.69,面食,18,不健康
1431,12,5.0,28-35,男,0.52,0.2,0.8,0.45,素食,低,小吃,0.74,0.02,0.65,0.21,猪肉,11,一般
1364,4,5.0,18-22,女,0.47,0.27,0.6,0.67,无特殊要求,中,主食,0.37,0.27,0.39,0.16,蔬菜,19,健康
1364,13,5.0,18-22,女,0.15,0.27,0.6,0.67,无特殊要求,中,汤,0.7,0.31,0.87,0.34,蔬菜,13,一般
1457,17,5.0,23-27,女,0.36,0.42,0.1,0.04,荤素搭配,高,汤,0.19,0.85,0.7,0.09,猪肉,19,一般
1213,8,4.43,18-22,女,0.08,0.81,0.44,0.12,荤素搭配,低,小吃,0.05,0.11,0.52,0.76,猪肉,9,健康
1216,20,5.0,23-27,男,0.98,0.4,0.32,0.46,素食,低,主食,0.36,0.78,0.97,0.58,面食,5,不健康
1226,3,4.75,23-27,男,0.3,0.43,0.19,0.11,无特殊要求,中,小吃,0.72,0.9,0.76,0.05,蔬菜,19,不健康
1470,12,2.59,23-27,男,0.7,0.23,0.0,0.34,荤素搭配,高,小吃,0.74,0.02,0.65,0.21,猪肉,11,一般
1131,7,4.33,28-35,女,0.03,0.13,0.1,0.71,素食,高,汤,0.05,0.71,0.58,0.2,面食,12,不健康
1076,12,2.35,28-35,男,0.16,0.34,0.34,0.04,素食,中,小吃,0.74,0.02,0.65,0.21,猪肉,11,一般
1476,2,2.64,18-22,女,0.29,0.97,0.17,0.22,无特殊要求,低,主食,0.02,0.44,0.25,0.68,蔬菜,14,健康
1286,14,2.2,18-22,女,0.34,0.06,0.19,0.66,荤素搭配,中,小吃,0.62,0.29,0.92,0.78,蔬菜,11,健康
1474,5,2.51,18-22,女,0.46,0.2,0.3,0.2,荤素搭配,中,汤,0.1,0.52,0.72,0.7,牛肉,14,一般
1496,9,4.74,28-35,男,0.94,0.24,0.96,0.84,素食,高,小吃,0.33,0.38,0.93,0.21,蔬菜,12,不健康
1277,11,2.89,23-27,男,0.68,0.35,0.31,0.68,荤素搭配,中,汤,0.42,0.96,0.73,0.06,牛肉,6,健康
1156,5,4.52,18-22,男,0.94,0.16,0.04,0.45,无特殊要求,高,汤,0.1,0.52,0.72,0.7,面食,14,一般
1248,3,3.19,18-22,男,0.45,0.03,0.16,0.29,无特殊要求,低,小吃,0.72,0.9,0.76,0.05,蔬菜,14,不健康
1218,17,4.72,23-27,女,0.23,0.19,0.55,0.02,无特殊要求,低,汤,0.19,0.85,0.7,0.09,猪肉,8,一般
1190,2,4.96,23-27,女,0.2,0.55,0.45,0.88,素食,低,主食,0.02,0.44,0.25,0.68,蔬菜,9,健康
1417,1,3.76,28-35,女,0.39,0.37,0.08,0.96,素食,低,主食,0.71,0.15,0.46,0.04,鸡肉,15,健康
1469,7,2.43,18-22,女,0.4,0.27,0.17,0.48,无特殊要求,低,汤,0.05,0.71,0.58,0.2,面食,12,不健康
1163,14,3.18,18-22,女,0.12,0.53,0.36,0.79,无特殊要求,高,小吃,0.62,0.29,0.92,0.78,猪肉,11,健康
1180,5,5.0,23-27,男,0.98,0.3,0.87,0.0,素食,中,汤,0.1,0.52,0.72,0.7,蔬菜,14,一般
1034,19,5.0,23-27,女,0.4,0.4,0.17,0.38,荤素搭配,中,小吃,0.74,0.34,0.36,0.51,鸡肉,18,不健康
1041,11,2.48,23-27,女,0.33,0.35,0.92,0.93,无特殊要求,高,汤,0.42,0.96,0.73,0.06,牛肉,19,健康
1307,2,4.7,18-22,女,0.05,0.89,0.56,0.25,无特殊要求,低,主食,0.02,0.44,0.25,0.68,面食,14,健康
1431,8,3.85,28-35,男,0.52,0.16,0.8,0.45,素食,低,小吃,0.05,0.11,0.52,0.76,猪肉,9,健康
1338,9,5.0,23-27,男,0.53,0.04,0.64,0.88,荤素搭配,中,小吃,0.33,0.38,0.93,0.21,蔬菜,12,不健康
1314,3,2.99,23-27,女,0.29,0.17,0.76,0.99,无特殊要求,中,小吃,0.72,0.9,0.76,0.05,蔬菜,19,不健康
1075,2,2.05,28-35,男,0.34,0.31,0.84,0.88,素食,中,主食,0.02,0.44,0.25,0.68,猪肉,18,健康
1441,7,3.72,23-27,女,0.13,0.62,0.24,0.5,无特殊要求,中,汤,0.05,0.71,0.58,0.2,面食,12,不健康
1279,5,3.12,28-35,女,0.27,0.43,0.97,0.14,素食,中,汤,0.1,0.52,0.72,0.7,面食,14,一般
1176,5,2.93,18-22,男,0.48,0.43,0.01,0.93,无特殊要求,中,汤,0.1,0.52,0.72,0.7,牛肉,14,一般
1384,20,5.0,28-35,男,0.75,0.29,0.58,0.49,素食,低,主食,0.36,0.78,0.97,0.58,面食,5,不健康
1150,13,5.0,23-27,男,0.99,0.46,0.11,0.73,素食,低,汤,0.7,0.31,0.87,0.34,蔬菜,13,一般
1273,20,5.0,23-27,女,0.2,0.49,0.6,0.1,荤素搭配,高,主食,0.36,0.78,0.97,0.58,面食,19,不健康
1325,6,5.0,28-35,男,0.65,0.38,0.98,0.67,素食,低,炒菜,0.45,0.52,0.52,0.69,面食,7,不健康
1108,20,3.49,23-27,女,0.38,0.61,0.62,0.48,荤素搭配,高,主食,0.36,0.78,0.97,0.58,面食,13,不健康
1139,18,3.09,23-27,男,0.51,0.45,0.11,0.57,素食,中,汤,0.12,0.72,0.07,0.92,蔬菜,12,不健康
1350,2,5.0,23-27,男,0.39,0.31,0.45,0.6,荤素搭配,高,主食,0.02,0.44,0.25,0.68,猪肉,18,健康
1271,6,5.0,23-27,男,0.29,0.08,0.01,0.43,素食,高,炒菜,0.45,0.52,0.52,0.69,面食,17,不健康
1347,9,2.78,23-27,女,0.01,0.39,0.43,0.08,素食,中,小吃,0.33,0.38,0.93,0.21,蔬菜,12,不健康
1419,3,4.47,28-35,男,0.21,0.24,0.8,0.55,素食,中,小吃,0.72,0.9,0.76,0.05,蔬菜,19,不健康
1289,1,2.62,23-27,女,0.46,0.77,0.34,0.63,无特殊要求,中,主食,0.71,0.15,0.46,0.04,鸡肉,15,健康
1212,1,3.71,18-22,男,0.33,0.47,0.76,0.75,荤素搭配,中,主食,0.71,0.15,0.46,0.04,鸡肉,15,健康
1381,19,4.03,23-27,女,0.2,0.57,0.31,0.22,素食,高,小吃,0.74,0.34,0.36,0.51,面食,18,不健康
1272,5,3.08,28-35,女,0.41,0.99,0.47,0.26,素食,中,汤,0.1,0.52,0.72,0.7,牛肉,14,一般
1418,13,2.27,18-22,女,0.44,0.62,0.67,0.55,荤素搭配,高,汤,0.7,0.31,0.87,0.34,蔬菜,13,一般
1066,19,5.0,23-27,女,0.06,0.21,0.86,0.06,无特殊要求,高,小吃,0.74,0.34,0.36,0.51,鸡肉,18,不健康
1483,12,4.95,28-35,女,0.06,0.94,0.0,0.89,素食,低,小吃,0.74,0.02,0.65,0.21,猪肉,11,一般
1424,16,2.3,23-27,男,0.01,0.47,0.27,0.04,荤素搭配,高,小吃,0.74,0.02,0.96,0.34,牛肉,11,一般
1248,19,3.81,18-22,男,0.45,0.3,0.16,0.29,荤素搭配,低,小吃,0.74,0.34,0.36,0.51,蔬菜,10,不健康
1156,3,2.87,18-22,男,0.94,0.16,0.04,0.45,无特殊要求,高,小吃,0.72,0.9,0.76,0.05,蔬菜,19,不健康
1047,12,5.0,28-35,女,0.17,0.65,0.61,0.79,素食,低,小吃,0.74,0.02,0.65,0.21,猪肉,11,一般
1423,5,4.52,28-35,女,0.11,0.49,0.87,0.89,素食,高,汤,0.1,0.52,0.72,0.7,牛肉,14,一般
1454,2,5.0,23-27,女,0.11,0.58,0.87,0.95,荤素搭配,低,主食,0.02,0.44,0.25,0.68,猪肉,13,健康
1201,7,5.0,18-22,男,0.87,0.45,0.98,0.96,无特殊要求,低,汤,0.05,0.71,0.58,0.2,面食,12,不健康
1148,13,5.0,23-27,男,0.87,0.23,0.48,0.13,荤素搭配,中,汤,0.7,0.31,0.87,0.34,蔬菜,13,一般
1124,15,1.4,28-35,男,0.09,0.13,0.5,0.11,素食,中,炒菜,0.24,0.95,0.36,0.65,鸡肉,7,一般
1001,3,3.48,23-27,女,0.23,0.02,0.38,0.14,荤素搭配,中,小吃,0.72,0.9,0.76,0.05,蔬菜,19,不健康
1456,20,3.64,28-35,女,0.2,0.19,0.25,0.3,素食,中,主食,0.36,0.78,0.97,0.58,面食,5,不健康
1247,5,2.15,28-35,女,0.23,0.94,0.59,0.31,素食,低,汤,0.1,0.52,0.72,0.7,牛肉,14,一般
1343,8,3.6,23-27,女,0.34,0.03,0.54,0.39,素食,低,小吃,0.05,0.11,0.52,0.76,面食,9,健康
1128,1,1.63,28-35,男,0.4,0.08,0.7,0.25,素食,中,主食,0.71,0.15,0.46,0.04,鸡肉,15,健康
1191,8,2.49,23-27,男,0.1,0.26,0.75,0.09,素食,中,小吃,0.05,0.11,0.52,0.76,蔬菜,9,健康
1067,18,5.0,18-22,男,0.22,0.46,0.43,0.7,无特殊要求,中,汤,0.12,0.72,0.07,0.92,猪肉,12,不健康
1004,20,5.0,23-27,女,0.44,0.07,0.4,0.76,荤素搭配,中,主食,0.36,0.78,0.97,0.58,面食,5,不健康
1442,16,2.34,23-27,女,0.06,0.82,0.32,0.98,无特殊要求,低,小吃,0.74,0.02,0.96,0.34,牛肉,11,一般
1409,18,2.11,28-35,男,0.27,0.04,0.57,0.46,素食,中,汤,0.12,0.72,0.07,0.92,猪肉,12,不健康
1303,20,2.13,18-22,女,0.1,0.11,0.57,0.78,荤素搭配,高,主食,0.36,0.78,0.97,0.58,面食,12,不健康
1294,12,3.15,28-35,男,0.9,0.31,0.57,0.5,素食,低,小吃,0.74,0.02,0.65,0.21,蔬菜,11,一般
1143,13,2.03,18-22,女,0.31,0.13,0.55,0.86,荤素搭配,高,汤,0.7,0.31,0.87,0.34,蔬菜,13,一般
1191,13,5.0,23-27,男,0.1,0.26,0.75,0.09,素食,中,汤,0.7,0.31,0.87,0.34,蔬菜,13,一般
1021,10,5.0,18-22,女,0.34,0.44,0.71,0.59,荤素搭配,中,炒菜,0.1,0.34,0.75,0.63,蔬菜,19,不健康
1227,7,4.9,23-27,女,0.39,0.27,0.82,1.0,荤素搭配,中,汤,0.05,0.71,0.58,0.2,面食,12,不健康
1313,14,2.92,28-35,男,0.15,0.23,0.47,0.42,素食,中,小吃,0.62,0.29,0.92,0.78,蔬菜,11,健康
1117,16,5.0,28-35,男,0.14,0.23,0.91,0.04,素食,中,小吃,0.74,0.02,0.96,0.34,牛肉,11,一般
1437,15,4.17,28-35,女,0.02,0.62,0.29,0.42,素食,高,炒菜,0.24,0.95,0.36,0.65,蔬菜,19,一般
1302,12,4.32,23-27,女,0.38,0.21,0.97,0.14,素食,低,小吃,0.74,0.02,0.65,0.21,面食,11,一般
1500,9,4.45,18-22,女,0.29,0.5,0.92,0.63,荤素搭配,低,小吃,0.33,0.38,0.93,0.21,蔬菜,12,不健康
1142,8,1.9,23-27,男,0.11,0.24,0.22,0.99,荤素搭配,高,小吃,0.05,0.11,0.52,0.76,猪肉,12,健康
1484,18,2.06,28-35,女,0.07,0.95,0.28,0.38,素食,低,汤,0.12,0.72,0.07,0.92,面食,12,不健康
1460,18,3.62,28-35,女,0.03,0.43,0.64,0.18,素食,低,汤,0.12,0.72,0.07,0.92,面食,12,不健康
1401,13,4.99,18-22,男,0.32,0.48,0.6,0.29,无特殊要求,低,汤,0.7,0.31,0.87,0.34,蔬菜,13,一般
1039,18,5.0,28-35,女,0.38,0.77,0.43,0.76,素食,低,汤,0.12,0.72,0.07,0.92,猪肉,12,不健康
1393,15,2.1,18-22,女,0.42,0.18,0.92,0.76,荤素搭配,高,炒菜,0.24,0.95,0.36,0.65,鸡肉,13,一般
1355,4,3.31,28-35,女,0.2,0.31,0.24,0.36,素食,高,主食,0.37,0.27,0.39,0.16,牛肉,19,健康
1252,17,5.0,28-35,女,0.48,0.99,0.98,0.64,素食,低,汤,0.19,0.85,0.7,0.09,蔬菜,5,一般
1333,5,2.1,23-27,女,0.19,0.66,0.72,0.26,荤素搭配,高,汤,0.1,0.52,0.72,0.7,牛肉,14,一般
1207,16,4.08,18-22,男,0.34,0.31,0.54,0.88,无特殊要求,低,小吃,0.74,0.02,0.96,0.34,牛肉,11,一般
1210,9,2.6,28-35,女,0.45,0.73,0.1,0.4,素食,高,小吃,0.33,0.38,0.93,0.21,蔬菜,12,不健康
1115,10,3.97,23-27,女,0.29,0.78,0.36,0.57,荤素搭配,高,炒菜,0.1,0.34,0.75,0.63,牛肉,19,不健康
1225,18,4.07,28-35,男,0.8,0.3,0.85,0.76,素食,中,汤,0.12,0.72,0.07,0.92,蔬菜,12,不健康
1134,17,5.0,18-22,男,0.29,0.32,0.44,0.31,无特殊要求,高,汤,0.19,0.85,0.7,0.09,猪肉,19,一般
1251,18,5.0,18-22,女,0.36,0.35,0.23,0.62,荤素搭配,高,汤,0.12,0.72,0.07,0.92,蔬菜,12,不健康
1219,7,2.83,28-35,男,0.76,0.5,0.63,0.05,素食,高,汤,0.05,0.71,0.58,0.2,面食,12,不健康
1407,4,2.37,23-27,女,0.17,0.37,0.42,0.3,荤素搭配,中,主食,0.37,0.27,0.39,0.16,牛肉,19,健康
1443,5,3.25,28-35,男,0.71,0.06,0.04,0.17,素食,低,汤,0.1,0.52,0.72,0.7,牛肉,14,一般
1091,16,5.0,28-35,女,0.5,0.1,0.75,0.28,素食,高,小吃,0.74,0.02,0.96,0.34,牛肉,11,一般
1354,3,3.82,18-22,女,0.13,0.74,0.86,0.94,荤素搭配,高,小吃,0.72,0.9,0.76,0.05,蔬菜,19,不健康
1376,18,3.6,23-27,男,0.8,0.46,0.33,0.16,荤素搭配,低,汤,0.12,0.72,0.07,0.92,猪肉,12,不健康
1046,14,2.18,28-35,女,0.38,0.99,0.41,0.01,素食,中,小吃,0.62,0.29,0.92,0.78,蔬菜,11,健康
1038,15,5.0,18-22,女,0.13,0.11,0.92,0.75,荤素搭配,低,炒菜,0.24,0.95,0.36,0.65,鸡肉,7,一般
1142,17,4.47,23-27,男,0.11,0.24,0.22,0.99,荤素搭配,高,汤,0.19,0.85,0.7,0.09,猪肉,19,一般
1100,1,4.01,18-22,男,0.81,0.38,0.79,0.35,无特殊要求,低,主食,0.71,0.15,0.46,0.04,鸡肉,15,健康
1328,17,2.21,23-27,男,0.43,0.47,0.99,0.43,荤素搭配,低,汤,0.19,0.85,0.7,0.09,猪肉,6,一般
1190,11,5.0,23-27,女,0.2,0.55,0.45,0.88,素食,低,汤,0.42,0.96,0.73,0.06,面食,6,健康
1035,17,2.22,23-27,女,0.29,0.36,0.95,0.95,素食,中,汤,0.19,0.85,0.7,0.09,蔬菜,19,一般
1147,14,3.83,23-27,男,0.01,0.16,0.18,0.47,荤素搭配,低,小吃,0.62,0.29,0.92,0.78,猪肉,11,健康
1030,20,3.31,23-27,男,0.05,0.46,0.31,0.44,无特殊要求,低,主食,0.36,0.78,0.97,0.58,面食,5,不健康
1334,19,5.0,18-22,男,0.09,0.08,0.43,0.95,无特殊要求,中,小吃,0.74,0.34,0.36,0.51,鸡肉,18,不健康
1084,7,1.86,28-35,男,0.71,0.06,0.12,0.81,素食,低,汤,0.05,0.71,0.58,0.2,面食,12,不健康
1369,13,3.19,23-27,男,0.25,0.16,0.75,0.4,荤素搭配,高,汤,0.7,0.31,0.87,0.34,蔬菜,13,一般
1281,18,5.0,28-35,女,0.11,0.91,0.19,0.61,素食,高,汤,0.12,0.72,0.07,0.92,面食,12,不健康
1424,14,3.54,23-27,男,0.01,0.14,0.27,0.04,荤素搭配,高,小吃,0.62,0.29,0.92,0.78,猪肉,11,健康
1344,1,3.64,28-35,女,0.1,0.8,0.92,0.76,素食,高,主食,0.71,0.15,0.46,0.04,鸡肉,15,健康
1270,7,5.0,18-22,女,0.42,0.29,0.77,0.76,无特殊要求,高,汤,0.05,0.71,0.58,0.2,面食,12,不健康
1154,8,1.79,28-35,女,0.31,0.92,0.66,0.44,素食,低,小吃,0.05,0.11,0.52,0.76,面食,9,健康
1102,18,4.28,23-27,女,0.24,0.21,0.97,0.03,无特殊要求,低,汤,0.12,0.72,0.07,0.92,猪肉,12,不健康
1215,9,5.0,18-22,男,0.65,0.02,0.43,0.33,荤素搭配,高,小吃,0.33,0.38,0.93,0.21,蔬菜,12,不健康
1150,1,5.0,23-27,男,0.99,0.25,0.11,0.73,素食,低,主食,0.71,0.15,0.46,0.04,面食,15,健康
1432,17,1.9,28-35,女,0.04,0.53,0.34,0.66,素食,中,汤,0.19,0.85,0.7,0.09,蔬菜,19,一般
1083,19,5.0,28-35,男,0.85,0.48,0.51,0.59,素食,低,小吃,0.74,0.34,0.36,0.51,面食,14,不健康
1110,6,1.76,18-22,女,0.02,0.27,0.1,0.35,荤素搭配,低,炒菜,0.45,0.52,0.52,0.69,面食,7,不健康
1435,3,4.05,23-27,女,0.07,0.27,0.31,0.53,素食,低,小吃,0.72,0.9,0.76,0.05,蔬菜,5,不健康
1387,5,2.6,28-35,男,0.14,0.17,0.05,0.66,素食,中,汤,0.1,0.52,0.72,0.7,牛肉,14,一般
1426,2,3.96,18-22,女,0.18,0.79,0.89,0.55,荤素搭配,中,主食,0.02,0.44,0.25,0.68,面食,18,健康
1275,20,4.49,28-35,男,0.63,0.08,0.27,0.51,素食,低,主食,0.36,0.78,0.97,0.58,面食,5,不健康
1201,4,5.0,18-22,男,0.87,0.45,0.98,0.96,无特殊要求,低,主食,0.37,0.27,0.39,0.16,牛肉,13,健康
1284,10,3.69,28-35,男,0.15,0.09,0.32,0.34,素食,中,炒菜,0.1,0.34,0.75,0.63,牛肉,19,不健康
1468,10,5.0,23-27,女,0.22,0.82,0.65,0.84,无特殊要求,低,炒菜,0.1,0.34,0.75,0.63,牛肉,6,不健康
1173,11,3.89,28-35,女,0.3,0.07,0.9,0.69,素食,高,汤,0.42,0.96,0.73,0.06,面食,11,健康
1327,16,5.0,23-27,女,0.07,0.16,0.52,0.79,无特殊要求,低,小吃,0.74,0.02,0.96,0.34,牛肉,11,一般
1206,17,1.75,18-22,男,0.57,0.45,0.31,0.5,荤素搭配,中,汤,0.19,0.85,0.7,0.09,猪肉,19,一般
1063,16,5.0,18-22,男,0.1,0.42,0.31,0.91,荤素搭配,中,小吃,0.74,0.02,0.96,0.34,蔬菜,11,一般
1073,7,4.35,18-22,女,0.25,0.05,0.4,0.27,无特殊要求,中,汤,0.05,0.71,0.58,0.2,面食,12,不健康
1251,16,3.87,18-22,女,0.24,0.35,0.23,0.62,荤素搭配,高,小吃,0.74,0.02,0.96,0.34,蔬菜,11,一般
1124,3,5.0,28-35,男,0.09,0.13,0.5,0.11,素食,中,小吃,0.72,0.9,0.76,0.05,蔬菜,19,不健康
1375,16,5.0,23-27,男,0.72,0.14,0.88,0.18,无特殊要求,高,小吃,0.74,0.02,0.96,0.34,牛肉,11,一般
1121,8,4.62,23-27,女,0.43,0.33,0.65,0.28,素食,低,小吃,0.05,0.11,0.52,0.76,面食,9,健康
1275,12,4.77,28-35,男,0.63,0.02,0.27,0.51,素食,低,小吃,0.74,0.02,0.65,0.21,猪肉,11,一般
1431,3,3.57,28-35,男,0.52,0.15,0.8,0.45,素食,低,小吃,0.72,0.9,0.76,0.05,蔬菜,7,不健康
1500,17,3.28,18-22,女,0.01,0.5,0.92,0.63,荤素搭配,低,汤,0.19,0.85,0.7,0.09,猪肉,14,一般
1398,18,5.0,28-35,男,0.95,0.37,0.48,0.67,素食,中,汤,0.12,0.72,0.07,0.92,蔬菜,12,不健康
1120,11,3.36,28-35,男,0.27,0.47,0.46,0.06,素食,高,汤,0.42,0.96,0.73,0.06,牛肉,17,健康
1422,4,3.68,23-27,男,0.52,0.17,0.98,0.38,荤素搭配,高,主食,0.37,0.27,0.39,0.16,牛肉,19,健康
1437,16,2.06,28-35,女,0.09,0.62,0.29,0.42,素食,高,小吃,0.74,0.02,0.96,0.34,面食,11,一般
1317,17,5.0,28-35,男,0.68,0.29,0.33,0.68,素食,高,汤,0.19,0.85,0.7,0.09,猪肉,19,一般
1164,9,1.78,23-27,女,0.3,0.91,0.01,0.81,素食,高,小吃,0.33,0.38,0.93,0.21,蔬菜,12,不健康
1424,6,2.64,23-27,男,0.01,0.26,0.27,0.04,荤素搭配,高,炒菜,0.45,0.52,0.52,0.69,面食,12,不健康
1465,20,5.0,28-35,男,0.97,0.36,0.6,0.61,素食,中,主食,0.36,0.78,0.97,0.58,面食,5,不健康
1286,2,5.0,18-22,女,0.47,0.06,0.19,0.66,荤素搭配,中,主食,0.02,0.44,0.25,0.68,蔬菜,18,健康
1265,9,2.68,23-27,女,0.1,0.78,0.37,0.04,无特殊要求,中,小吃,0.33,0.38,0.93,0.21,蔬菜,12,不健康
1320,6,3.79,18-22,男,0.06,0.17,0.21,0.39,无特殊要求,中,炒菜,0.45,0.52,0.52,0.69,面食,7,不健康
1161,3,5.0,28-35,女,0.47,0.31,0.97,0.29,素食,高,小吃,0.72,0.9,0.76,0.05,蔬菜,19,不健康
1376,20,5.0,23-27,男,0.8,0.46,0.33,0.16,荤素搭配,低,主食,0.36,0.78,0.97,0.58,面食,5,不健康
1308,6,4.97,28-35,男,0.95,0.48,0.33,0.18,素食,中,炒菜,0.45,0.52,0.52,0.69,面食,7,不健康
1089,7,5.0,18-22,女,0.29,0.41,0.25,0.87,无特殊要求,高,汤,0.05,0.71,0.58,0.2,面食,12,不健康
1142,1,4.25,23-27,男,0.11,0.24,0.22,0.99,荤素搭配,高,主食,0.71,0.15,0.46,0.04,鸡肉,15,健康
1203,1,2.84,18-22,男,0.62,0.07,0.84,0.17,荤素搭配,中,主食,0.71,0.15,0.46,0.04,鸡肉,15,健康
1309,5,4.53,18-22,女,0.24,0.83,0.61,0.91,荤素搭配,中,汤,0.1,0.52,0.72,0.7,牛肉,14,一般
1227,6,4.58,23-27,女,0.09,0.27,0.82,1.0,荤素搭配,中,炒菜,0.45,0.52,0.52,0.69,面食,7,不健康
1489,13,5.0,28-35,男,0.14,0.33,0.59,0.54,素食,中,汤,0.7,0.31,0.87,0.34,蔬菜,13,一般
1443,2,5.0,28-35,男,0.71,0.06,0.04,0.17,素食,低,主食,0.02,0.44,0.25,0.68,猪肉,7,健康
1334,15,2.87,18-22,男,0.09,0.08,0.43,0.95,无特殊要求,中,炒菜,0.24,0.95,0.36,0.65,鸡肉,7,一般
1222,15,4.9,18-22,男,0.24,0.14,0.85,0.62,无特殊要求,中,炒菜,0.24,0.95,0.36,0.65,鸡肉,7,一般
1041,13,4.91,23-27,女,0.27,0.35,0.92,0.93,无特殊要求,高,汤,0.7,0.31,0.87,0.34,蔬菜,13,一般
1196,14,5.0,23-27,女,0.18,0.77,0.95,0.1,素食,中,小吃,0.62,0.29,0.92,0.78,面食,11,健康
1068,7,2.93,28-35,男,0.18,0.13,0.73,0.31,素食,高,汤,0.05,0.71,0.58,0.2,面食,12,不健康
1476,14,4.17,18-22,女,0.26,0.97,0.17,0.22,荤素搭配,低,小吃,0.62,0.29,0.92,0.78,蔬菜,11,健康
1264,10,4.2,28-35,男,0.82,0.16,0.41,0.76,素食,低,炒菜,0.1,0.34,0.75,0.63,牛肉,13,不健康
1002,17,1.8,18-22,女,0.24,0.66,0.04,0.84,无特殊要求,高,汤,0.19,0.85,0.7,0.09,猪肉,19,一般
1361,14,3.47,23-27,男,0.2,0.13,0.92,0.39,荤素搭配,中,小吃,0.62,0.29,0.92,0.78,猪肉,11,健康
1125,8,3.09,28-35,男,0.35,0.15,0.64,0.95,素食,低,小吃,0.05,0.11,0.52,0.76,猪肉,9,健康
1110,4,1.44,18-22,女,0.14,0.27,0.1,0.35,荤素搭配,低,主食,0.37,0.27,0.39,0.16,蔬菜,11,健康
1086,16,5.0,28-35,男,0.95,0.44,0.95,0.18,素食,低,小吃,0.74,0.02,0.96,0.34,牛肉,11,一般
1425,13,2.58,18-22,女,0.23,0.86,0.6,0.57,无特殊要求,低,汤,0.7,0.31,0.87,0.34,蔬菜,13,一般
1120,20,3.32,28-35,男,0.27,0.39,0.46,0.06,素食,高,主食,0.36,0.78,0.97,0.58,面食,15,不健康
1127,18,4.73,23-27,女,0.12,0.69,0.41,0.21,无特殊要求,中,汤,0.12,0.72,0.07,0.92,猪肉,12,不健康
1255,14,4.25,18-22,男,0.49,0.34,0.49,0.34,荤素搭配,中,小吃,0.62,0.29,0.92,0.78,猪肉,11,健康
1183,18,1.7,23-27,男,0.19,0.31,0.42,0.09,荤素搭配,高,汤,0.12,0.72,0.07,0.92,猪肉,12,不健康
1016,5,4.8,28-35,女,0.2,0.93,0.26,0.15,素食,中,汤,0.1,0.52,0.72,0.7,面食,14,一般
1477,9,4.74,28-35,女,0.13,0.09,0.44,0.58,素食,低,小吃,0.33,0.38,0.93,0.21,蔬菜,12,不健康
1062,3,4.82,23-27,女,0.2,0.02,0.4,0.99,素食,中,小吃,0.72,0.9,0.76,0.05,蔬菜,19,不健康
1369,8,1.79,23-27,男,0.25,0.3,0.75,0.4,荤素搭配,高,小吃,0.05,0.11,0.52,0.76,猪肉,13,健康
1432,20,4.42,28-35,女,0.48,0.53,0.34,0.66,素食,中,主食,0.36,0.78,0.97,0.58,面食,5,不健康
1158,10,4.85,18-22,女,0.1,0.59,0.78,0.09,荤素搭配,高,炒菜,0.1,0.34,0.75,0.63,牛肉,19,不健康
1268,19,2.1,23-27,男,0.39,0.23,0.6,0.67,素食,中,小吃,0.74,0.34,0.36,0.51,面食,18,不健康
1035,3,3.72,23-27,女,0.37,0.36,0.95,0.95,素食,中,小吃,0.72,0.9,0.76,0.05,蔬菜,19,不健康
1267,11,2.46,18-22,男,0.08,0.33,0.71,0.33,无特殊要求,中,汤,0.42,0.96,0.73,0.06,牛肉,6,健康
1064,11,1.69,18-22,男,0.87,0.24,0.08,0.63,荤素搭配,中,汤,0.42,0.96,0.73,0.06,牛肉,6,健康
1494,17,1.21,18-22,女,0.47,0.09,0.05,0.11,荤素搭配,低,汤,0.19,0.85,0.7,0.09,猪肉,5,一般
1050,16,4.96,18-22,男,0.42,0.44,0.59,0.19,无特殊要求,低,小吃,0.74,0.02,0.96,0.34,面食,11,一般
1469,7,1.43,18-22,女,0.5,0.27,0.17,0.48,无特殊要求,低,汤,0.05,0.71,0.58,0.2,面食,12,不健康
1255,4,2.64,18-22,男,0.49,0.46,0.49,0.34,荤素搭配,中,主食,0.37,0.27,0.39,0.16,牛肉,19,健康
1149,19,4.68,18-22,男,0.4,0.18,0.36,0.37,荤素搭配,低,小吃,0.74,0.34,0.36,0.51,鸡肉,10,不健康
1325,12,3.27,28-35,男,0.65,0.38,0.98,0.67,素食,低,小吃,0.74,0.02,0.65,0.21,猪肉,11,一般
1304,15,5.0,23-27,女,0.37,0.98,0.43,0.15,荤素搭配,高,炒菜,0.24,0.95,0.36,0.65,鸡肉,13,一般
1276,11,2.13,28-35,男,0.96,0.17,0.72,0.61,素食,高,汤,0.42,0.96,0.73,0.06,牛肉,13,健康
1357,5,4.93,18-22,女,0.03,0.06,0.54,0.72,荤素搭配,高,汤,0.1,0.52,0.72,0.7,牛肉,14,一般
1451,5,4.71,28-35,男,0.97,0.16,0.18,0.57,素食,中,汤,0.1,0.52,0.72,0.7,牛肉,14,一般
1172,15,1.53,28-35,男,0.06,0.12,0.5,0.34,素食,中,炒菜,0.24,0.95,0.36,0.65,鸡肉,7,一般
1417,18,4.26,28-35,女,0.02,0.37,0.08,0.96,素食,低,汤,0.12,0.72,0.07,0.92,猪肉,12,不健康
1201,11,4.57,18-22,男,0.87,0.45,0.98,0.96,无特殊要求,低,汤,0.42,0.96,0.73,0.06,牛肉,6,健康
1445,12,3.48,23-27,男,0.92,0.34,0.91,0.94,素食,低,小吃,0.74,0.02,0.65,0.21,面食,11,一般
1393,2,1.83,18-22,女,0.42,0.18,0.92,0.76,荤素搭配,高,主食,0.02,0.44,0.25,0.68,猪肉,18,健康
1324,20,2.06,18-22,男,0.84,0.07,0.02,0.19,荤素搭配,高,主食,0.36,0.78,0.97,0.58,面食,19,不健康
1035,15,5.0,23-27,女,0.24,0.36,0.95,0.95,素食,中,炒菜,0.24,0.95,0.36,0.65,面食,7,一般
1465,20,4.57,28-35,男,0.97,0.36,0.6,0.61,素食,中,主食,0.36,0.78,0.97,0.58,面食,5,不健康
1482,4,3.5,23-27,男,0.18,0.42,0.41,0.65,无特殊要求,中,主食,0.37,0.27,0.39,0.16,牛肉,19,健康
1216,18,2.18,23-27,男,0.98,0.37,0.32,0.46,素食,低,汤,0.12,0.72,0.07,0.92,蔬菜,12,不健康
1480,6,2.43,28-35,男,0.55,0.1,0.02,0.17,素食,低,炒菜,0.45,0.52,0.52,0.69,面食,7,不健康
1065,19,1.56,23-27,男,0.34,0.1,0.03,0.13,无特殊要求,中,小吃,0.74,0.34,0.36,0.51,鸡肉,18,不健康
1008,11,3.39,28-35,男,0.51,0.28,0.88,0.46,素食,高,汤,0.42,0.96,0.73,0.06,蔬菜,14,健康
1301,2,4.12,28-35,男,0.22,0.04,0.98,0.65,素食,高,主食,0.02,0.44,0.25,0.68,蔬菜,18,健康
1343,8,5.0,23-27,女,0.34,0.03,0.54,0.39,素食,低,小吃,0.05,0.11,0.52,0.76,蔬菜,9,健康
1431,11,5.0,28-35,男,0.52,0.5,0.8,0.45,素食,低,汤,0.42,0.96,0.73,0.06,牛肉,6,健康
1424,5,3.69,23-27,男,0.01,0.29,0.27,0.04,荤素搭配,高,汤,0.1,0.52,0.72,0.7,牛肉,14,一般
1332,18,2.27,18-22,男,0.65,0.05,0.31,0.15,荤素搭配,高,汤,0.12,0.72,0.07,0.92,猪肉,12,不健康
1438,18,2.16,23-27,男,0.71,0.38,0.89,0.34,荤素搭配,中,汤,0.12,0.72,0.07,0.92,猪肉,12,不健康
1076,14,3.54,28-35,男,0.16,0.34,0.34,0.04,素食,中,小吃,0.62,0.29,0.92,0.78,猪肉,11,健康
1174,10,5.0,18-22,男,0.12,0.07,0.97,0.68,荤素搭配,中,炒菜,0.1,0.34,0.75,0.63,牛肉,19,不健康
1047,3,3.21,28-35,女,0.17,0.65,0.61,0.79,素食,低,小吃,0.72,0.9,0.76,0.05,蔬菜,9,不健康
1015,9,2.39,23-27,女,0.44,0.73,0.89,0.67,无特殊要求,低,小吃,0.33,0.38,0.93,0.21,蔬菜,12,不健康
1361,3,5.0,23-27,男,0.2,0.33,0.92,0.39,荤素搭配,中,小吃,0.72,0.9,0.76,0.05,蔬菜,19,不健康
1147,11,3.11,23-27,男,0.01,0.32,0.18,0.47,荤素搭配,低,汤,0.42,0.96,0.73,0.06,牛肉,6,健康
1026,12,1.19,18-22,女,0.14,0.71,0.07,0.11,荤素搭配,低,小吃,0.74,0.02,0.65,0.21,猪肉,11,一般
1308,12,4.96,28-35,男,0.95,0.48,0.33,0.18,素食,中,小吃,0.74,0.02,0.65,0.21,蔬菜,11,一般
1093,3,2.43,28-35,男,0.15,0.42,0.92,0.68,素食,中,小吃,0.72,0.9,0.76,0.05,蔬菜,19,不健康
1406,7,4.4,23-27,女,0.02,0.38,0.11,0.35,素食,中,汤,0.05,0.71,0.58,0.2,面食,12,不健康
1232,14,4.43,23-27,女,0.27,0.27,0.11,0.11,素食,高,小吃,0.62,0.29,0.92,0.78,蔬菜,11,健康
1021,11,5.0,18-22,女,0.34,0.44,0.71,0.59,无特殊要求,中,汤,0.42,0.96,0.73,0.06,蔬菜,6,健康
1307,7,2.01,18-22,女,0.05,0.89,0.56,0.25,荤素搭配,低,汤,0.05,0.71,0.58,0.2,面食,12,不健康
1038,10,5.0,18-22,女,0.13,0.11,0.92,0.75,荤素搭配,低,炒菜,0.1,0.34,0.75,0.63,牛肉,7,不健康
1276,11,3.13,28-35,男,0.96,0.17,0.72,0.61,素食,高,汤,0.42,0.96,0.73,0.06,牛肉,17,健康
1157,15,5.0,28-35,女,0.42,0.77,0.92,0.53,素食,中,炒菜,0.24,0.95,0.36,0.65,蔬菜,7,一般
1179,19,5.0,18-22,女,0.19,0.82,0.23,0.1,无特殊要求,中,小吃,0.74,0.34,0.36,0.51,鸡肉,18,不健康
1132,16,4.78,28-35,男,0.21,0.31,0.48,0.45,素食,低,小吃,0.74,0.02,0.96,0.34,蔬菜,11,一般
1311,20,5.0,23-27,女,0.34,0.69,0.31,0.88,荤素搭配,低,主食,0.36,0.78,0.97,0.58,面食,5,不健康
1455,12,5.0,28-35,女,0.16,0.55,0.0,0.04,素食,高,小吃,0.74,0.02,0.65,0.21,猪肉,11,一般
1348,18,5.0,18-22,女,0.03,0.7,0.44,0.55,无特殊要求,中,汤,0.12,0.72,0.07,0.92,猪肉,12,不健康
1028,13,5.0,28-35,男,0.78,0.23,0.45,0.36,素食,高,汤,0.7,0.31,0.87,0.34,蔬菜,13,一般
1260,5,2.24,18-22,男,0.93,0.09,0.11,0.03,荤素搭配,高,汤,0.1,0.52,0.72,0.7,牛肉,14,一般
1406,4,3.21,23-27,女,0.02,0.38,0.11,0.35,素食,中,主食,0.37,0.27,0.39,0.16,蔬菜,19,健康
1076,14,1.54,28-35,男,0.16,0.34,0.34,0.04,素食,中,小吃,0.62,0.29,0.92,0.78,猪肉,11,健康
1429,8,4.56,18-22,女,0.07,0.87,0.21,0.43,无特殊要求,低,小吃,0.05,0.11,0.52,0.76,蔬菜,9,健康
1067,9,5.0,18-22,男,0.22,0.46,0.43,0.7,无特殊要求,中,小吃,0.33,0.38,0.93,0.21,蔬菜,12,不健康
1342,19,5.0,23-27,女,0.17,0.11,0.12,0.59,素食,高,小吃,0.74,0.34,0.36,0.51,蔬菜,18,不健康
1492,3,3.31,28-35,男,0.43,0.39,0.84,0.22,素食,高,小吃,0.72,0.9,0.76,0.05,蔬菜,19,不健康
1194,5,5.0,18-22,女,0.28,0.14,0.0,0.53,荤素搭配,中,汤,0.1,0.52,0.72,0.7,面食,14,一般
1472,18,5.0,18-22,女,0.36,0.17,0.11,0.91,无特殊要求,高,汤,0.12,0.72,0.07,0.92,猪肉,12,不健康
1162,1,5.0,18-22,女,0.49,0.88,0.76,0.56,无特殊要求,高,主食,0.71,0.15,0.46,0.04,面食,15,健康
1347,8,5.0,23-27,女,0.42,0.39,0.43,0.08,素食,中,小吃,0.05,0.11,0.52,0.76,面食,9,健康
1439,19,5.0,23-27,男,1.0,0.0,0.03,0.82,荤素搭配,高,小吃,0.74,0.34,0.36,0.51,鸡肉,18,不健康
1361,17,4.3,23-27,男,0.2,0.49,0.92,0.39,荤素搭配,中,汤,0.19,0.85,0.7,0.09,猪肉,19,一般
1257,17,1.47,18-22,女,0.22,0.11,0.21,0.47,无特殊要求,中,汤,0.19,0.85,0.7,0.09,猪肉,19,一般
1072,11,2.13,23-27,男,0.29,0.42,0.79,0.55,荤素搭配,低,汤,0.42,0.96,0.73,0.06,牛肉,6,健康
1087,2,1.96,28-35,男,0.72,0.24,0.68,0.61,素食,中,主食,0.02,0.44,0.25,0.68,猪肉,18,健康
1422,6,4.09,23-27,男,0.52,0.17,0.98,0.38,荤素搭配,高,炒菜,0.45,0.52,0.52,0.69,面食,17,不健康
1262,14,5.0,23-27,男,0.78,0.14,0.54,0.8,荤素搭配,中,小吃,0.62,0.29,0.92,0.78,猪肉,11,健康
1214,3,5.0,18-22,男,0.56,0.01,0.79,0.58,荤素搭配,中,小吃,0.72,0.9,0.76,0.05,蔬菜,19,不健康
1153,12,2.7,23-27,女,0.04,0.57,0.22,0.76,素食,中,小吃,0.74,0.02,0.65,0.21,蔬菜,11,一般
1210,4,4.47,28-35,女,0.45,0.73,0.1,0.4,素食,高,主食,0.37,0.27,0.39,0.16,牛肉,19,健康
1401,12,3.7,18-22,男,0.32,0.48,0.6,0.29,无特殊要求,低,小吃,0.74,0.02,0.65,0.21,猪肉,11,一般
1061,13,4.1,23-27,男,0.41,0.02,0.86,0.17,荤素搭配,中,汤,0.7,0.31,0.87,0.34,蔬菜,13,一般
1268,2,1.94,23-27,男,0.39,0.07,0.6,0.67,素食,中,主食,0.02,0.44,0.25,0.68,蔬菜,18,健康
1262,2,5.0,23-27,男,0.78,0.19,0.54,0.8,荤素搭配,中,主食,0.02,0.44,0.25,0.68,猪肉,18,健康
1218,15,1.6,23-27,女,0.31,0.19,0.55,0.02,无特殊要求,低,炒菜,0.24,0.95,0.36,0.65,鸡肉,7,一般
1283,17,2.6,18-22,女,0.11,0.19,0.5,0.79,无特殊要求,高,汤,0.19,0.85,0.7,0.09,面食,19,一般
1136,7,1.34,23-27,男,0.04,0.24,0.11,0.53,荤素搭配,低,汤,0.05,0.71,0.58,0.2,面食,12,不健康
1467,14,3.82,28-35,女,0.38,0.18,0.54,0.95,素食,高,小吃,0.62,0.29,0.92,0.78,猪肉,11,健康
1380,12,4.46,23-27,男,0.91,0.1,0.93,0.81,无特殊要求,高,小吃,0.74,0.02,0.65,0.21,猪肉,11,一般
1362,17,1.63,23-27,女,0.18,0.29,0.46,0.29,荤素搭配,中,汤,0.19,0.85,0.7,0.09,猪肉,19,一般
1449,14,2.07,23-27,男,0.04,0.02,0.02,0.95,素食,低,小吃,0.62,0.29,0.92,0.78,蔬菜,11,健康
1441,6,5.0,23-27,女,0.07,0.62,0.24,0.5,无特殊要求,中,炒菜,0.45,0.52,0.52,0.69,面食,7,不健康
1093,19,4.01,28-35,男,0.15,0.44,0.92,0.68,素食,中,小吃,0.74,0.34,0.36,0.51,鸡肉,18,不健康
1109,6,5.0,28-35,男,0.4,0.46,0.82,0.43,素食,低,炒菜,0.45,0.52,0.52,0.69,面食,7,不健康
1241,18,2.85,18-22,男,0.75,0.23,0.36,0.37,无特殊要求,低,汤,0.12,0.72,0.07,0.92,猪肉,12,不健康
1355,5,2.61,28-35,女,0.2,0.31,0.24,0.36,素食,高,汤,0.1,0.52,0.72,0.7,牛肉,14,一般
1424,6,3.64,23-27,男,0.01,0.4,0.27,0.04,荤素搭配,高,炒菜,0.45,0.52,0.52,0.69,面食,16,不健康
1142,2,2.84,23-27,男,0.11,0.24,0.22,0.99,荤素搭配,高,主食,0.02,0.44,0.25,0.68,猪肉,18,健康
1291,8,3.52,23-27,女,0.36,0.28,0.84,0.05,无特殊要求,高,小吃,0.05,0.11,0.52,0.76,猪肉,15,健康
1432,15,3.25,28-35,女,0.43,0.53,0.34,0.66,素食,中,炒菜,0.24,0.95,0.36,0.65,蔬菜,7,一般
1237,15,4.88,28-35,女,0.49,0.14,0.67,0.6,素食,低,炒菜,0.24,0.95,0.36,0.65,面食,7,一般
1340,11,2.37,28-35,男,0.9,0.39,0.78,0.72,素食,高,汤,0.42,0.96,0.73,0.06,牛肉,17,健康
1312,1,4.95,18-22,男,0.78,0.02,0.82,0.3,无特殊要求,中,主食,0.71,0.15,0.46,0.04,蔬菜,15,健康
1177,18,4.12,23-27,男,0.6,0.2,0.92,0.91,荤素搭配,中,汤,0.12,0.72,0.07,0.92,猪肉,12,不健康
1141,12,3.05,23-27,男,0.05,0.01,0.02,0.01,荤素搭配,中,小吃,0.74,0.02,0.65,0.21,猪肉,11,一般
1189,12,5.0,23-27,男,0.91,0.0,0.85,0.31,素食,高,小吃,0.74,0.02,0.65,0.21,蔬菜,11,一般
1486,11,2.52,28-35,女,0.2,0.72,0.76,0.26,素食,高,汤,0.42,0.96,0.73,0.06,面食,16,健康
1049,8,1.95,28-35,男,0.55,0.15,0.45,0.88,素食,低,小吃,0.05,0.11,0.52,0.76,面食,9,健康
1302,7,5.0,23-27,女,0.23,0.21,0.97,0.14,素食,低,汤,0.05,0.71,0.58,0.2,面食,12,不健康
1369,2,2.79,23-27,男,0.25,0.36,0.75,0.4,荤素搭配,高,主食,0.02,0.44,0.25,0.68,猪肉,18,健康
1190,11,5.0,23-27,女,0.2,0.55,0.45,0.88,素食,低,汤,0.42,0.96,0.73,0.06,面食,6,健康
1136,10,1.5,23-27,男,0.04,0.24,0.11,0.53,荤素搭配,低,炒菜,0.1,0.34,0.75,0.63,牛肉,7,不健康
1043,3,5.0,18-22,女,0.45,0.74,0.47,0.23,荤素搭配,低,小吃,0.72,0.9,0.76,0.05,蔬菜,5,不健康
1404,20,2.92,18-22,女,0.18,0.15,0.55,0.14,荤素搭配,高,主食,0.36,0.78,0.97,0.58,面食,16,不健康
1380,10,5.0,23-27,男,0.91,0.02,0.93,0.81,无特殊要求,高,炒菜,0.1,0.34,0.75,0.63,牛肉,19,不健康
1353,18,5.0,18-22,女,0.44,0.08,0.14,0.16,无特殊要求,中,汤,0.12,0.72,0.07,0.92,面食,12,不健康
1090,14,3.74,18-22,男,0.43,0.05,0.26,0.0,无特殊要求,中,小吃,0.62,0.29,0.92,0.78,面食,11,健康
1295,18,5.0,28-35,女,0.49,0.46,0.21,0.76,素食,低,汤,0.12,0.72,0.07,0.92,猪肉,12,不健康
1341,8,5.0,23-27,男,0.06,0.06,0.13,0.97,素食,中,小吃,0.05,0.11,0.52,0.76,蔬菜,9,健康
1245,10,5.0,23-27,男,0.41,0.07,0.71,0.7,无特殊要求,低,炒菜,0.1,0.34,0.75,0.63,牛肉,13,不健康
1433,13,5.0,28-35,女,0.31,0.56,0.06,0.17,素食,低,汤,0.7,0.31,0.87,0.34,蔬菜,13,一般
1192,8,3.5,18-22,男,0.32,0.39,0.62,0.16,荤素搭配,高,小吃,0.05,0.11,0.52,0.76,面食,11,健康
1318,4,3.37,28-35,女,0.35,0.21,0.37,0.27,素食,低,主食,0.37,0.27,0.39,0.16,面食,12,健康
1106,4,3.59,23-27,男,0.49,0.34,0.42,0.93,荤素搭配,高,主食,0.37,0.27,0.39,0.16,牛肉,19,健康
1363,5,2.79,18-22,女,0.23,0.74,0.01,0.54,无特殊要求,中,汤,0.1,0.52,0.72,0.7,牛肉,14,一般
1310,1,3.21,18-22,男,0.23,0.12,0.01,0.51,荤素搭配,高,主食,0.71,0.15,0.46,0.04,蔬菜,15,健康
1382,17,3.74,18-22,男,0.33,0.15,0.17,0.26,无特殊要求,中,汤,0.19,0.85,0.7,0.09,猪肉,19,一般
1233,2,3.56,23-27,女,0.35,0.76,0.61,0.1,素食,高,主食,0.02,0.44,0.25,0.68,面食,18,健康
1265,8,4.31,23-27,女,0.1,0.78,0.37,0.04,无特殊要求,中,小吃,0.05,0.11,0.52,0.76,猪肉,9,健康
1344,7,4.26,28-35,女,0.1,0.8,0.92,0.76,素食,高,汤,0.05,0.71,0.58,0.2,面食,12,不健康
1037,15,2.99,23-27,女,0.0,0.27,0.6,0.8,荤素搭配,中,炒菜,0.24,0.95,0.36,0.65,鸡肉,7,一般
1305,5,5.0,23-27,男,0.47,0.46,0.83,0.46,素食,高,汤,0.1,0.52,0.72,0.7,蔬菜,14,一般
1041,2,5.0,23-27,女,0.03,0.35,0.92,0.93,无特殊要求,高,主食,0.02,0.44,0.25,0.68,猪肉,18,健康
1017,7,1.49,28-35,女,0.09,0.56,0.11,0.14,素食,低,汤,0.05,0.71,0.58,0.2,面食,12,不健康
1344,8,4.15,28-35,女,0.1,0.8,0.92,0.76,素食,高,小吃,0.05,0.11,0.52,0.76,猪肉,12,健康
1277,7,5.0,23-27,男,0.68,0.35,0.31,0.68,荤素搭配,中,汤,0.05,0.71,0.58,0.2,面食,12,不健康
1307,7,5.0,18-22,女,0.05,0.89,0.56,0.25,无特殊要求,低,汤,0.05,0.71,0.58,0.2,面食,12,不健康
1059,14,5.0,23-27,女,0.35,0.3,0.55,0.22,无特殊要求,低,小吃,0.62,0.29,0.92,0.78,猪肉,11,健康
1423,18,2.25,28-35,女,0.11,0.49,0.87,0.89,素食,高,汤,0.12,0.72,0.07,0.92,猪肉,12,不健康
1183,6,2.78,23-27,男,0.19,0.21,0.42,0.09,荤素搭配,高,炒菜,0.45,0.52,0.52,0.69,面食,14,不健康
1041,4,5.0,23-27,女,0.37,0.35,0.92,0.93,无特殊要求,高,主食,0.37,0.27,0.39,0.16,牛肉,19,健康
1039,10,5.0,28-35,女,0.41,0.77,0.43,0.76,素食,低,炒菜,0.1,0.34,0.75,0.63,牛肉,9,不健康
1397,18,5.0,28-35,男,0.17,0.34,0.96,0.41,素食,低,汤,0.12,0.72,0.07,0.92,猪肉,12,不健康
1192,12,5.0,18-22,男,0.32,0.39,0.62,0.16,无特殊要求,高,小吃,0.74,0.02,0.65,0.21,蔬菜,11,一般
1267,16,4.87,18-22,男,0.08,0.49,0.71,0.33,无特殊要求,中,小吃,0.74,0.02,0.96,0.34,牛肉,11,一般
1494,7,1.14,18-22,女,0.47,0.09,0.05,0.11,荤素搭配,低,汤,0.05,0.71,0.58,0.2,面食,12,不健康
1147,6,5.0,23-27,男,0.01,0.28,0.18,0.47,荤素搭配,低,炒菜,0.45,0.52,0.52,0.69,面食,7,不健康
1395,5,2.91,23-27,女,0.25,0.54,0.8,0.04,荤素搭配,中,汤,0.1,0.52,0.72,0.7,牛肉,14,一般
1333,3,3.57,23-27,女,0.1,0.66,0.72,0.26,荤素搭配,高,小吃,0.72,0.9,0.76,0.05,蔬菜,19,不健康
1127,12,3.41,23-27,女,0.12,0.69,0.41,0.21,无特殊要求,中,小吃,0.74,0.02,0.65,0.21,猪肉,11,一般
1046,15,5.0,28-35,女,0.15,0.99,0.41,0.01,素食,中,炒菜,0.24,0.95,0.36,0.65,面食,7,一般
1045,10,5.0,23-27,女,0.46,0.28,0.48,0.04,素食,低,炒菜,0.1,0.34,0.75,0.63,面食,12,不健康
1001,20,5.0,23-27,女,0.23,0.02,0.38,0.14,荤素搭配,中,主食,0.36,0.78,0.97,0.58,面食,5,不健康
1168,19,5.0,18-22,女,0.28,0.8,0.43,0.63,荤素搭配,低,小吃,0.74,0.34,0.36,0.51,鸡肉,10,不健康
1108,16,5.0,23-27,女,0.38,0.61,0.62,0.48,荤素搭配,高,小吃,0.74,0.02,0.96,0.34,牛肉,11,一般
1019,11,2.81,18-22,女,0.41,0.26,0.25,0.97,荤素搭配,高,汤,0.42,0.96,0.73,0.06,牛肉,18,健康
1332,8,1.31,18-22,男,0.65,0.05,0.31,0.15,荤素搭配,高,小吃,0.05,0.11,0.52,0.76,猪肉,16,健康
1072,3,2.21,23-27,男,0.29,0.42,0.79,0.55,荤素搭配,低,小吃,0.72,0.9,0.76,0.05,蔬菜,10,不健康
1456,7,3.35,28-35,女,0.2,0.19,0.25,0.3,素食,中,汤,0.05,0.71,0.58,0.2,面食,12,不健康
1445,7,3.0,23-27,男,0.92,0.34,0.91,0.94,素食,低,汤,0.05,0.71,0.58,0.2,面食,12,不健康
1109,14,5.0,28-35,男,0.4,0.4,0.82,0.43,素食,低,小吃,0.62,0.29,0.92,0.78,猪肉,11,健康
1268,2,1.94,23-27,男,0.39,0.46,0.6,0.67,素食,中,主食,0.02,0.44,0.25,0.68,蔬菜,18,健康
1445,10,5.0,23-27,男,0.92,0.34,0.91,0.94,素食,低,炒菜,0.1,0.34,0.75,0.63,蔬菜,9,不健康
1240,19,4.94,28-35,男,0.23,0.34,0.61,0.86,素食,高,小吃,0.74,0.34,0.36,0.51,蔬菜,18,不健康
1417,9,4.71,28-35,女,0.38,0.37,0.08,0.96,素食,低,小吃,0.33,0.38,0.93,0.21,蔬菜,12,不健康
1301,16,5.0,28-35,男,0.22,0.08,0.98,0.65,素食,高,小吃,0.74,0.02,0.96,0.34,蔬菜,11,一般
1090,19,5.0,18-22,男,0.43,0.23,0.26,0.0,荤素搭配,中,小吃,0.74,0.34,0.36,0.51,面食,18,不健康
1103,18,4.17,23-27,男,0.79,0.32,0.04,0.92,荤素搭配,中,汤,0.12,0.72,0.07,0.92,猪肉,12,不健康
1476,9,3.87,18-22,女,0.12,0.97,0.17,0.22,荤素搭配,低,小吃,0.33,0.38,0.93,0.21,蔬菜,12,不健康
1250,16,3.88,23-27,男,0.76,0.07,0.01,0.9,无特殊要求,中,小吃,0.74,0.02,0.96,0.34,牛肉,11,一般
1453,13,5.0,18-22,女,0.29,0.85,0.54,0.41,无特殊要求,低,汤,0.7,0.31,0.87,0.34,蔬菜,13,一般
1008,10,5.0,28-35,男,0.51,0.28,0.88,0.46,素食,高,炒菜,0.1,0.34,0.75,0.63,蔬菜,19,不健康
1153,20,5.0,23-27,女,0.38,0.57,0.22,0.76,素食,中,主食,0.36,0.78,0.97,0.58,面食,5,不健康
1347,14,3.97,23-27,女,0.34,0.39,0.43,0.08,素食,中,小吃,0.62,0.29,0.92,0.78,蔬菜,11,健康
1174,12,5.0,18-22,男,0.12,0.07,0.97,0.68,荤素搭配,中,小吃,0.74,0.02,0.65,0.21,猪肉,11,一般
1343,19,2.66,23-27,女,0.34,0.03,0.54,0.39,素食,低,小吃,0.74,0.34,0.36,0.51,面食,8,不健康
1158,7,1.89,18-22,女,0.1,0.59,0.78,0.09,荤素搭配,高,汤,0.05,0.71,0.58,0.2,面食,12,不健康
1493,15,2.24,23-27,女,0.23,0.76,0.42,0.3,素食,中,炒菜,0.24,0.95,0.36,0.65,面食,7,一般
1431,16,4.32,28-35,男,0.52,0.18,0.8,0.45,素食,低,小吃,0.74,0.02,0.96,0.34,牛肉,11,一般
1215,8,4.61,18-22,男,0.65,0.1,0.43,0.33,荤素搭配,高,小吃,0.05,0.11,0.52,0.76,猪肉,18,健康
1177,10,3.39,23-27,男,0.6,0.2,0.92,0.91,荤素搭配,中,炒菜,0.1,0.34,0.75,0.63,牛肉,19,不健康
1175,4,5.0,18-22,女,0.42,0.7,0.76,0.78,荤素搭配,中,主食,0.37,0.27,0.39,0.16,牛肉,19,健康
1340,19,5.0,28-35,男,0.9,0.39,0.78,0.72,素食,高,小吃,0.74,0.34,0.36,0.51,鸡肉,18,不健康
1338,19,4.3,23-27,男,0.53,0.18,0.64,0.88,荤素搭配,中,小吃,0.74,0.34,0.36,0.51,鸡肉,18,不健康
1146,15,5.0,23-27,女,0.1,0.43,0.64,0.82,荤素搭配,高,炒菜,0.24,0.95,0.36,0.65,鸡肉,10,一般
1450,14,4.63,23-27,女,0.37,0.01,0.69,0.98,荤素搭配,高,小吃,0.62,0.29,0.92,0.78,猪肉,11,健康
1324,1,1.73,18-22,男,0.84,0.39,0.02,0.19,荤素搭配,高,主食,0.71,0.15,0.46,0.04,鸡肉,15,健康
1478,16,2.24,28-35,男,0.52,0.33,0.54,0.96,素食,低,小吃,0.74,0.02,0.96,0.34,牛肉,11,一般
1161,10,5.0,28-35,女,0.14,0.31,0.97,0.29,素食,高,炒菜,0.1,0.34,0.75,0.63,牛肉,19,不健康
1127,19,2.58,23-27,女,0.12,0.69,0.41,0.21,无特殊要求,中,小吃,0.74,0.34,0.36,0.51,鸡肉,18,不健康
1420,3,5.0,28-35,男,0.49,0.11,0.08,0.34,素食,低,小吃,0.72,0.9,0.76,0.05,蔬菜,6,不健康
1082,5,3.84,28-35,男,0.08,0.33,0.13,0.39,素食,中,汤,0.1,0.52,0.72,0.7,牛肉,14,一般
1485,9,5.0,23-27,男,0.09,0.11,0.73,0.94,素食,高,小吃,0.33,0.38,0.93,0.21,蔬菜,12,不健康
1147,18,2.16,23-27,男,0.01,0.4,0.18,0.47,荤素搭配,低,汤,0.12,0.72,0.07,0.92,猪肉,12,不健康
1239,11,2.92,28-35,女,0.15,0.38,0.63,0.55,素食,高,汤,0.42,0.96,0.73,0.06,牛肉,17,健康
1412,16,2.94,18-22,男,0.41,0.34,0.53,0.33,无特殊要求,高,小吃,0.74,0.02,0.96,0.34,牛肉,11,一般
1424,2,5.0,23-27,男,0.01,0.16,0.27,0.04,荤素搭配,高,主食,0.02,0.44,0.25,0.68,猪肉,18,健康
1084,12,1.79,28-35,男,0.71,0.31,0.12,0.81,素食,低,小吃,0.74,0.02,0.65,0.21,猪肉,11,一般
1113,6,5.0,23-27,男,0.61,0.03,1.0,0.37,荤素搭配,高,炒菜,0.45,0.52,0.52,0.69,面食,14,不健康
1225,11,5.0,28-35,男,0.8,0.3,0.85,0.76,素食,中,汤,0.42,0.96,0.73,0.06,面食,6,健康
1332,8,2.31,18-22,男,0.65,0.05,0.31,0.15,荤素搭配,高,小吃,0.05,0.11,0.52,0.76,猪肉,10,健康
1378,12,2.71,18-22,男,0.11,0.07,0.74,0.71,荤素搭配,中,小吃,0.74,0.02,0.65,0.21,猪肉,11,一般
1243,2,4.51,23-27,女,0.29,0.04,0.61,0.48,荤素搭配,中,主食,0.02,0.44,0.25,0.68,猪肉,18,健康
1143,9,1.84,18-22,女,0.31,0.13,0.55,0.86,无特殊要求,高,小吃,0.33,0.38,0.93,0.21,蔬菜,12,不健康
1041,15,3.5,23-27,女,0.42,0.35,0.92,0.93,无特殊要求,高,炒菜,0.24,0.95,0.36,0.65,鸡肉,14,一般
1423,2,4.04,28-35,女,0.11,0.49,0.87,0.89,素食,高,主食,0.02,0.44,0.25,0.68,猪肉,18,健康
1258,1,4.23,18-22,男,0.97,0.09,0.9,0.33,荤素搭配,高,主食,0.71,0.15,0.46,0.04,蔬菜,15,健康
1447,10,1.4,23-27,男,0.52,0.07,0.11,0.38,荤素搭配,低,炒菜,0.1,0.34,0.75,0.63,牛肉,6,不健康
1285,2,4.53,23-27,男,0.66,0.47,0.81,0.16,无特殊要求,低,主食,0.02,0.44,0.25,0.68,猪肉,11,健康
1105,12,5.0,23-27,男,0.05,0.12,0.07,0.76,素食,低,小吃,0.74,0.02,0.65,0.21,蔬菜,11,一般
1202,8,1.72,18-22,女,0.33,0.89,0.85,0.21,无特殊要求,中,小吃,0.05,0.11,0.52,0.76,蔬菜,9,健康
1450,5,5.0,23-27,女,0.37,0.01,0.69,0.98,荤素搭配,高,汤,0.1,0.52,0.72,0.7,牛肉,14,一般
1307,1,1.44,18-22,女,0.05,0.89,0.56,0.25,无特殊要求,低,主食,0.71,0.15,0.46,0.04,面食,15,健康
1331,15,3.78,23-27,男,0.0,0.49,0.19,0.19,素食,低,炒菜,0.24,0.95,0.36,0.65,面食,7,一般
1461,6,5.0,28-35,女,0.35,0.98,0.52,0.93,素食,低,炒菜,0.45,0.52,0.52,0.69,面食,7,不健康
1266,12,3.55,18-22,男,0.36,0.36,0.12,0.92,荤素搭配,低,小吃,0.74,0.02,0.65,0.21,面食,11,一般
1398,8,4.9,28-35,男,0.95,0.08,0.48,0.67,素食,中,小吃,0.05,0.11,0.52,0.76,蔬菜,9,健康
1210,13,5.0,28-35,女,0.45,0.73,0.1,0.4,素食,高,汤,0.7,0.31,0.87,0.34,蔬菜,13,一般
1051,19,1.81,28-35,女,0.16,0.51,0.4,0.12,素食,低,小吃,0.74,0.34,0.36,0.51,面食,13,不健康
1118,1,2.51,18-22,女,0.22,0.31,0.62,0.53,荤素搭配,低,主食,0.71,0.15,0.46,0.04,蔬菜,15,健康
1201,11,3.57,18-22,男,0.87,0.45,0.98,0.96,无特殊要求,低,汤,0.42,0.96,0.73,0.06,牛肉,6,健康
1377,20,5.0,28-35,女,0.17,0.66,0.55,0.12,素食,高,主食,0.36,0.78,0.97,0.58,面食,15,不健康
1039,1,4.76,28-35,女,0.46,0.77,0.43,0.76,素食,低,主食,0.71,0.15,0.46,0.04,鸡肉,15,健康
1028,8,3.61,28-35,男,0.78,0.41,0.45,0.36,素食,高,小吃,0.05,0.11,0.52,0.76,猪肉,11,健康
1259,5,2.79,23-27,女,0.05,0.1,0.05,0.86,素食,高,汤,0.1,0.52,0.72,0.7,蔬菜,14,一般
1084,17,4.0,28-35,男,0.71,0.06,0.12,0.81,素食,低,汤,0.19,0.85,0.7,0.09,猪肉,13,一般
1454,8,5.0,23-27,女,0.48,0.58,0.87,0.95,荤素搭配,低,小吃,0.05,0.11,0.52,0.76,猪肉,9,健康
1155,10,2.79,23-27,女,0.36,0.82,0.29,0.34,素食,中,炒菜,0.1,0.34,0.75,0.63,蔬菜,19,不健康
1117,2,5.0,28-35,男,0.14,0.23,0.91,0.04,素食,中,主食,0.02,0.44,0.25,0.68,猪肉,18,健康
1002,9,1.7,18-22,女,0.14,0.66,0.04,0.84,无特殊要求,高,小吃,0.33,0.38,0.93,0.21,蔬菜,12,不健康
1093,3,4.43,28-35,男,0.15,0.34,0.92,0.68,素食,中,小吃,0.72,0.9,0.76,0.05,蔬菜,19,不健康
1166,18,5.0,28-35,女,0.02,0.63,0.63,0.99,素食,低,汤,0.12,0.72,0.07,0.92,猪肉,12,不健康
1387,7,2.29,28-35,男,0.14,0.17,0.05,0.66,素食,中,汤,0.05,0.71,0.58,0.2,面食,12,不健康
1400,15,4.24,23-27,男,0.05,0.43,0.82,0.24,素食,中,炒菜,0.24,0.95,0.36,0.65,面食,7,一般
1350,20,5.0,23-27,男,0.39,0.21,0.45,0.6,荤素搭配,高,主食,0.36,0.78,0.97,0.58,面食,14,不健康
1296,18,2.39,18-22,男,0.45,0.28,0.26,0.68,无特殊要求,中,汤,0.12,0.72,0.07,0.92,猪肉,12,不健康
1258,3,4.09,18-22,男,0.97,0.15,0.9,0.33,荤素搭配,高,小吃,0.72,0.9,0.76,0.05,蔬菜,19,不健康
1081,14,5.0,28-35,男,0.84,0.04,0.69,0.97,素食,中,小吃,0.62,0.29,0.92,0.78,猪肉,11,健康
1425,2,1.93,18-22,女,0.47,0.86,0.6,0.57,无特殊要求,低,主食,0.02,0.44,0.25,0.68,猪肉,10,健康
1268,14,5.0,23-27,男,0.39,0.12,0.6,0.67,素食,中,小吃,0.62,0.29,0.92,0.78,面食,11,健康
1419,11,3.43,28-35,男,0.21,0.06,0.8,0.55,素食,中,汤,0.42,0.96,0.73,0.06,牛肉,6,健康
1235,16,2.78,23-27,女,0.18,0.47,0.65,0.03,荤素搭配,高,小吃,0.74,0.02,0.96,0.34,牛肉,11,一般
1321,8,2.05,23-27,女,0.06,0.23,0.79,0.8,无特殊要求,低,小吃,0.05,0.11,0.52,0.76,猪肉,9,健康
1311,7,2.9,23-27,女,0.47,0.69,0.31,0.88,荤素搭配,低,汤,0.05,0.71,0.58,0.2,面食,12,不健康
1301,11,5.0,28-35,男,0.22,0.43,0.98,0.65,素食,高,汤,0.42,0.96,0.73,0.06,面食,15,健康
1463,3,1.73,28-35,女,0.31,0.27,0.03,0.82,素食,低,小吃,0.72,0.9,0.76,0.05,蔬菜,10,不健康
1474,17,5.0,18-22,女,0.46,0.2,0.3,0.2,荤素搭配,中,汤,0.19,0.85,0.7,0.09,猪肉,19,一般
1357,14,2.09,18-22,女,0.03,0.06,0.54,0.72,荤素搭配,高,小吃,0.62,0.29,0.92,0.78,猪肉,11,健康
1213,6,1.96,18-22,女,0.11,0.81,0.44,0.12,荤素搭配,低,炒菜,0.45,0.52,0.52,0.69,面食,7,不健康
1062,8,5.0,23-27,女,0.03,0.02,0.4,0.99,素食,中,小吃,0.05,0.11,0.52,0.76,蔬菜,9,健康
1049,5,5.0,28-35,男,0.55,0.15,0.45,0.88,素食,低,汤,0.1,0.52,0.72,0.7,蔬菜,14,一般
1127,8,3.45,23-27,女,0.12,0.69,0.41,0.21,无特殊要求,中,小吃,0.05,0.11,0.52,0.76,猪肉,9,健康
1223,2,3.8,18-22,女,0.19,0.18,0.87,0.74,荤素搭配,低,主食,0.02,0.44,0.25,0.68,面食,11,健康
1409,15,5.0,28-35,男,0.27,0.48,0.57,0.46,素食,中,炒菜,0.24,0.95,0.36,0.65,鸡肉,7,一般
1279,12,5.0,28-35,女,0.07,0.43,0.97,0.14,素食,中,小吃,0.74,0.02,0.65,0.21,面食,11,一般
1408,17,3.2,23-27,男,0.66,0.03,0.4,0.19,荤素搭配,低,汤,0.19,0.85,0.7,0.09,猪肉,6,一般
1294,1,5.0,28-35,男,0.9,0.31,0.57,0.5,素食,低,主食,0.71,0.15,0.46,0.04,面食,15,健康
1284,15,4.0,28-35,男,0.15,0.28,0.32,0.34,素食,中,炒菜,0.24,0.95,0.36,0.65,鸡肉,7,一般
1277,14,5.0,23-27,男,0.68,0.35,0.31,0.68,荤素搭配,中,小吃,0.62,0.29,0.92,0.78,猪肉,11,健康
1438,20,3.07,23-27,男,0.71,0.02,0.89,0.34,荤素搭配,中,主食,0.36,0.78,0.97,0.58,面食,5,不健康
1107,16,5.0,28-35,女,0.49,0.72,0.88,0.32,素食,低,小吃,0.74,0.02,0.96,0.34,面食,11,一般
1146,9,5.0,23-27,女,0.07,0.43,0.64,0.82,荤素搭配,高,小吃,0.33,0.38,0.93,0.21,蔬菜,12,不健康
1420,1,3.41,28-35,男,0.49,0.11,0.08,0.34,素食,低,主食,0.71,0.15,0.46,0.04,鸡肉,15,健康
1099,17,4.13,23-27,男,0.66,0.39,0.84,0.95,荤素搭配,高,汤,0.19,0.85,0.7,0.09,猪肉,19,一般
1429,13,2.96,18-22,女,0.28,0.87,0.21,0.43,荤素搭配,低,汤,0.7,0.31,0.87,0.34,蔬菜,13,一般
1375,5,2.9,23-27,男,0.72,0.14,0.88,0.18,无特殊要求,高,汤,0.1,0.52,0.72,0.7,牛肉,14,一般
1073,10,5.0,18-22,女,0.07,0.05,0.4,0.27,无特殊要求,中,炒菜,0.1,0.34,0.75,0.63,牛肉,19,不健康
1437,6,2.15,28-35,女,0.17,0.62,0.29,0.42,素食,高,炒菜,0.45,0.52,0.52,0.69,面食,17,不健康
1486,19,3.1,28-35,女,0.42,0.72,0.76,0.26,素食,高,小吃,0.74,0.34,0.36,0.51,面食,18,不健康
1122,13,4.54,23-27,女,0.03,0.77,0.93,0.26,荤素搭配,中,汤,0.7,0.31,0.87,0.34,蔬菜,13,一般
1030,1,4.34,23-27,男,0.05,0.48,0.31,0.44,无特殊要求,低,主食,0.71,0.15,0.46,0.04,鸡肉,15,健康
1188,20,5.0,23-27,男,0.85,0.07,0.95,0.51,荤素搭配,低,主食,0.36,0.78,0.97,0.58,面食,5,不健康
1364,15,3.1,18-22,女,0.28,0.27,0.6,0.67,荤素搭配,中,炒菜,0.24,0.95,0.36,0.65,面食,7,一般
1354,14,5.0,18-22,女,0.09,0.74,0.86,0.94,无特殊要求,高,小吃,0.62,0.29,0.92,0.78,面食,11,健康
1288,8,4.61,28-35,女,0.21,0.81,0.77,0.15,素食,高,小吃,0.05,0.11,0.52,0.76,猪肉,18,健康
1451,10,2.65,28-35,男,0.97,0.16,0.18,0.57,素食,中,炒菜,0.1,0.34,0.75,0.63,牛肉,19,不健康
1195,9,1.79,23-27,男,0.11,0.39,0.59,0.28,素食,中,小吃,0.33,0.38,0.93,0.21,蔬菜,12,不健康
1156,17,1.38,18-22,男,0.94,0.16,0.04,0.45,无特殊要求,高,汤,0.19,0.85,0.7,0.09,面食,19,一般
1172,9,5.0,28-35,男,0.06,0.12,0.5,0.34,素食,中,小吃,0.33,0.38,0.93,0.21,蔬菜,12,不健康
1335,3,1.5,28-35,男,0.22,0.26,0.1,0.61,素食,高,小吃,0.72,0.9,0.76,0.05,蔬菜,19,不健康
1041,11,5.0,23-27,女,0.36,0.35,0.92,0.93,无特殊要求,高,汤,0.42,0.96,0.73,0.06,牛肉,15,健康
1063,12,3.48,18-22,男,0.1,0.42,0.31,0.91,无特殊要求,中,小吃,0.74,0.02,0.65,0.21,蔬菜,11,一般
1023,10,2.67,23-27,男,0.01,0.46,0.13,0.66,荤素搭配,低,炒菜,0.1,0.34,0.75,0.63,牛肉,11,不健康
1360,17,4.79,28-35,女,0.22,0.35,0.41,0.17,素食,低,汤,0.19,0.85,0.7,0.09,蔬菜,6,一般
1075,17,5.0,28-35,男,0.34,0.11,0.84,0.88,素食,中,汤,0.19,0.85,0.7,0.09,猪肉,19,一般
1048,11,2.36,23-27,女,0.25,0.76,0.69,0.32,无特殊要求,低,汤,0.42,0.96,0.73,0.06,牛肉,6,健康
1160,4,5.0,18-22,女,0.47,0.98,0.06,0.9,无特殊要求,高,主食,0.37,0.27,0.39,0.16,牛肉,19,健康
1313,7,5.0,28-35,男,0.15,0.23,0.47,0.42,素食,中,汤,0.05,0.71,0.58,0.2,面食,12,不健康
1118,14,2.21,18-22,女,0.22,0.31,0.62,0.53,无特殊要求,低,小吃,0.62,0.29,0.92,0.78,蔬菜,11,健康
1100,7,1.84,18-22,男,0.81,0.38,0.79,0.35,无特殊要求,低,汤,0.05,0.71,0.58,0.2,面食,12,不健康
1380,8,3.22,23-27,男,0.91,0.33,0.93,0.81,无特殊要求,高,小吃,0.05,0.11,0.52,0.76,猪肉,14,健康
1417,1,4.76,28-35,女,0.35,0.37,0.08,0.96,素食,低,主食,0.71,0.15,0.46,0.04,鸡肉,15,健康
1408,4,2.68,23-27,男,0.66,0.08,0.4,0.19,荤素搭配,低,主食,0.37,0.27,0.39,0.16,牛肉,10,健康
1167,12,2.88,23-27,男,0.4,0.33,0.62,0.83,素食,低,小吃,0.74,0.02,0.65,0.21,蔬菜,11,一般
1290,3,1.74,18-22,女,0.05,0.61,0.15,0.83,无特殊要求,中,小吃,0.72,0.9,0.76,0.05,蔬菜,19,不健康
1440,13,1.51,28-35,男,0.2,0.06,0.24,0.43,素食,高,汤,0.7,0.31,0.87,0.34,蔬菜,13,一般
1156,20,4.76,18-22,男,0.94,0.16,0.04,0.45,无特殊要求,高,主食,0.36,0.78,0.97,0.58,面食,10,不健康
1421,6,5.0,18-22,男,0.31,0.37,0.78,0.66,无特殊要求,中,炒菜,0.45,0.52,0.52,0.69,面食,7,不健康
1007,11,2.83,28-35,女,0.44,0.11,0.63,0.19,素食,高,汤,0.42,0.96,0.73,0.06,牛肉,11,健康
1196,4,4.66,23-27,女,0.18,0.77,0.95,0.1,素食,中,主食,0.37,0.27,0.39,0.16,面食,19,健康
1421,20,3.99,18-22,男,0.31,0.34,0.78,0.66,无特殊要求,中,主食,0.36,0.78,0.97,0.58,面食,5,不健康
1056,16,5.0,23-27,男,0.67,0.01,0.48,0.19,素食,中,小吃,0.74,0.02,0.96,0.34,蔬菜,11,一般
1321,7,2.78,23-27,女,0.06,0.23,0.79,0.8,无特殊要求,低,汤,0.05,0.71,0.58,0.2,面食,12,不健康
1193,11,4.49,18-22,女,0.25,0.45,0.92,0.47,荤素搭配,中,汤,0.42,0.96,0.73,0.06,牛肉,6,健康
1047,1,4.53,28-35,女,0.17,0.65,0.61,0.79,素食,低,主食,0.71,0.15,0.46,0.04,鸡肉,15,健康
1148,7,1.51,23-27,男,0.87,0.23,0.48,0.13,荤素搭配,中,汤,0.05,0.71,0.58,0.2,面食,12,不健康
1275,12,2.77,28-35,男,0.63,0.18,0.27,0.51,素食,低,小吃,0.74,0.02,0.65,0.21,猪肉,11,一般
1157,7,5.0,28-35,女,0.22,0.77,0.92,0.53,素食,中,汤,0.05,0.71,0.58,0.2,面食,12,不健康
1202,7,5.0,18-22,女,0.33,0.89,0.85,0.21,荤素搭配,中,汤,0.05,0.71,0.58,0.2,面食,12,不健康
1444,10,2.57,23-27,男,0.73,0.18,0.51,0.09,无特殊要求,高,炒菜,0.1,0.34,0.75,0.63,牛肉,19,不健康
1402,16,1.5,23-27,女,0.5,0.3,0.06,0.0,荤素搭配,中,小吃,0.74,0.02,0.96,0.34,牛肉,11,一般
1476,8,1.41,18-22,女,0.38,0.97,0.17,0.22,荤素搭配,低,小吃,0.05,0.11,0.52,0.76,蔬菜,9,健康
1419,9,3.22,28-35,男,0.21,0.19,0.8,0.55,素食,中,小吃,0.33,0.38,0.93,0.21,蔬菜,12,不健康
1427,9,4.99,28-35,男,0.97,0.27,0.12,0.85,素食,低,小吃,0.33,0.38,0.93,0.21,蔬菜,12,不健康
1495,2,1.6,18-22,女,0.19,0.5,0.85,0.24,无特殊要求,高,主食,0.02,0.44,0.25,0.68,猪肉,18,健康
1479,13,2.41,23-27,女,0.21,0.65,0.04,0.07,无特殊要求,高,汤,0.7,0.31,0.87,0.34,蔬菜,13,一般
1475,13,3.44,23-27,男,0.77,0.31,0.63,0.39,荤素搭配,中,汤,0.7,0.31,0.87,0.34,蔬菜,13,一般
1126,4,2.84,23-27,男,1.0,0.38,0.6,0.86,无特殊要求,低,主食,0.37,0.27,0.39,0.16,牛肉,12,健康
1395,12,4.72,23-27,女,0.25,0.54,0.8,0.04,荤素搭配,中,小吃,0.74,0.02,0.65,0.21,猪肉,11,一般
1305,17,2.29,23-27,男,0.47,0.41,0.83,0.46,素食,高,汤,0.19,0.85,0.7,0.09,蔬菜,19,一般
1369,2,4.79,23-27,男,0.25,0.47,0.75,0.4,荤素搭配,高,主食,0.02,0.44,0.25,0.68,猪肉,18,健康
1294,13,4.39,28-35,男,0.9,0.31,0.57,0.5,素食,低,汤,0.7,0.31,0.87,0.34,蔬菜,13,一般
1064,18,1.86,18-22,男,0.87,0.24,0.08,0.63,荤素搭配,中,汤,0.12,0.72,0.07,0.92,猪肉,12,不健康
1325,15,5.0,28-35,男,0.65,0.38,0.98,0.67,素食,低,炒菜,0.24,0.95,0.36,0.65,鸡肉,7,一般
1392,8,1.61,23-27,男,0.61,0.18,0.38,0.47,荤素搭配,低,小吃,0.05,0.11,0.52,0.76,猪肉,9,健康
1418,15,4.29,18-22,女,0.44,0.62,0.67,0.55,无特殊要求,高,炒菜,0.24,0.95,0.36,0.65,蔬菜,18,一般
1176,1,5.0,18-22,男,0.48,0.43,0.01,0.93,无特殊要求,中,主食,0.71,0.15,0.46,0.04,鸡肉,15,健康
1116,20,3.05,23-27,男,0.83,0.4,0.02,0.34,素食,高,主食,0.36,0.78,0.97,0.58,面食,15,不健康
1440,10,4.49,28-35,男,0.2,0.06,0.24,0.43,素食,高,炒菜,0.1,0.34,0.75,0.63,蔬菜,19,不健康
1204,12,3.62,23-27,女,0.07,0.4,0.58,0.85,素食,低,小吃,0.74,0.02,0.65,0.21,蔬菜,11,一般
1486,5,4.16,28-35,女,0.44,0.72,0.76,0.26,素食,高,汤,0.1,0.52,0.72,0.7,蔬菜,14,一般
1321,9,2.01,23-27,女,0.06,0.23,0.79,0.8,无特殊要求,低,小吃,0.33,0.38,0.93,0.21,蔬菜,12,不健康
1031,8,1.74,18-22,男,0.11,0.46,0.03,0.83,荤素搭配,中,小吃,0.05,0.11,0.52,0.76,猪肉,9,健康
1388,16,3.54,23-27,女,0.03,0.37,0.87,0.21,荤素搭配,中,小吃,0.74,0.02,0.96,0.34,牛肉,11,一般
1113,14,2.86,23-27,男,0.61,0.31,1.0,0.37,荤素搭配,高,小吃,0.62,0.29,0.92,0.78,猪肉,11,健康
1365,13,5.0,18-22,女,0.07,0.45,0.35,0.84,荤素搭配,中,汤,0.7,0.31,0.87,0.34,蔬菜,13,一般
1434,13,4.88,18-22,女,0.29,0.28,0.67,0.02,无特殊要求,高,汤,0.7,0.31,0.87,0.34,蔬菜,13,一般
1325,5,5.0,28-35,男,0.65,0.38,0.98,0.67,素食,低,汤,0.1,0.52,0.72,0.7,牛肉,14,一般
1414,16,5.0,23-27,女,0.22,0.33,0.96,0.52,荤素搭配,中,小吃,0.74,0.02,0.96,0.34,牛肉,11,一般
1376,11,5.0,23-27,男,0.8,0.46,0.33,0.16,荤素搭配,低,汤,0.42,0.96,0.73,0.06,牛肉,6,健康
1344,5,2.62,28-35,女,0.1,0.8,0.92,0.76,素食,高,汤,0.1,0.52,0.72,0.7,牛肉,14,一般
1443,13,1.61,28-35,男,0.71,0.06,0.04,0.17,素食,低,汤,0.7,0.31,0.87,0.34,蔬菜,13,一般
1067,11,5.0,18-22,男,0.22,0.25,0.43,0.7,无特殊要求,中,汤,0.42,0.96,0.73,0.06,牛肉,6,健康
1075,19,4.19,28-35,男,0.34,0.08,0.84,0.88,素食,中,小吃,0.74,0.34,0.36,0.51,鸡肉,18,不健康
1045,3,4.12,23-27,女,0.06,0.28,0.48,0.04,素食,低,小吃,0.72,0.9,0.76,0.05,蔬菜,12,不健康
1260,15,3.37,18-22,男,0.93,0.09,0.11,0.03,荤素搭配,高,炒菜,0.24,0.95,0.36,0.65,鸡肉,14,一般
1154,7,3.14,28-35,女,0.31,0.92,0.66,0.44,素食,低,汤,0.05,0.71,0.58,0.2,面食,12,不健康
1155,7,5.0,23-27,女,0.25,0.82,0.29,0.34,素食,中,汤,0.05,0.71,0.58,0.2,面食,12,不健康
1430,6,5.0,18-22,男,0.94,0.43,0.36,0.44,荤素搭配,中,炒菜,0.45,0.52,0.52,0.69,面食,7,不健康
1363,3,2.87,18-22,女,0.23,0.74,0.01,0.54,无特殊要求,中,小吃,0.72,0.9,0.76,0.05,蔬菜,19,不健康
1448,13,4.75,23-27,男,0.94,0.46,0.87,0.37,荤素搭配,低,汤,0.7,0.31,0.87,0.34,蔬菜,13,一般
1475,7,4.99,23-27,男,0.77,0.3,0.63,0.39,荤素搭配,中,汤,0.05,0.71,0.58,0.2,面食,12,不健康
1234,5,3.56,28-35,女,0.02,0.6,0.96,0.67,素食,低,汤,0.1,0.52,0.72,0.7,牛肉,14,一般
1051,18,1.58,28-35,女,0.06,0.51,0.4,0.12,素食,低,汤,0.12,0.72,0.07,0.92,蔬菜,12,不健康
1306,8,4.15,18-22,女,0.17,0.27,0.65,0.99,荤素搭配,低,小吃,0.05,0.11,0.52,0.76,蔬菜,9,健康
1262,17,3.26,23-27,男,0.78,0.32,0.54,0.8,荤素搭配,中,汤,0.19,0.85,0.7,0.09,猪肉,19,一般
1315,20,1.88,28-35,男,0.78,0.3,0.24,0.22,素食,低,主食,0.36,0.78,0.97,0.58,面食,5,不健康
1125,1,3.6,28-35,男,0.35,0.15,0.64,0.95,素食,低,主食,0.71,0.15,0.46,0.04,鸡肉,15,健康
1399,14,5.0,18-22,男,0.43,0.36,0.06,0.7,无特殊要求,高,小吃,0.62,0.29,0.92,0.78,猪肉,11,健康
1245,17,3.7,23-27,男,0.41,0.07,0.71,0.7,无特殊要求,低,汤,0.19,0.85,0.7,0.09,猪肉,14,一般
1030,10,5.0,23-27,男,0.05,0.07,0.31,0.44,无特殊要求,低,炒菜,0.1,0.34,0.75,0.63,牛肉,13,不健康
1426,12,5.0,18-22,女,0.49,0.79,0.89,0.55,荤素搭配,中,小吃,0.74,0.02,0.65,0.21,面食,11,一般
1485,16,5.0,23-27,男,0.09,0.11,0.73,0.94,素食,高,小吃,0.74,0.02,0.96,0.34,面食,11,一般
1122,14,5.0,23-27,女,0.33,0.77,0.93,0.26,荤素搭配,中,小吃,0.62,0.29,0.92,0.78,猪肉,11,健康
1125,16,5.0,28-35,男,0.35,0.15,0.64,0.95,素食,低,小吃,0.74,0.02,0.96,0.34,牛肉,11,一般
1037,8,5.0,23-27,女,0.0,0.27,0.6,0.8,荤素搭配,中,小吃,0.05,0.11,0.52,0.76,猪肉,9,健康
1170,10,1.48,28-35,女,0.0,0.72,0.11,0.24,素食,低,炒菜,0.1,0.34,0.75,0.63,牛肉,9,不健康
1124,17,5.0,28-35,男,0.09,0.13,0.5,0.11,素食,中,汤,0.19,0.85,0.7,0.09,猪肉,19,一般
1357,18,2.75,18-22,女,0.03,0.06,0.54,0.72,荤素搭配,高,汤,0.12,0.72,0.07,0.92,猪肉,12,不健康
1035,20,5.0,23-27,女,0.01,0.36,0.95,0.95,素食,中,主食,0.36,0.78,0.97,0.58,面食,5,不健康
1087,16,5.0,28-35,男,0.72,0.26,0.68,0.61,素食,中,小吃,0.74,0.02,0.96,0.34,牛肉,11,一般
1134,17,4.66,18-22,男,0.29,0.32,0.44,0.31,无特殊要求,高,汤,0.19,0.85,0.7,0.09,猪肉,19,一般
1196,16,3.09,23-27,女,0.18,0.77,0.95,0.1,素食,中,小吃,0.74,0.02,0.96,0.34,面食,11,一般
1274,19,2.99,28-35,男,0.38,0.33,0.59,0.34,素食,中,小吃,0.74,0.34,0.36,0.51,鸡肉,18,不健康
1201,8,4.33,18-22,男,0.87,0.45,0.98,0.96,无特殊要求,低,小吃,0.05,0.11,0.52,0.76,猪肉,9,健康
1369,6,2.16,23-27,男,0.25,0.28,0.75,0.4,荤素搭配,高,炒菜,0.45,0.52,0.52,0.69,面食,19,不健康
1285,6,2.07,23-27,男,0.66,0.47,0.81,0.16,无特殊要求,低,炒菜,0.45,0.52,0.52,0.69,面食,7,不健康
1077,9,2.03,18-22,女,0.38,0.85,0.38,0.74,无特殊要求,低,小吃,0.33,0.38,0.93,0.21,蔬菜,12,不健康
1059,4,4.62,23-27,女,0.26,0.3,0.55,0.22,无特殊要求,低,主食,0.37,0.27,0.39,0.16,牛肉,7,健康
1431,12,2.01,28-35,男,0.52,0.37,0.8,0.45,素食,低,小吃,0.74,0.02,0.65,0.21,猪肉,11,一般
1126,12,4.32,23-27,男,1.0,0.38,0.6,0.86,无特殊要求,低,小吃,0.74,0.02,0.65,0.21,猪肉,11,一般
1500,17,4.28,18-22,女,0.37,0.5,0.92,0.63,荤素搭配,低,汤,0.19,0.85,0.7,0.09,猪肉,6,一般
1401,15,1.94,18-22,男,0.32,0.48,0.6,0.29,无特殊要求,低,炒菜,0.24,0.95,0.36,0.65,鸡肉,7,一般
1109,9,3.36,28-35,男,0.4,0.46,0.82,0.43,素食,低,小吃,0.33,0.38,0.93,0.21,蔬菜,12,不健康
1224,7,3.67,28-35,女,0.27,0.41,0.26,0.98,素食,中,汤,0.05,0.71,0.58,0.2,面食,12,不健康
1496,10,3.67,28-35,男,0.94,0.35,0.96,0.84,素食,高,炒菜,0.1,0.34,0.75,0.63,牛肉,19,不健康
1278,16,4.36,28-35,女,0.22,0.42,0.19,0.01,素食,中,小吃,0.74,0.02,0.96,0.34,面食,11,一般
1068,12,3.68,28-35,男,0.18,0.02,0.73,0.31,素食,高,小吃,0.74,0.02,0.65,0.21,猪肉,11,一般
1069,7,2.81,18-22,男,0.83,0.13,0.39,0.56,无特殊要求,高,汤,0.05,0.71,0.58,0.2,面食,12,不健康
1165,18,1.76,28-35,男,0.94,0.15,0.13,0.08,素食,中,汤,0.12,0.72,0.07,0.92,面食,12,不健康
1489,15,5.0,28-35,男,0.14,0.28,0.59,0.54,素食,中,炒菜,0.24,0.95,0.36,0.65,面食,7,一般
1305,6,5.0,23-27,男,0.47,0.33,0.83,0.46,素食,高,炒菜,0.45,0.52,0.52,0.69,面食,10,不健康
1397,12,5.0,28-35,男,0.17,0.29,0.96,0.41,素食,低,小吃,0.74,0.02,0.65,0.21,猪肉,11,一般
1162,11,2.81,18-22,女,0.28,0.88,0.76,0.56,荤素搭配,高,汤,0.42,0.96,0.73,0.06,面食,13,健康
1365,20,5.0,18-22,女,0.04,0.45,0.35,0.84,荤素搭配,中,主食,0.36,0.78,0.97,0.58,面食,5,不健康
1342,3,4.8,23-27,女,0.43,0.11,0.12,0.59,素食,高,小吃,0.72,0.9,0.76,0.05,蔬菜,19,不健康
1309,2,5.0,18-22,女,0.24,0.83,0.61,0.91,荤素搭配,中,主食,0.02,0.44,0.25,0.68,猪肉,18,健康
1379,6,4.98,28-35,女,0.06,0.56,0.08,0.9,素食,低,炒菜,0.45,0.52,0.52,0.69,面食,7,不健康
1343,5,5.0,23-27,女,0.34,0.03,0.54,0.39,素食,低,汤,0.1,0.52,0.72,0.7,面食,14,一般
1435,18,2.79,23-27,女,0.04,0.27,0.31,0.53,素食,低,汤,0.12,0.72,0.07,0.92,蔬菜,12,不健康
1387,16,4.38,28-35,男,0.14,0.17,0.05,0.66,素食,中,小吃,0.74,0.02,0.96,0.34,牛肉,11,一般
1042,8,3.02,28-35,女,0.24,0.8,0.43,0.92,素食,中,小吃,0.05,0.11,0.52,0.76,猪肉,9,健康
1354,20,5.0,18-22,女,0.43,0.74,0.86,0.94,无特殊要求,高,主食,0.36,0.78,0.97,0.58,面食,10,不健康
1416,11,4.16,28-35,女,0.18,0.58,0.67,0.71,素食,中,汤,0.42,0.96,0.73,0.06,牛肉,6,健康
1109,10,4.26,28-35,男,0.4,0.01,0.82,0.43,素食,低,炒菜,0.1,0.34,0.75,0.63,牛肉,9,不健康
1051,12,3.72,28-35,女,0.42,0.51,0.4,0.12,素食,低,小吃,0.74,0.02,0.65,0.21,面食,11,一般
1250,6,5.0,23-27,男,0.76,0.07,0.01,0.9,无特殊要求,中,炒菜,0.45,0.52,0.52,0.69,面食,7,不健康
1497,20,3.06,28-35,男,0.36,0.07,0.57,0.56,素食,中,主食,0.36,0.78,0.97,0.58,面食,5,不健康
1341,5,5.0,23-27,男,0.06,0.48,0.13,0.97,素食,中,汤,0.1,0.52,0.72,0.7,蔬菜,14,一般
1430,9,1.9,18-22,男,0.94,0.43,0.36,0.44,荤素搭配,中,小吃,0.33,0.38,0.93,0.21,蔬菜,12,不健康
1383,16,5.0,18-22,女,0.47,0.23,0.59,0.92,无特殊要求,低,小吃,0.74,0.02,0.96,0.34,牛肉,11,一般
1492,14,5.0,28-35,男,0.43,0.39,0.84,0.22,素食,高,小吃,0.62,0.29,0.92,0.78,面食,11,健康
1021,8,3.88,18-22,女,0.34,0.44,0.71,0.59,无特殊要求,中,小吃,0.05,0.11,0.52,0.76,面食,9,健康
1300,20,3.97,23-27,男,0.27,0.12,0.07,0.04,无特殊要求,低,主食,0.36,0.78,0.97,0.58,面食,5,不健康
1139,19,2.94,23-27,男,0.51,0.45,0.11,0.57,素食,中,小吃,0.74,0.34,0.36,0.51,蔬菜,18,不健康
1359,14,5.0,28-35,女,0.22,0.4,0.68,0.76,素食,低,小吃,0.62,0.29,0.92,0.78,猪肉,11,健康
1324,7,5.0,18-22,男,0.84,0.05,0.02,0.19,荤素搭配,高,汤,0.05,0.71,0.58,0.2,面食,12,不健康
1499,5,4.78,28-35,男,0.19,0.0,0.51,0.56,素食,低,汤,0.1,0.52,0.72,0.7,牛肉,14,一般
1385,18,4.76,28-35,男,0.19,0.36,0.25,0.09,素食,高,汤,0.12,0.72,0.07,0.92,猪肉,12,不健康
1092,2,3.65,18-22,男,0.44,0.09,0.29,0.78,荤素搭配,高,主食,0.02,0.44,0.25,0.68,猪肉,18,健康
1447,11,5.0,23-27,男,0.52,0.07,0.11,0.38,荤素搭配,低,汤,0.42,0.96,0.73,0.06,牛肉,6,健康
1280,8,2.06,23-27,女,0.17,0.2,0.79,0.78,无特殊要求,中,小吃,0.05,0.11,0.52,0.76,猪肉,9,健康
1125,1,3.6,28-35,男,0.35,0.15,0.64,0.95,素食,低,主食,0.71,0.15,0.46,0.04,鸡肉,15,健康
1483,12,5.0,28-35,女,0.4,0.94,0.0,0.89,素食,低,小吃,0.74,0.02,0.65,0.21,猪肉,11,一般
1397,2,2.87,28-35,男,0.17,0.08,0.96,0.41,素食,低,主食,0.02,0.44,0.25,0.68,猪肉,8,健康
1111,18,3.45,18-22,女,0.4,0.02,0.81,0.36,荤素搭配,中,汤,0.12,0.72,0.07,0.92,蔬菜,12,不健康
1354,7,3.24,18-22,女,0.0,0.74,0.86,0.94,荤素搭配,高,汤,0.05,0.71,0.58,0.2,面食,12,不健康
1139,17,3.81,23-27,男,0.51,0.18,0.11,0.57,素食,中,汤,0.19,0.85,0.7,0.09,蔬菜,19,一般
1484,14,4.87,28-35,女,0.07,0.95,0.28,0.38,素食,低,小吃,0.62,0.29,0.92,0.78,面食,11,健康
1435,7,5.0,23-27,女,0.39,0.27,0.31,0.53,素食,低,汤,0.05,0.71,0.58,0.2,面食,12,不健康
1273,3,3.54,23-27,女,0.21,0.49,0.6,0.1,荤素搭配,高,小吃,0.72,0.9,0.76,0.05,蔬菜,19,不健康
1099,6,4.59,23-27,男,0.66,0.39,0.84,0.95,荤素搭配,高,炒菜,0.45,0.52,0.52,0.69,面食,16,不健康
1252,20,4.28,28-35,女,0.09,0.99,0.98,0.64,素食,低,主食,0.36,0.78,0.97,0.58,面食,5,不健康
1338,2,4.07,23-27,男,0.53,0.34,0.64,0.88,荤素搭配,中,主食,0.02,0.44,0.25,0.68,猪肉,18,健康
1104,17,3.69,23-27,女,0.14,0.55,0.27,0.07,荤素搭配,中,汤,0.19,0.85,0.7,0.09,猪肉,19,一般
1214,12,2.07,18-22,男,0.56,0.46,0.79,0.58,荤素搭配,中,小吃,0.74,0.02,0.65,0.21,猪肉,11,一般
1249,12,2.05,23-27,男,0.68,0.32,0.79,0.13,荤素搭配,低,小吃,0.74,0.02,0.65,0.21,猪肉,11,一般
1152,17,1.47,23-27,女,0.16,0.19,0.16,0.24,荤素搭配,中,汤,0.19,0.85,0.7,0.09,猪肉,19,一般
1250,10,2.67,23-27,男,0.76,0.07,0.01,0.9,无特殊要求,中,炒菜,0.1,0.34,0.75,0.63,牛肉,19,不健康
1275,3,5.0,28-35,男,0.63,0.45,0.27,0.51,素食,低,小吃,0.72,0.9,0.76,0.05,蔬菜,11,不健康
1165,20,4.13,28-35,男,0.94,0.22,0.13,0.08,素食,中,主食,0.36,0.78,0.97,0.58,面食,5,不健康
1487,18,5.0,28-35,女,0.05,0.0,0.35,0.24,素食,高,汤,0.12,0.72,0.07,0.92,猪肉,12,不健康
1341,13,1.66,23-27,男,0.06,0.1,0.13,0.97,素食,中,汤,0.7,0.31,0.87,0.34,蔬菜,13,一般
1008,12,3.06,28-35,男,0.51,0.22,0.88,0.46,素食,高,小吃,0.74,0.02,0.65,0.21,面食,11,一般
1284,17,2.84,28-35,男,0.15,0.28,0.32,0.34,素食,中,汤,0.19,0.85,0.7,0.09,猪肉,19,一般
1005,4,2.73,28-35,女,0.33,0.41,0.42,0.7,素食,中,主食,0.37,0.27,0.39,0.16,面食,19,健康
1145,10,5.0,28-35,男,0.73,0.44,0.87,0.87,素食,高,炒菜,0.1,0.34,0.75,0.63,牛肉,19,不健康
1101,11,5.0,18-22,男,0.17,0.03,0.39,0.9,无特殊要求,高,汤,0.42,0.96,0.73,0.06,牛肉,12,健康
1164,6,2.38,23-27,女,0.11,0.91,0.01,0.81,素食,高,炒菜,0.45,0.52,0.52,0.69,面食,12,不健康
1374,6,5.0,23-27,女,0.14,0.49,0.26,0.75,素食,高,炒菜,0.45,0.52,0.52,0.69,面食,14,不健康
1147,9,1.65,23-27,男,0.01,0.23,0.18,0.47,荤素搭配,低,小吃,0.33,0.38,0.93,0.21,蔬菜,12,不健康
1064,15,5.0,18-22,男,0.87,0.24,0.08,0.63,荤素搭配,中,炒菜,0.24,0.95,0.36,0.65,鸡肉,7,一般
1091,2,5.0,28-35,女,0.5,0.1,0.75,0.28,素食,高,主食,0.02,0.44,0.25,0.68,猪肉,18,健康
1117,4,5.0,28-35,男,0.14,0.23,0.91,0.04,素食,中,主食,0.37,0.27,0.39,0.16,牛肉,19,健康
1354,5,2.72,18-22,女,0.35,0.74,0.86,0.94,无特殊要求,高,汤,0.1,0.52,0.72,0.7,面食,14,一般
1267,17,4.33,18-22,男,0.08,0.19,0.71,0.33,无特殊要求,中,汤,0.19,0.85,0.7,0.09,猪肉,19,一般
1310,8,1.42,18-22,男,0.23,0.12,0.01,0.51,荤素搭配,高,小吃,0.05,0.11,0.52,0.76,面食,14,健康
1173,8,4.02,28-35,女,0.3,0.07,0.9,0.69,素食,高,小吃,0.05,0.11,0.52,0.76,面食,14,健康
1047,12,2.7,28-35,女,0.17,0.65,0.61,0.79,素食,低,小吃,0.74,0.02,0.65,0.21,猪肉,11,一般
1140,8,2.58,23-27,男,0.25,0.43,0.63,0.26,素食,低,小吃,0.05,0.11,0.52,0.76,面食,9,健康
1246,19,2.08,18-22,男,0.61,0.14,0.43,0.59,无特殊要求,中,小吃,0.74,0.34,0.36,0.51,面食,18,不健康
1149,3,3.74,18-22,男,0.4,0.18,0.36,0.37,荤素搭配,低,小吃,0.72,0.9,0.76,0.05,蔬菜,13,不健康
1246,18,4.01,18-22,男,0.61,0.46,0.43,0.59,无特殊要求,中,汤,0.12,0.72,0.07,0.92,蔬菜,12,不健康
1395,19,3.68,23-27,女,0.25,0.54,0.8,0.04,荤素搭配,中,小吃,0.74,0.34,0.36,0.51,鸡肉,18,不健康
1487,19,2.29,28-35,女,0.05,0.0,0.35,0.24,素食,高,小吃,0.74,0.34,0.36,0.51,鸡肉,18,不健康
1476,15,2.34,18-22,女,0.22,0.97,0.17,0.22,荤素搭配,低,炒菜,0.24,0.95,0.36,0.65,面食,7,一般
1005,6,5.0,28-35,女,0.29,0.41,0.42,0.7,素食,中,炒菜,0.45,0.52,0.52,0.69,面食,7,不健康
1465,16,4.51,28-35,男,0.97,0.36,0.6,0.61,素食,中,小吃,0.74,0.02,0.96,0.34,牛肉,11,一般
1184,8,3.28,28-35,女,0.48,0.09,0.13,0.24,素食,高,小吃,0.05,0.11,0.52,0.76,猪肉,15,健康
1020,16,4.54,23-27,女,0.01,0.88,0.2,0.95,无特殊要求,高,小吃,0.74,0.02,0.96,0.34,牛肉,11,一般
1425,18,2.29,18-22,女,0.18,0.86,0.6,0.57,无特殊要求,低,汤,0.12,0.72,0.07,0.92,猪肉,12,不健康
1046,20,4.47,28-35,女,0.31,0.99,0.41,0.01,素食,中,主食,0.36,0.78,0.97,0.58,面食,5,不健康
1012,16,2.53,23-27,女,0.23,0.9,0.9,0.33,荤素搭配,高,小吃,0.74,0.02,0.96,0.34,牛肉,11,一般
1070,11,3.72,28-35,女,0.23,0.17,0.4,0.34,素食,低,汤,0.42,0.96,0.73,0.06,牛肉,6,健康
1017,7,5.0,28-35,女,0.09,0.56,0.11,0.14,素食,低,汤,0.05,0.71,0.58,0.2,面食,12,不健康
1371,17,3.96,23-27,男,0.17,0.35,0.43,0.59,无特殊要求,高,汤,0.19,0.85,0.7,0.09,猪肉,19,一般
1147,17,5.0,23-27,男,0.01,0.5,0.18,0.47,荤素搭配,低,汤,0.19,0.85,0.7,0.09,猪肉,14,一般
1154,12,1.77,28-35,女,0.31,0.92,0.66,0.44,素食,低,小吃,0.74,0.02,0.65,0.21,蔬菜,11,一般
1304,13,3.99,23-27,女,0.37,0.98,0.43,0.15,荤素搭配,高,汤,0.7,0.31,0.87,0.34,蔬菜,13,一般
1108,10,3.01,23-27,女,0.38,0.61,0.62,0.48,荤素搭配,高,炒菜,0.1,0.34,0.75,0.63,牛肉,19,不健康
1236,7,2.32,18-22,男,0.01,0.13,0.25,0.43,荤素搭配,低,汤,0.05,0.71,0.58,0.2,面食,12,不健康
1308,14,5.0,28-35,男,0.95,0.48,0.33,0.18,素食,中,小吃,0.62,0.29,0.92,0.78,面食,11,健康
1352,1,2.23,28-35,女,0.03,0.26,0.28,0.91,素食,低,主食,0.71,0.15,0.46,0.04,鸡肉,15,健康
1070,17,5.0,28-35,女,0.41,0.17,0.4,0.34,素食,低,汤,0.19,0.85,0.7,0.09,猪肉,9,一般
1183,4,2.46,23-27,男,0.19,0.15,0.42,0.09,荤素搭配,高,主食,0.37,0.27,0.39,0.16,牛肉,19,健康
1250,5,2.75,23-27,男,0.76,0.07,0.01,0.9,无特殊要求,中,汤,0.1,0.52,0.72,0.7,牛肉,14,一般
1228,20,3.63,28-35,男,0.08,0.47,0.8,0.79,素食,低,主食,0.36,0.78,0.97,0.58,面食,5,不健康
1102,7,3.73,23-27,女,0.24,0.21,0.97,0.03,无特殊要求,低,汤,0.05,0.71,0.58,0.2,面食,12,不健康
1075,10,5.0,28-35,男,0.34,0.39,0.84,0.88,素食,中,炒菜,0.1,0.34,0.75,0.63,牛肉,19,不健康
1417,17,1.62,28-35,女,0.23,0.37,0.08,0.96,素食,低,汤,0.19,0.85,0.7,0.09,猪肉,9,一般
1446,7,4.52,28-35,女,0.01,0.46,0.02,0.91,素食,高,汤,0.05,0.71,0.58,0.2,面食,12,不健康
1216,1,5.0,23-27,男,0.98,0.5,0.32,0.46,素食,低,主食,0.71,0.15,0.46,0.04,面食,15,健康
1407,7,3.57,23-27,女,0.17,0.37,0.42,0.3,荤素搭配,中,汤,0.05,0.71,0.58,0.2,面食,12,不健康
1399,11,3.8,18-22,男,0.43,0.13,0.06,0.7,无特殊要求,高,汤,0.42,0.96,0.73,0.06,牛肉,15,健康
1411,9,2.85,18-22,女,0.26,0.08,0.52,0.23,荤素搭配,中,小吃,0.33,0.38,0.93,0.21,蔬菜,12,不健康
1203,12,3.04,18-22,男,0.62,0.07,0.84,0.17,荤素搭配,中,小吃,0.74,0.02,0.65,0.21,猪肉,11,一般
1192,3,5.0,18-22,男,0.32,0.39,0.62,0.16,荤素搭配,高,小吃,0.72,0.9,0.76,0.05,蔬菜,19,不健康
1249,4,3.67,23-27,男,0.68,0.32,0.79,0.13,荤素搭配,低,主食,0.37,0.27,0.39,0.16,牛肉,6,健康
1499,4,1.36,28-35,男,0.19,0.0,0.51,0.56,素食,低,主食,0.37,0.27,0.39,0.16,牛肉,12,健康
1242,13,5.0,23-27,男,0.88,0.04,0.99,0.66,素食,低,汤,0.7,0.31,0.87,0.34,蔬菜,13,一般
1465,19,4.37,28-35,男,0.97,0.36,0.6,0.61,素食,中,小吃,0.74,0.34,0.36,0.51,鸡肉,18,不健康
1179,10,1.6,18-22,女,0.06,0.82,0.23,0.1,无特殊要求,中,炒菜,0.1,0.34,0.75,0.63,牛肉,19,不健康
1437,5,1.91,28-35,女,0.06,0.62,0.29,0.42,素食,高,汤,0.1,0.52,0.72,0.7,面食,14,一般
1462,7,5.0,18-22,女,0.41,1.0,0.58,0.04,无特殊要求,高,汤,0.05,0.71,0.58,0.2,面食,12,不健康
1219,16,2.2,28-35,男,0.76,0.34,0.63,0.05,素食,高,小吃,0.74,0.02,0.96,0.34,蔬菜,11,一般
1082,1,5.0,28-35,男,0.08,0.37,0.13,0.39,素食,中,主食,0.71,0.15,0.46,0.04,鸡肉,15,健康
1092,12,1.68,18-22,男,0.44,0.09,0.29,0.78,荤素搭配,高,小吃,0.74,0.02,0.65,0.21,猪肉,11,一般
1435,2,5.0,23-27,女,0.2,0.27,0.31,0.53,素食,低,主食,0.02,0.44,0.25,0.68,蔬菜,5,健康
1175,7,2.11,18-22,女,0.42,0.7,0.76,0.78,荤素搭配,中,汤,0.05,0.71,0.58,0.2,面食,12,不健康
1239,11,2.92,28-35,女,0.15,0.38,0.63,0.55,素食,高,汤,0.42,0.96,0.73,0.06,牛肉,10,健康
1260,13,1.78,18-22,男,0.93,0.09,0.11,0.03,荤素搭配,高,汤,0.7,0.31,0.87,0.34,蔬菜,13,一般
1391,2,5.0,28-35,女,0.27,0.3,0.36,0.72,素食,中,主食,0.02,0.44,0.25,0.68,面食,18,健康
1365,7,1.72,18-22,女,0.04,0.45,0.35,0.84,荤素搭配,中,汤,0.05,0.71,0.58,0.2,面食,12,不健康
1163,15,2.18,18-22,女,0.12,0.53,0.36,0.79,无特殊要求,高,炒菜,0.24,0.95,0.36,0.65,鸡肉,13,一般
1048,11,2.36,23-27,女,0.25,0.76,0.69,0.32,无特殊要求,低,汤,0.42,0.96,0.73,0.06,牛肉,6,健康
1329,2,5.0,18-22,男,0.6,0.05,0.84,0.65,荤素搭配,高,主食,0.02,0.44,0.25,0.68,蔬菜,18,健康
1328,7,2.02,23-27,男,0.43,0.47,0.99,0.43,荤素搭配,低,汤,0.05,0.71,0.58,0.2,面食,12,不健康
1116,4,4.56,23-27,男,0.83,0.4,0.02,0.34,素食,高,主食,0.37,0.27,0.39,0.16,面食,19,健康
1429,11,5.0,18-22,女,0.41,0.87,0.21,0.43,无特殊要求,低,汤,0.42,0.96,0.73,0.06,蔬菜,6,健康
1337,2,5.0,23-27,女,0.13,0.29,0.66,0.61,荤素搭配,中,主食,0.02,0.44,0.25,0.68,猪肉,18,健康
1337,16,2.94,23-27,女,0.13,0.29,0.66,0.61,荤素搭配,中,小吃,0.74,0.02,0.96,0.34,牛肉,11,一般
1369,7,5.0,23-27,男,0.25,0.36,0.75,0.4,荤素搭配,高,汤,0.05,0.71,0.58,0.2,面食,12,不健康
1225,13,4.65,28-35,男,0.8,0.3,0.85,0.76,素食,中,汤,0.7,0.31,0.87,0.34,蔬菜,13,一般
1352,5,4.98,28-35,女,0.03,0.26,0.28,0.91,素食,低,汤,0.1,0.52,0.72,0.7,牛肉,14,一般
1328,17,4.21,23-27,男,0.43,0.47,0.99,0.43,荤素搭配,低,汤,0.19,0.85,0.7,0.09,猪肉,10,一般
1147,12,5.0,23-27,男,0.01,0.07,0.18,0.47,荤素搭配,低,小吃,0.74,0.02,0.65,0.21,猪肉,11,一般
1063,19,2.79,18-22,男,0.1,0.42,0.31,0.91,荤素搭配,中,小吃,0.74,0.34,0.36,0.51,蔬菜,18,不健康
1294,7,3.7,28-35,男,0.9,0.31,0.57,0.5,素食,低,汤,0.05,0.71,0.58,0.2,面食,12,不健康
1323,6,4.6,23-27,女,0.04,0.66,0.54,0.77,素食,中,炒菜,0.45,0.52,0.52,0.69,面食,7,不健康
1443,8,4.19,28-35,男,0.71,0.06,0.04,0.17,素食,低,小吃,0.05,0.11,0.52,0.76,猪肉,9,健康
1325,13,4.65,28-35,男,0.65,0.38,0.98,0.67,素食,低,汤,0.7,0.31,0.87,0.34,蔬菜,13,一般
1013,5,5.0,23-27,男,0.95,0.02,0.38,0.9,荤素搭配,低,汤,0.1,0.52,0.72,0.7,牛肉,14,一般
1431,2,5.0,28-35,男,0.52,0.17,0.8,0.45,素食,低,主食,0.02,0.44,0.25,0.68,猪肉,8,健康
1494,9,5.0,18-22,女,0.47,0.09,0.05,0.11,荤素搭配,低,小吃,0.33,0.38,0.93,0.21,蔬菜,12,不健康
1189,11,5.0,23-27,男,0.91,0.3,0.85,0.31,素食,高,汤,0.42,0.96,0.73,0.06,蔬菜,12,健康
1287,6,3.06,28-35,女,0.11,0.25,0.33,0.54,素食,低,炒菜,0.45,0.52,0.52,0.69,面食,7,不健康
1208,7,4.8,18-22,男,0.54,0.24,0.85,0.56,无特殊要求,低,汤,0.05,0.71,0.58,0.2,面食,12,不健康
1114,7,5.0,18-22,男,0.3,0.26,1.0,0.63,荤素搭配,高,汤,0.05,0.71,0.58,0.2,面食,12,不健康
1480,19,4.53,28-35,男,0.55,0.1,0.02,0.17,素食,低,小吃,0.74,0.34,0.36,0.51,鸡肉,5,不健康
1022,6,5.0,18-22,女,0.32,0.55,0.73,0.04,无特殊要求,高,炒菜,0.45,0.52,0.52,0.69,面食,15,不健康
1349,11,1.88,18-22,女,0.07,0.28,0.48,0.47,荤素搭配,低,汤,0.42,0.96,0.73,0.06,牛肉,6,健康
1214,11,2.76,18-22,男,0.56,0.2,0.79,0.58,荤素搭配,中,汤,0.42,0.96,0.73,0.06,牛肉,6,健康
1171,7,3.78,18-22,男,0.3,0.36,0.4,0.67,荤素搭配,高,汤,0.05,0.71,0.58,0.2,面食,12,不健康
1323,2,2.97,23-27,女,0.26,0.66,0.54,0.77,素食,中,主食,0.02,0.44,0.25,0.68,面食,18,健康
1054,19,2.2,28-35,女,0.45,0.7,0.26,0.94,素食,低,小吃,0.74,0.34,0.36,0.51,鸡肉,12,不健康
1394,4,5.0,28-35,男,0.48,0.14,0.9,0.14,素食,高,主食,0.37,0.27,0.39,0.16,面食,19,健康
1298,6,4.93,23-27,男,0.36,0.45,0.16,0.54,无特殊要求,低,炒菜,0.45,0.52,0.52,0.69,面食,7,不健康
1320,17,4.82,18-22,男,0.06,0.25,0.21,0.39,荤素搭配,中,汤,0.19,0.85,0.7,0.09,面食,19,一般
1126,5,4.33,23-27,男,1.0,0.38,0.6,0.86,无特殊要求,低,汤,0.1,0.52,0.72,0.7,牛肉,14,一般
1277,7,4.6,23-27,男,0.68,0.35,0.31,0.68,荤素搭配,中,汤,0.05,0.71,0.58,0.2,面食,12,不健康
1464,9,1.71,28-35,男,0.28,0.17,0.29,0.19,素食,低,小吃,0.33,0.38,0.93,0.21,蔬菜,12,不健康
1204,1,4.41,23-27,女,0.07,0.4,0.58,0.85,素食,低,主食,0.71,0.15,0.46,0.04,蔬菜,15,健康
1194,1,1.24,18-22,女,0.28,0.14,0.0,0.53,荤素搭配,中,主食,0.71,0.15,0.46,0.04,面食,15,健康
1169,19,1.97,18-22,女,0.43,0.49,0.22,0.17,无特殊要求,低,小吃,0.74,0.34,0.36,0.51,蔬菜,11,不健康
1152,6,2.77,23-27,女,0.12,0.19,0.16,0.24,荤素搭配,中,炒菜,0.45,0.52,0.52,0.69,面食,7,不健康
1035,18,4.3,23-27,女,0.37,0.36,0.95,0.95,素食,中,汤,0.12,0.72,0.07,0.92,面食,12,不健康
1184,10,5.0,28-35,女,0.48,0.09,0.13,0.24,素食,高,炒菜,0.1,0.34,0.75,0.63,牛肉,19,不健康
1286,11,1.57,18-22,女,0.18,0.06,0.19,0.66,无特殊要求,中,汤,0.42,0.96,0.73,0.06,蔬菜,6,健康
1057,1,3.84,18-22,女,0.06,0.98,0.46,0.82,荤素搭配,中,主食,0.71,0.15,0.46,0.04,鸡肉,15,健康
1222,1,5.0,18-22,男,0.24,0.14,0.85,0.62,无特殊要求,中,主食,0.71,0.15,0.46,0.04,鸡肉,15,健康
1303,13,4.87,18-22,女,0.1,0.11,0.57,0.78,荤素搭配,高,汤,0.7,0.31,0.87,0.34,蔬菜,13,一般
1163,5,4.1,18-22,女,0.12,0.53,0.36,0.79,无特殊要求,高,汤,0.1,0.52,0.72,0.7,牛肉,14,一般
1019,20,4.28,18-22,女,0.3,0.26,0.25,0.97,荤素搭配,高,主食,0.36,0.78,0.97,0.58,面食,17,不健康
1370,1,3.68,28-35,女,0.21,0.52,0.92,0.64,素食,低,主食,0.71,0.15,0.46,0.04,面食,15,健康
1264,20,5.0,28-35,男,0.82,0.36,0.41,0.76,素食,低,主食,0.36,0.78,0.97,0.58,面食,5,不健康
1282,3,5.0,23-27,男,0.99,0.37,0.96,0.34,荤素搭配,高,小吃,0.72,0.9,0.76,0.05,蔬菜,19,不健康
1113,18,4.17,23-27,男,0.61,0.38,1.0,0.37,荤素搭配,高,汤,0.12,0.72,0.07,0.92,猪肉,12,不健康
1488,9,2.39,23-27,女,0.06,0.18,0.12,0.91,荤素搭配,中,小吃,0.33,0.38,0.93,0.21,蔬菜,12,不健康
1327,14,2.75,23-27,女,0.25,0.16,0.52,0.79,无特殊要求,低,小吃,0.62,0.29,0.92,0.78,猪肉,11,健康
1030,17,5.0,23-27,男,0.05,0.41,0.31,0.44,无特殊要求,低,汤,0.19,0.85,0.7,0.09,猪肉,11,一般
1135,14,3.0,23-27,男,0.98,0.37,0.16,0.01,无特殊要求,低,小吃,0.62,0.29,0.92,0.78,猪肉,11,健康
1067,4,4.63,18-22,男,0.22,0.38,0.43,0.7,无特殊要求,中,主食,0.37,0.27,0.39,0.16,牛肉,19,健康
1065,5,3.5,23-27,男,0.34,0.33,0.03,0.13,无特殊要求,中,汤,0.1,0.52,0.72,0.7,牛肉,14,一般
1292,17,2.67,28-35,男,0.4,0.37,0.28,0.91,素食,中,汤,0.19,0.85,0.7,0.09,蔬菜,19,一般
1025,2,5.0,28-35,女,0.12,0.02,0.05,0.95,素食,高,主食,0.02,0.44,0.25,0.68,猪肉,18,健康
1037,5,2.13,23-27,女,0.0,0.27,0.6,0.8,荤素搭配,中,汤,0.1,0.52,0.72,0.7,牛肉,14,一般
1001,4,1.26,23-27,女,0.23,0.02,0.38,0.14,荤素搭配,中,主食,0.37,0.27,0.39,0.16,牛肉,19,健康
1399,4,4.45,18-22,男,0.43,0.07,0.06,0.7,无特殊要求,高,主食,0.37,0.27,0.39,0.16,牛肉,19,健康
1037,6,2.0,23-27,女,0.0,0.27,0.6,0.8,荤素搭配,中,炒菜,0.45,0.52,0.52,0.69,面食,7,不健康
1141,20,5.0,23-27,男,0.05,0.01,0.02,0.01,荤素搭配,中,主食,0.36,0.78,0.97,0.58,面食,5,不健康
1232,13,2.41,23-27,女,0.27,0.27,0.11,0.11,素食,高,汤,0.7,0.31,0.87,0.34,蔬菜,13,一般
1136,5,2.58,23-27,男,0.04,0.24,0.11,0.53,荤素搭配,低,汤,0.1,0.52,0.72,0.7,牛肉,14,一般
1389,7,3.57,23-27,女,0.33,0.15,0.62,0.42,素食,中,汤,0.05,0.71,0.58,0.2,面食,12,不健康
1188,20,4.05,23-27,男,0.85,0.16,0.95,0.51,荤素搭配,低,主食,0.36,0.78,0.97,0.58,面食,5,不健康
1128,1,4.63,28-35,男,0.4,0.08,0.7,0.25,素食,中,主食,0.71,0.15,0.46,0.04,鸡肉,15,健康
1201,14,5.0,18-22,男,0.87,0.45,0.98,0.96,无特殊要求,低,小吃,0.62,0.29,0.92,0.78,猪肉,11,健康
1127,4,3.42,23-27,女,0.12,0.69,0.41,0.21,无特殊要求,中,主食,0.37,0.27,0.39,0.16,牛肉,19,健康
1257,17,4.47,18-22,女,0.07,0.11,0.21,0.47,无特殊要求,中,汤,0.19,0.85,0.7,0.09,猪肉,19,一般
1164,14,5.0,23-27,女,0.36,0.91,0.01,0.81,素食,高,小吃,0.62,0.29,0.92,0.78,面食,11,健康
1035,16,5.0,23-27,女,0.35,0.36,0.95,0.95,素食,中,小吃,0.74,0.02,0.96,0.34,蔬菜,11,一般
1194,14,1.63,18-22,女,0.28,0.14,0.0,0.53,荤素搭配,中,小吃,0.62,0.29,0.92,0.78,蔬菜,11,健康
1191,16,4.83,23-27,男,0.1,0.26,0.75,0.09,素食,中,小吃,0.74,0.02,0.96,0.34,蔬菜,11,一般
1104,20,1.78,23-27,女,0.14,0.55,0.27,0.07,荤素搭配,中,主食,0.36,0.78,0.97,0.58,面食,5,不健康
1023,8,2.62,23-27,男,0.01,0.46,0.13,0.66,荤素搭配,低,小吃,0.05,0.11,0.52,0.76,猪肉,9,健康
1265,3,2.06,23-27,女,0.1,0.78,0.37,0.04,无特殊要求,中,小吃,0.72,0.9,0.76,0.05,蔬菜,19,不健康
1290,19,4.72,18-22,女,0.05,0.61,0.15,0.83,无特殊要求,中,小吃,0.74,0.34,0.36,0.51,鸡肉,18,不健康
1430,1,5.0,18-22,男,0.94,0.43,0.36,0.44,荤素搭配,中,主食,0.71,0.15,0.46,0.04,鸡肉,15,健康
1462,2,5.0,18-22,女,0.41,1.0,0.58,0.04,无特殊要求,高,主食,0.02,0.44,0.25,0.68,猪肉,18,健康
1384,15,3.34,28-35,男,0.75,0.33,0.58,0.49,素食,低,炒菜,0.24,0.95,0.36,0.65,蔬菜,7,一般
1260,10,4.22,18-22,男,0.93,0.09,0.11,0.03,荤素搭配,高,炒菜,0.1,0.34,0.75,0.63,牛肉,19,不健康
1414,18,1.81,23-27,女,0.22,0.33,0.96,0.52,荤素搭配,中,汤,0.12,0.72,0.07,0.92,猪肉,12,不健康
1479,14,5.0,23-27,女,0.21,0.65,0.04,0.07,无特殊要求,高,小吃,0.62,0.29,0.92,0.78,猪肉,11,健康
1358,17,4.26,23-27,男,0.22,0.15,0.81,0.41,素食,中,汤,0.19,0.85,0.7,0.09,面食,19,一般
1075,13,5.0,28-35,男,0.34,0.03,0.84,0.88,素食,中,汤,0.7,0.31,0.87,0.34,蔬菜,13,一般
1355,1,4.31,28-35,女,0.2,0.31,0.24,0.36,素食,高,主食,0.71,0.15,0.46,0.04,鸡肉,15,健康
1072,5,4.2,23-27,男,0.29,0.42,0.79,0.55,荤素搭配,低,汤,0.1,0.52,0.72,0.7,牛肉,14,一般
1259,13,5.0,23-27,女,0.24,0.1,0.05,0.86,素食,高,汤,0.7,0.31,0.87,0.34,蔬菜,13,一般
1398,14,4.79,28-35,男,0.95,0.13,0.48,0.67,素食,中,小吃,0.62,0.29,0.92,0.78,面食,11,健康
1188,3,3.97,23-27,男,0.85,0.18,0.95,0.51,荤素搭配,低,小吃,0.72,0.9,0.76,0.05,蔬菜,9,不健康
1461,15,2.86,28-35,女,0.08,0.98,0.52,0.93,素食,低,炒菜,0.24,0.95,0.36,0.65,面食,7,一般
1173,19,1.92,28-35,女,0.3,0.07,0.9,0.69,素食,高,小吃,0.74,0.34,0.36,0.51,面食,18,不健康
1480,17,5.0,28-35,男,0.55,0.1,0.02,0.17,素食,低,汤,0.19,0.85,0.7,0.09,猪肉,11,一般
1290,3,3.74,18-22,女,0.05,0.61,0.15,0.83,无特殊要求,中,小吃,0.72,0.9,0.76,0.05,蔬菜,19,不健康
1045,16,4.99,23-27,女,0.27,0.28,0.48,0.04,素食,低,小吃,0.74,0.02,0.96,0.34,蔬菜,11,一般
1061,14,5.0,23-27,男,0.41,0.02,0.86,0.17,荤素搭配,中,小吃,0.62,0.29,0.92,0.78,猪肉,11,健康
1083,12,5.0,28-35,男,0.85,0.04,0.51,0.59,素食,低,小吃,0.74,0.02,0.65,0.21,蔬菜,11,一般
1123,12,3.05,18-22,女,0.33,0.46,0.93,0.9,荤素搭配,中,小吃,0.74,0.02,0.65,0.21,猪肉,11,一般
1358,11,3.4,23-27,男,0.22,0.39,0.81,0.41,素食,中,汤,0.42,0.96,0.73,0.06,面食,6,健康
1016,17,5.0,28-35,女,0.2,0.93,0.26,0.15,素食,中,汤,0.19,0.85,0.7,0.09,蔬菜,19,一般
1066,8,5.0,23-27,女,0.17,0.21,0.86,0.06,无特殊要求,高,小吃,0.05,0.11,0.52,0.76,猪肉,11,健康
1424,17,2.95,23-27,男,0.01,0.05,0.27,0.04,荤素搭配,高,汤,0.19,0.85,0.7,0.09,猪肉,19,一般
1145,20,4.13,28-35,男,0.73,0.32,0.87,0.87,素食,高,主食,0.36,0.78,0.97,0.58,面食,14,不健康
1375,11,2.09,23-27,男,0.72,0.14,0.88,0.18,无特殊要求,高,汤,0.42,0.96,0.73,0.06,牛肉,17,健康
1162,2,1.98,18-22,女,0.0,0.88,0.76,0.56,荤素搭配,高,主食,0.02,0.44,0.25,0.68,蔬菜,18,健康
1234,10,5.0,28-35,女,0.29,0.6,0.96,0.67,素食,低,炒菜,0.1,0.34,0.75,0.63,牛肉,7,不健康
1380,10,3.54,23-27,男,0.91,0.37,0.93,0.81,无特殊要求,高,炒菜,0.1,0.34,0.75,0.63,牛肉,19,不健康
1144,11,3.03,28-35,男,0.68,0.3,0.56,0.71,素食,低,汤,0.42,0.96,0.73,0.06,蔬菜,6,健康
1358,6,4.18,23-27,男,0.22,0.14,0.81,0.41,素食,中,炒菜,0.45,0.52,0.52,0.69,面食,7,不健康
1188,4,5.0,23-27,男,0.85,0.13,0.95,0.51,荤素搭配,低,主食,0.37,0.27,0.39,0.16,牛肉,9,健康
1322,12,5.0,23-27,女,0.21,0.34,0.13,0.07,素食,中,小吃,0.74,0.02,0.65,0.21,蔬菜,11,一般
1450,11,3.73,23-27,女,0.37,0.01,0.69,0.98,荤素搭配,高,汤,0.42,0.96,0.73,0.06,牛肉,13,健康
1474,13,3.71,18-22,女,0.46,0.2,0.3,0.2,荤素搭配,中,汤,0.7,0.31,0.87,0.34,蔬菜,13,一般
1013,5,2.01,23-27,男,0.95,0.02,0.38,0.9,荤素搭配,低,汤,0.1,0.52,0.72,0.7,牛肉,14,一般
1184,6,5.0,28-35,女,0.48,0.09,0.13,0.24,素食,高,炒菜,0.45,0.52,0.52,0.69,面食,16,不健康
1111,1,5.0,18-22,女,0.4,0.02,0.81,0.36,无特殊要求,中,主食,0.71,0.15,0.46,0.04,面食,15,健康
1415,6,4.09,23-27,女,0.4,0.52,0.78,0.34,荤素搭配,中,炒菜,0.45,0.52,0.52,0.69,面食,7,不健康
1290,18,5.0,18-22,女,0.05,0.61,0.15,0.83,无特殊要求,中,汤,0.12,0.72,0.07,0.92,猪肉,12,不健康
1295,9,4.69,28-35,女,0.49,0.46,0.21,0.76,素食,低,小吃,0.33,0.38,0.93,0.21,蔬菜,12,不健康
1451,15,1.82,28-35,男,0.97,0.16,0.18,0.57,素食,中,炒菜,0.24,0.95,0.36,0.65,鸡肉,7,一般
